Price,Close,Close,Close,Close,Close,Close,Close,Close,Volume,Volume,Volume,Volume,Volume,Volume,Volume,Volume
Ticker,AAPL,AMZN,GOOGL,META,MSFT,NVDA,SPY,TSLA,AAPL,AMZN,GOOGL,META,MSFT,NVDA,SPY,TSLA
Date,,,,,,,,,,,,,,,,
2012-06-01,16.77900505065918,10.41100025177002,14.15410327911377,27.47869110107422,22.43269920349121,0.27395087480545044,100.00614166259766,1.8766670227050781,520987600,79030000.0,122193684.0,41855500.0,56634300,440984000.0,253240900,13287000.0
2012-06-04,16.877702713012695,10.728500366210938,14.342748641967773,26.665830612182617,22.511545181274414,0.2682340741157532,99.9593276977539,1.858667016029358,556995600,85992000.0,97210692.0,35230300.0,47926300,432856000.0,202545800,15463500.0
2012-06-05,16.834030151367188,10.660499572753906,14.139972686767578,25.644798278808594,22.480003356933594,0.2760089337825775,100.71623229980469,1.8606669902801514,388214400,70878000.0,93502404.0,42473400.0,45715400,365224000.0,164149400,9463500.0
2012-06-06,17.0921573638916,10.881999969482422,14.391830444335938,26.576614379882812,23.142332077026367,0.2833263874053955,102.97917175292969,1.9479999542236328,401455600,54202000.0,83748168.0,61489200.0,46860500,368968000.0,184202800,13648500.0
2012-06-07,17.099933624267578,10.9399995803833,14.333823204040527,26.080970764160156,23.04772186279297,0.27189281582832336,103.04157257080078,1.9286669492721558,379766800,70078000.0,70269660.0,26159500.0,37792800,526780000.0,184772700,7381500.0
2012-06-08,17.357158660888672,10.923999786376953,14.3888578414917,26.864093780517578,23.378889083862305,0.27715229988098145,103.86091613769531,2.0053329467773438,347516400,57540000.0,56359584.0,38034000.0,42551100,370308000.0,143915400,13216500.0
2012-06-11,17.08348274230957,10.824999809265137,14.09262466430664,26.77487564086914,22.78752326965332,0.2803536653518677,102.54216003417969,1.9413330554962158,591264800,74982000.0,106337556.0,28219600.0,46361900,839080000.0,169756100,9540000.0
2012-06-12,17.23273277282715,10.821000099182129,14.008341789245605,27.161476135253906,23.09502410888672,0.2860706150531769,103.720458984375,1.9773329496383667,435380400,56666000.0,128839032.0,15816800.0,35337900,496128000.0,181931800,8535000.0
2012-06-13,17.113096237182617,10.736499786376953,13.90893840789795,27.03261375427246,22.968868255615234,0.2785243093967438,103.05718994140625,1.9846669435501099,293580000,46504000.0,78089832.0,17102800.0,32984600,494276000.0,172223900,12661500.0
2012-06-14,17.094253540039062,10.72249984741211,13.858366012573242,28.043733596801758,23.134450912475586,0.27509427070617676,104.1496353149414,1.9593329429626465,345573200,61218000.0,93702204.0,16855000.0,39458900,589884000.0,230615500,13083000.0
2012-06-15,17.172019958496094,10.917499542236328,13.9937162399292,29.748760223388672,23.670623779296875,0.2810397446155548,105.21480560302734,1.99399995803833,335255200,75704000.0,119927952.0,43563800.0,62314400,385288000.0,169444500,9702000.0
2012-06-18,17.520469665527344,11.133000373840332,14.150880813598633,31.136573791503906,23.528705596923828,0.2835552394390106,105.4187240600586,2.122667074203491,440412000,67392000.0,99776124.0,42978900.0,58679900,304424000.0,131360900,18852000.0
2012-06-19,17.569211959838867,11.201499938964844,14.415627479553223,31.632217407226562,24.206802368164062,0.3027637004852295,106.43844604492188,2.1393330097198486,361404400,54332000.0,82964952.0,30849000.0,75725800,960476000.0,137382600,13666500.0
2012-06-20,17.519271850585938,11.151000022888184,14.315974235534668,31.324918746948242,24.38815689086914,0.307565838098526,106.26585388183594,2.252000093460083,358943200,48888000.0,93774132.0,15553600.0,36257100,972720000.0,206451800,51336000.0
2012-06-21,17.277896881103516,11.028499603271484,14.011068344116211,31.562828063964844,23.76524543762207,0.29361680150032043,103.88138580322266,2.1459999084472656,326351200,56860000.0,80371548.0,21875300.0,48456600,516376000.0,205272200,28378500.0
2012-06-22,17.410398483276367,11.107999801635742,14.166496276855469,32.76229476928711,24.206802368164062,0.297275573015213,104.68144989013672,2.25266695022583,284471600,43750000.0,89026884.0,74834000.0,45098100,865360000.0,130029200,45699000.0
2012-06-25,17.071514129638672,11.003499984741211,13.899270057678223,31.780914306640625,23.55235481262207,0.2878998816013336,103.00293731689453,2.2073330879211426,304382400,47646000.0,63200736.0,24352900.0,42217200,494616000.0,146375700,22477500.0
2012-06-26,17.109210968017578,11.280500411987305,13.997930526733398,32.81185531616211,23.670623779296875,0.291101336479187,103.52055358886719,2.107332944869995,276536400,75082000.0,53953992.0,24858700.0,38421300,437152000.0,141634000,39208500.0
2012-06-27,17.183082580566406,11.281000137329102,14.112457275390625,31.949432373046875,23.788904190063477,0.30047693848609924,104.45399475097656,2.130666971206665,202997200,55984000.0,67624308.0,28568000.0,33781700,506064000.0,108088000,15708000.0
2012-06-28,17.02007293701172,11.065500259399414,13.988760948181152,31.08700942993164,23.583885192871094,0.3027637004852295,104.1559066772461,2.0940001010894775,282836400,59896000.0,76759164.0,17713300.0,45328400,545896000.0,169242100,13711500.0
2012-06-29,17.46722412109375,11.417499542236328,14.379433631896973,30.829269409179688,24.12006950378418,0.3160267472267151,106.75215911865234,2.0859999656677246,421500800,72288000.0,100679220.0,19526900.0,55227200,616508000.0,212250900,16887000.0
2012-07-02,17.722055435180664,11.465999603271484,14.389350891113281,30.502140045166016,24.096416473388672,0.307565838098526,107.07374572753906,2.0266671180725098,400092000,46614000.0,66153780.0,14122000.0,30589100,581684000.0,129524500,19734000.0
2012-07-03,17.928129196166992,11.476499557495117,14.571800231933594,30.928401947021484,24.254114151000977,0.3155694305896759,107.77969360351562,2.0439999103546143,241712800,26634000.0,47532420.0,8763600.0,20938100,219284000.0,80450000,14205000.0
2012-07-05,18.243078231811523,11.352999687194824,14.772345542907715,31.196048736572266,24.206802368164062,0.31236809492111206,107.29335021972656,2.0820000171661377,484383200,53646000.0,93742164.0,10032100.0,28801900,280076000.0,126177500,18807000.0
2012-07-06,18.121641159057617,11.2524995803833,14.525938034057617,31.453784942626953,23.804677963256836,0.306422621011734,106.27371215820312,2.065999984741211,418930400,64064000.0,86385528.0,10945600.0,38294800,382760000.0,151192100,11767500.0
2012-07-09,18.36122703552246,11.2524995803833,14.526681900024414,31.889955520629883,23.654861450195312,0.3023063540458679,106.1404037475586,2.0993330478668213,379405600,38440000.0,68535396.0,17785200.0,30680800,306336000.0,103780500,13657500.0
2012-07-10,18.191333770751953,10.975000381469727,14.419842720031738,31.196048736572266,23.44985008239746,0.293159544467926,105.21480560302734,2.0846669673919678,511957600,59642000.0,76847076.0,14269500.0,37534100,512028000.0,167884800,11376000.0
2012-07-11,18.078277587890625,10.918499946594238,14.159309387207031,30.700401306152344,23.102916717529297,0.28835731744766235,105.23052978515625,2.1006669998168945,469322000,54694000.0,139832028.0,13030300.0,39184900,485216000.0,141733400,9579000.0
2012-07-12,17.912872314453125,10.767999649047852,14.141707420349121,30.541793823242188,22.574623107910156,0.2835552394390106,104.7206802368164,2.180000066757202,428041600,52324000.0,92299608.0,11300700.0,63523600,472160000.0,143583200,16885500.0
2012-07-13,18.09442901611328,10.919500350952148,14.291433334350586,30.452577590942383,23.173877716064453,0.28721389174461365,106.47763061523438,2.2833330631256104,311427200,44438000.0,78960960.0,8108300.0,39085000,324260000.0,129642600,19572000.0
2012-07-16,18.152450561523438,10.80049991607666,14.251771926879883,28.004079818725586,23.21330451965332,0.28812867403030396,106.22664642333984,2.3973329067230225,301260400,40084000.0,58445496.0,24672100.0,27900600,334460000.0,97525200,26160000.0
2012-07-17,18.153352737426758,10.846500396728516,14.29664134979248,27.845470428466797,23.386770248413086,0.28286924958229065,106.95612335205078,2.2233328819274902,293624800,39740000.0,67136796.0,30438600.0,33771300,447476000.0,138860300,38539500.0
2012-07-18,18.13300895690918,10.873499870300293,14.3965425491333,28.856595993041992,24.00968360900879,0.29864761233329773,107.74828338623047,2.1433329582214355,252700000,41860000.0,61866072.0,16841800.0,41090400,616008000.0,113349700,43228500.0
2012-07-19,18.374080657958984,11.308500289916992,14.701446533203125,28.74755096435547,24.183149337768555,0.30162036418914795,108.03069305419922,2.1513330936431885,436861600,108988000.0,186801012.0,13685100.0,46663200,403036000.0,129847300,21538500.0
2012-07-20,18.07439422607422,11.41450023651123,15.141701698303223,28.509641647338867,23.749481201171875,0.2929307222366333,107.04241943359375,2.119333028793335,397471200,83400000.0,258289452.0,11869100.0,64021700,451000000.0,142904500,23527500.0
2012-07-23,18.06032943725586,11.30049991607666,15.257963180541992,28.499725341796875,23.087146759033203,0.29681816697120667,105.95995330810547,2.0439999103546143,487975600,110302000.0,142325532.0,12390700.0,55151900,451584000.0,145210900,20802000.0
2012-07-24,17.973297119140625,11.152000427246094,15.061137199401855,28.202341079711914,22.984636306762695,0.29361680150032043,105.05008697509766,1.9893330335617065,565132400,100174000.0,80295624.0,11539800.0,47723300,351164000.0,173301200,22504500.0
2012-07-25,17.197139739990234,10.852499961853027,15.07154655456543,29.084592819213867,22.73232078552246,0.29933372139930725,105.0736312866211,1.9299999475479126,877312800,72934000.0,72847080.0,17230200.0,45579500,415044000.0,129122300,42633000.0
2012-07-26,17.19445037841797,11.000499725341797,15.204666137695312,26.616268157958984,22.99251937866211,0.30070579051971436,106.80706787109375,1.8753329515457153,406632800,138748000.0,67340592.0,64597400.0,45301400,338440000.0,156526500,33934500.0
2012-07-27,17.50192642211914,11.866000175476074,15.740110397338867,23.50360107421875,23.465621948242188,0.30825191736221313,108.77583312988281,1.9673329591751099,403936400,226278000.0,141846012.0,123102300.0,44242600,376516000.0,236768900,25095000.0
2012-07-30,17.79712677001953,11.804499626159668,15.674171447753906,22.948476791381836,23.371002197265625,0.30482178926467896,108.77583312988281,1.8233330249786377,379142400,74728000.0,87380532.0,29285900.0,28905000,363552000.0,106782000,30978000.0
2012-07-31,18.26761245727539,11.664999961853027,15.690781593322754,21.521011352539062,23.23695182800293,0.309624046087265,108.01498413085938,1.8279999494552612,462327600,69072000.0,74549376.0,56179400.0,37620900,387788000.0,120575900,23626500.0
2012-08-01,18.149459838867188,11.604499816894531,15.683591842651367,20.6982364654541,23.189645767211914,0.30619388818740845,107.92088317871094,1.75,384501600,50876000.0,73710216.0,44604400.0,31721800,335912000.0,138293800,23884500.0
2012-08-02,18.178775787353516,11.540499687194824,15.58617115020752,19.865549087524414,23.016183853149414,0.3073371350765228,107.17572784423828,1.7400000095367432,332158400,60962000.0,79028892.0,56374500.0,39520500,367912000.0,199556600,19576500.0
2012-08-03,18.415355682373047,11.748499870300293,15.898017883300781,20.906410217285156,23.457738876342773,0.313740074634552,109.30140686035156,1.8179999589920044,344920800,56506000.0,75808116.0,80647000.0,35859400,326548000.0,157825000,18142500.0
2012-08-06,18.620243072509766,11.69950008392334,15.934956550598145,21.729185104370117,23.615432739257812,0.32037150859832764,109.51313018798828,1.8846670389175415,302103200,36874000.0,71224704.0,27778900.0,27471800,360324000.0,86326200,22923000.0
2012-08-07,18.571189880371094,11.82800006866455,15.878434181213379,20.539628982543945,23.859859466552734,0.3235729932785034,110.06218719482422,2.016666889190674,290446800,41166000.0,79192728.0,36782900.0,28002900,407340000.0,109545100,35808000.0
2012-08-08,18.539785385131836,11.718999862670898,15.920328140258789,20.539628982543945,23.915071487426758,0.3254023790359497,110.19556427001953,1.9393329620361328,244706000,30686000.0,52835112.0,29537400.0,26257600,517064000.0,89754700,19633500.0
2012-08-09,18.645517349243164,11.70300006866455,15.923304557800293,20.827106475830078,24.049108505249023,0.3363787829875946,110.28970336914062,1.9606670141220093,221642400,30962000.0,42769188.0,15610700.0,24920800,822300000.0,90291700,10089000.0
2012-08-10,18.674657821655273,11.637499809265137,15.914628028869629,21.620141983032227,23.98602294921875,0.33432066440582275,110.4700698852539,1.996000051498413,194938800,37050000.0,57326616.0,25794700.0,27810300,1278744000.0,99792700,10611000.0
2012-08-13,18.923967361450195,11.621999740600586,16.3610782623291,21.411968231201172,23.962371826171875,0.3386654257774353,110.41511535644531,2.078000068664551,278832400,39946000.0,130585284.0,24973100.0,23049100,447244000.0,79426900,13051500.0
2012-08-14,18.9747314453125,11.659500122070312,16.575504302978516,20.202590942382812,23.91474723815918,0.3336346745491028,110.43085479736328,1.9613330364227295,340169200,55020000.0,146321532.0,39308800.0,34551400,388828000.0,102379400,11901000.0
2012-08-15,18.948904037475586,11.871000289916992,16.547740936279297,21.015451431274414,23.970312118530273,0.3311191201210022,110.55632781982422,1.9600000381469727,257342400,65294000.0,96331572.0,47861100.0,24351000,594404000.0,71085900,7881000.0
2012-08-16,19.114410400390625,12.077500343322754,16.679868698120117,19.6970272064209,24.430667877197266,0.33797943592071533,111.3720474243164,2.0199999809265137,254534000,86242000.0,68639292.0,157565300.0,35787200,371008000.0,112014200,10035000.0
2012-08-17,19.467960357666016,12.058500289916992,16.78571891784668,18.884166717529297,24.525909423828125,0.3350066542625427,111.52110290527344,2.000667095184326,442761200,61716000.0,87020892.0,129293400.0,32589900,309864000.0,90813700,7623000.0
2012-08-20,19.97981071472168,12.017499923706055,16.74605369567871,19.8358154296875,24.398916244506836,0.3350066542625427,111.52894592285156,1.9673329591751099,613384800,37798000.0,70253676.0,101186600.0,23737700,314392000.0,78255700,17686500.0
2012-08-21,19.706762313842773,11.97249984741211,16.596574783325195,18.99321174621582,24.446537017822266,0.33409202098846436,111.19170379638672,1.9406670331954956,812719600,51430000.0,88799112.0,70640600.0,28822700,340248000.0,105581100,11424000.0
2012-08-22,20.091550827026367,12.154999732971191,16.78670883178711,19.270776748657227,24.240182876586914,0.3347780406475067,111.23873901367188,1.9966670274734497,565322800,49474000.0,76291632.0,49892200.0,33437400,313556000.0,133243500,11632500.0
2012-08-23,19.904104232788086,12.0600004196167,16.777292251586914,19.270776748657227,24.017925262451172,0.3272317349910736,110.32890319824219,2.0486669540405273,420128800,49078000.0,71296632.0,32813700.0,28355600,379040000.0,111466400,22065000.0
2012-08-24,19.921838760375977,12.286999702453613,16.82265281677246,19.241031646728516,24.25604820251465,0.3338632881641388,110.99559020996094,1.9666670560836792,437340400,73976000.0,57006936.0,29622200.0,22943300,347724000.0,99481200,21441000.0
2012-08-27,20.29610252380371,12.196000099182129,16.589387893676758,18.983295440673828,24.35923194885254,0.3281466066837311,111.01912689208984,1.8880000114440918,427008400,58594000.0,104443452.0,20704000.0,34691100,340944000.0,68785900,20256000.0
2012-08-28,20.269672393798828,12.305500030517578,16.7884464263916,19.17164421081543,24.311603546142578,0.32677456736564636,110.90928649902344,1.9126670360565186,267416800,54846000.0,82261656.0,25417000.0,23947900,310764000.0,75689600,21040500.0
2012-08-29,20.22972297668457,12.355999946594238,17.055177688598633,18.933732986450195,24.327478408813477,0.32746049761772156,110.99559020996094,1.8940000534057617,202806800,35452000.0,119492388.0,16124700.0,23346800,250412000.0,65421300,12583500.0
2012-08-30,19.94135284423828,12.310999870300293,16.89826011657715,18.923818588256836,24.065555572509766,0.3212863802909851,110.19556427001953,1.8940000534057617,302699600,72950000.0,65010924.0,30647500.0,23982100,307488000.0,96589900,9846000.0
2012-08-31,19.982511520385742,12.41349983215332,16.9827880859375,17.902786254882812,24.46241569519043,0.32082900404930115,110.72105407714844,1.901332974433899,338321200,66950000.0,84998916.0,58764200.0,36590100,485064000.0,151970400,8097000.0
2012-09-04,20.2747802734375,12.394000053405762,16.88239860534668,17.575654983520508,24.12111473083496,0.3036784529685974,110.61904907226562,1.8760000467300415,367892000,79016000.0,75508416.0,46622400.0,48556700,694452000.0,120226200,11287500.0
2012-09-05,20.132396697998047,12.310999870300293,16.87446403503418,18.418256759643555,24.12111473083496,0.3045930862426758,110.52494049072266,1.8626669645309448,336375200,53052000.0,68259672.0,60781800.0,33650000,480256000.0,100660300,9589500.0
2012-09-06,20.313827514648438,12.569000244140625,17.3375244140625,18.79494857788086,24.88308334350586,0.31396886706352234,112.76824951171875,1.9033329486846924,391196400,107228000.0,121618260.0,46066500.0,48371700,657296000.0,158272500,12625500.0
2012-09-07,20.4390869140625,12.956999778747559,17.50484848022461,18.814775466918945,24.56560707092285,0.306422621011734,113.2075424194336,1.9566669464111328,329666400,100590000.0,129190680.0,36371700.0,42649100,781064000.0,107272100,14298000.0
2012-09-10,19.90741729736328,12.854499816894531,17.371484756469727,18.64625358581543,24.38304901123047,0.3036784529685974,112.5643539428711,1.824666976928711,487998000,51344000.0,102297600.0,24797800.0,40524000,371108000.0,86458500,22249500.0
2012-09-11,19.84283447265625,12.783499717712402,17.158794403076172,19.260862350463867,24.4386043548584,0.3073371350765228,112.87806701660156,1.8533329963684082,503983200,50496000.0,74877048.0,50508200.0,25191800,382808000.0,88760000,15223500.0
2012-09-12,20.119186401367188,12.781499862670898,17.12632179260254,20.747802734375,24.430667877197266,0.3107672333717346,113.25457000732422,1.8853329420089722,712233200,45464000.0,105586308.0,121584000.0,32775800,322608000.0,87640900,17178000.0
2012-09-13,20.515382766723633,13.01200008392334,17.50212287902832,20.529712677001953,24.557668685913086,0.31282541155815125,114.98015594482422,1.9653329849243164,598360000,70512000.0,106253640.0,65041600.0,45047300,433836000.0,225470200,22270500.0
2012-09-14,20.76470184326172,13.06350040435791,17.592357635498047,21.808486938476562,24.77195930480957,0.3164841830730438,115.4900131225586,2.0260000228881836,600474000,73324000.0,104635260.0,72819800.0,51422800,339468000.0,169777000,23049000.0
2012-09-17,21.020030975341797,12.899999618530273,17.599794387817383,21.33266830444336,24.77195930480957,0.3077945113182068,115.09782409667969,2.169332981109619,398031200,46126000.0,60271668.0,50667600.0,36488500,493348000.0,119427800,48192000.0
2012-09-18,21.084001541137695,12.9375,17.805543899536133,21.67961883544922,24.748165130615234,0.30985257029533386,115.00366973876953,2.0893330574035645,373503200,44300000.0,82589328.0,36760500.0,34542700,359952000.0,98326600,26827500.0
2012-09-19,21.0897216796875,13.083999633789062,18.03409767150879,23.08725929260254,24.644969940185547,0.31351134181022644,115.06644439697266,2.069999933242798,326874800,52736000.0,123808068.0,78782800.0,48871900,451936000.0,128318300,15727500.0
2012-09-20,20.987579345703125,13.040499687194824,18.049467086791992,22.393348693847656,24.962459564208984,0.31122463941574097,115.07427215576172,2.059999942779541,336568400,58272000.0,116179704.0,57248900.0,45543000,320596000.0,154009800,13686000.0
2012-09-21,21.029338836669922,12.873499870300293,18.194978713989258,22.661001205444336,24.75609016418457,0.3125966787338257,115.02616119384766,2.001332998275757,571589200,121186000.0,254109636.0,51218100.0,102348900,340136000.0,108737500,28050000.0
2012-09-24,20.749980926513672,12.739999771118164,18.576488494873047,20.609020233154297,24.430667877197266,0.31236809492111206,114.85271453857422,2.0439999103546143,639766400,54158000.0,142409448.0,79106500.0,46825900,357832000.0,95682000,19528500.0
2012-09-25,20.231826782226562,12.623000144958496,18.571029663085938,20.10346031188965,24.12111473083496,0.30665120482444763,113.63043975830078,1.843999981880188,518789600,88116000.0,242097660.0,46291700.0,54266400,481544000.0,133165200,85206000.0
2012-09-26,19.980712890625,12.483499526977539,18.677623748779297,20.440500259399414,23.94649887084961,0.30139172077178955,112.99173736572266,1.8359999656677246,576503200,58410000.0,226689084.0,38271900.0,54672000,436812000.0,146502200,22908000.0
2012-09-27,20.46552276611328,12.829500198364258,18.752981185913086,20.143110275268555,23.93856430053711,0.3036784529685974,114.05628967285156,1.8993330001831055,594090000,67948000.0,157086756.0,30215900.0,47129900,558888000.0,111830300,26379000.0
2012-09-28,20.03837776184082,12.715999603271484,18.70340919494629,21.471446990966797,23.621068954467773,0.30505046248435974,113.5279312133789,1.9520000219345093,535110800,49132000.0,111228660.0,65486000.0,54229300,485508000.0,150696100,65151000.0
2012-10-01,19.806785583496094,12.600500106811523,18.883869171142578,21.798574447631836,23.406766891479492,0.30001962184906006,113.82756042480469,1.944000005722046,543594800,51624000.0,126593280.0,51262700.0,54042700,504236000.0,135911200,13266000.0
2012-10-02,19.864459991455078,12.529999732971191,18.7651309967041,22.07613754272461,23.541702270507812,0.3011628985404968,113.94587707519531,1.9866670370101929,627992400,43916000.0,111496392.0,29341400.0,43338900,295492000.0,113422200,10935000.0
2012-10-03,20.169044494628906,12.795999526977539,18.901718139648438,21.63996696472168,23.700450897216797,0.29819032549858093,114.4111328125,1.9533330202102661,424281200,54912000.0,88243668.0,32000100.0,46655900,430872000.0,121283100,15792000.0
2012-10-04,20.029373168945312,13.023500442504883,19.03929901123047,21.758922576904297,23.83538055419922,0.31145328283309937,115.23123168945312,1.9600000381469727,370725600,54008000.0,98069832.0,46892100.0,43634900,502608000.0,124311600,23119500.0
2012-10-05,19.60252571105957,12.92549991607666,19.02938461303711,20.727975845336914,23.69251251220703,0.3041357100009918,115.23907470703125,1.9259999990463257,594006000,56130000.0,109326564.0,40529300.0,41133900,483068000.0,124842100,14079000.0
2012-10-08,19.169387817382812,12.95300006866455,18.78619956970215,20.222415924072266,23.63695526123047,0.3011628985404968,114.84486389160156,1.9500000476837158,637994000,35246000.0,78265656.0,32236700.0,29752000,240596000.0,78415400,13345500.0
2012-10-09,19.09969139099121,12.54800033569336,18.445348739624023,20.05389404296875,23.240089416503906,0.29476022720336914,113.7093276977539,1.891332983970642,838597200,69896000.0,120007872.0,27161800.0,45121100,366360000.0,148872900,17895000.0
2012-10-10,19.251689910888672,12.249500274658203,18.457000732421875,19.469032287597656,23.001970291137695,0.28972938656806946,112.98383331298828,1.8933329582214355,510356000,78966000.0,81514404.0,39321800.0,47227100,326568000.0,124247500,7554000.0
2012-10-11,18.866891860961914,12.211000442504883,18.628541946411133,19.578073501586914,22.978168487548828,0.29133009910583496,113.0468978881836,1.8880000114440918,546081200,68946000.0,95260644.0,21817300.0,41488500,320516000.0,123601500,6759000.0
2012-10-12,18.915258407592773,12.118000030517578,18.46170997619629,19.350074768066406,23.176586151123047,0.2888146638870239,112.67626953125,1.8426669836044312,460014800,44064000.0,96071832.0,18809400.0,46464700,260696000.0,124181900,14814000.0
2012-10-15,19.06694984436035,12.208999633789062,18.36825942993164,19.350074768066406,23.42264175415039,0.2924734055995941,113.61470031738281,1.8220000267028809,432502000,59196000.0,120643236.0,20189700.0,42440200,249580000.0,107689100,22030500.0
2012-10-16,19.51842498779297,12.196999549865723,18.460472106933594,19.3104248046875,23.406766891479492,0.300934374332428,114.7659683227539,1.8706669807434082,549771600,44082000.0,82245672.0,21834700.0,47739400,367696000.0,108815500,7189500.0
2012-10-17,19.362829208374023,12.374500274658203,18.727947235107422,19.70694351196289,23.486141204833984,0.29864761233329773,115.28640747070312,1.9213329553604126,389037600,66054000.0,91624284.0,44074500.0,44206100,391752000.0,128834100,10020000.0
2012-10-18,19.003265380859375,12.242500305175781,17.228450775146484,18.814775466918945,23.414703369140625,0.29407408833503723,114.98681640625,1.869333028793335,476624400,106106000.0,497198304.0,52157400.0,59238500,254772000.0,148108500,11115000.0
2012-10-19,18.318395614624023,12.0,16.900989532470703,18.83460235595703,22.732105255126953,0.27692368626594543,113.07054138183594,1.8493330478668213,744086000,87906000.0,458828712.0,34835000.0,90470800,709412000.0,185645200,15411000.0
2012-10-22,19.045019149780273,11.689000129699707,16.823644638061523,19.151819229125977,22.22412872314453,0.2737222909927368,113.08636474609375,1.8566670417785645,546730800,90000000.0,162061776.0,32447300.0,83374000,480840000.0,125578600,7053000.0
2012-10-23,18.424129486083984,11.715499877929688,16.865291595458984,19.330251693725586,22.263813018798828,0.28195446729660034,111.51713562011719,1.8926670551300049,707145600,88616000.0,116547336.0,78381200.0,64414800,573948000.0,192056300,11235000.0
2012-10-24,18.528366088867188,11.424500465393066,16.789684295654297,23.027780532836914,22.144758224487305,0.27829572558403015,111.20170593261719,1.8279999494552612,558527200,73574000.0,99760140.0,228949900.0,53320400,332916000.0,120179400,15246000.0
2012-10-25,18.30939292907715,11.145999908447266,16.80108642578125,22.36361312866211,22.128881454467773,0.2785243093967438,111.5250015258789,1.8346669673919678,656325600,134826000.0,95947956.0,76142000.0,54084300,307356000.0,134457400,8665500.0
2012-10-26,18.142986297607422,11.911999702453613,16.736385345458984,21.74901008605957,22.390806198120117,0.2755514979362488,111.4619369506836,1.8253329992294312,1018432800,227350000.0,77953968.0,73175800.0,57790000,389376000.0,146023500,7161000.0
2012-10-31,17.882246017456055,11.644499778747559,16.864049911499023,20.926237106323242,22.652734756469727,0.27395087480545044,111.4619369506836,1.8753329515457153,510003200,95952000.0,61418520.0,99378200.0,69464100,347112000.0,103438500,11628000.0
2012-11-01,17.918899536132812,11.607000350952148,17.04476547241211,21.025365829467773,23.430583953857422,0.2869853675365448,112.62897491455078,1.9500000476837158,361298000,78102000.0,81921996.0,37713900.0,72047900,473220000.0,100995600,15361500.0
2012-11-02,17.325937271118164,11.621000289916992,17.052946090698242,20.995624542236328,23.414703369140625,0.2856132388114929,111.62750244140625,1.9279999732971191,599373600,67494000.0,92883024.0,38344400.0,57131600,256700000.0,137702200,15454500.0
2012-11-05,17.560842514038086,11.716500282287598,16.929988861083984,21.065019607543945,23.517885208129883,0.2977329194545746,111.85620880126953,2.0999999046325684,529135600,36922000.0,65370564.0,31806700.0,38070800,444840000.0,98378500,30733500.0
2012-11-06,17.507673263549805,11.878000259399414,16.89925193786621,20.985713958740234,23.700450897216797,0.2975042462348938,112.73152923583984,2.076667070388794,374917200,53226000.0,63248688.0,29062700.0,43401500,350804000.0,107068100,34860000.0
2012-11-07,16.837783813476562,11.602999687194824,16.537330627441406,20.291805267333984,23.081344604492188,0.28835731744766235,110.17659759521484,2.1026670932769775,793648800,72484000.0,89202708.0,33396800.0,57871800,324620000.0,264304500,25717500.0
2012-11-08,16.226736068725586,11.367500305175781,16.169706344604492,19.81598472595215,22.867040634155273,0.28995802998542786,108.851806640625,2.0873329639434814,1056146000,59648000.0,103776120.0,34254600.0,49841800,839024000.0,181517300,19110000.0
2012-11-09,16.507665634155273,11.315500259399414,16.435943603515625,19.04277229309082,22.882917404174805,0.2787529528141022,108.94641876220703,2.0213329792022705,929913600,61850000.0,124439436.0,42295500.0,43291200,846280000.0,201055300,12945000.0
2012-11-12,16.38003158569336,11.32349967956543,16.5070858001709,19.895292282104492,22.39874267578125,0.27257880568504333,109.03315734863281,2.0713329315185547,515802000,42576000.0,56179764.0,67349200.0,61112300,643624000.0,97677500,8338500.0
2012-11-13,16.382139205932617,11.329999923706055,16.337284088134766,19.687114715576172,21.678539276123047,0.2705208361148834,108.65467834472656,2.107332944869995,532949200,52596000.0,63704232.0,71775100.0,131689200,492120000.0,123018300,14974500.0
2012-11-14,16.20048713684082,11.147500038146973,16.176151275634766,22.165355682373047,21.47846794128418,0.26388928294181824,107.18795013427734,2.0920000076293945,477170400,60682000.0,66669264.0,229751000.0,76086100,619300000.0,191505000,13069500.0
2012-11-15,15.860713005065918,11.029999732971191,16.045015335083008,21.977005004882812,21.334421157836914,0.26503264904022217,107.00662994384766,2.0546669960021973,789910800,68094000.0,73882044.0,78857700.0,50955600,466688000.0,178128400,14760000.0
2012-11-16,15.92287540435791,11.261500358581543,16.04303741455078,23.354907989501953,21.22239875793457,0.2602304220199585,107.53495788574219,2.122667074203491,1266893600,87056000.0,137390472.0,107182200.0,64083300,624552000.0,239483900,13630500.0
2012-11-19,17.071043014526367,11.48550033569336,16.564348220825195,22.720476150512695,21.39044189453125,0.26754793524742126,109.7113265991211,2.194667100906372,823317600,71824000.0,94633272.0,85021300.0,57179300,404092000.0,151495800,20886000.0
2012-11-20,16.92559814453125,11.689000129699707,16.60797882080078,22.89891242980957,21.374441146850586,0.26444101333618164,109.75865936279297,2.200000047683716,642754000,55434000.0,83464452.0,46655300.0,47070400,336976000.0,119807400,13837500.0
2012-11-21,16.949430465698242,11.90149974822998,16.506343841552734,24.108291625976562,21.566497802734375,0.2720359265804291,109.96366882324219,2.1646668910980225,373002000,59186000.0,84403512.0,89862400.0,66360300,422312000.0,81710800,14448000.0
2012-11-23,17.245149612426758,11.994000434875488,16.558399200439453,23.791078567504883,22.166675567626953,0.2738770842552185,111.4619369506836,2.1419999599456787,272826400,35536000.0,36863100.0,29520900.0,57845700,276932000.0,65409200,6454500.0
2012-11-26,17.789207458496094,12.180999755859375,16.389341354370117,25.714189529418945,21.91860008239746,0.2787102162837982,111.22537994384766,2.1513330936431885,630579600,83566000.0,88095816.0,123865000.0,85198700,364600000.0,100124400,7437000.0
2012-11-27,17.64588737487793,12.170000076293945,16.62632179260254,25.922361373901367,21.6705265045166,0.2798609435558319,110.65763092041016,2.1433329582214355,533330000,60970000.0,100247652.0,85760600.0,45018600,451404000.0,128646200,13662000.0
2012-11-28,17.590356826782227,12.355500221252441,16.947589874267578,26.130537033081055,21.894594192504883,0.2821623980998993,111.54869842529297,2.2153329849243164,520864400,54868000.0,121558320.0,49205600.0,53018400,398332000.0,177086500,22878000.0
2012-11-29,17.78407859802246,12.56350040435791,17.151355743408203,27.08217430114746,21.566497802734375,0.2770991921424866,112.06907653808594,2.246000051498413,514698800,106210000.0,110948940.0,88759700.0,69551400,488688000.0,151085900,16551000.0
2012-11-30,17.660964965820312,12.602499961853027,17.311988830566406,27.756256103515625,21.302413940429688,0.2754881978034973,112.09276580810547,2.254667043685913,391319600,75948000.0,126417456.0,127049600.0,83690200,460504000.0,136568300,21304500.0
2012-12-03,17.68842124938965,12.516500473022461,17.234647750854492,26.80461311340332,21.15036964416504,0.27042490243911743,111.5407943725586,2.308000087738037,364280000,59812000.0,87612300.0,123526100.0,53173800,391380000.0,124656300,31285500.0
2012-12-04,17.37641143798828,12.624500274658203,17.13003921508789,27.2209529876709,21.10235595703125,0.2784801125526428,111.38309478759766,2.259999990463257,557068400,62294000.0,79588332.0,72869200.0,49777500,528068000.0,127512200,18949500.0
2012-12-05,16.25812339782715,12.697999954223633,17.050466537475586,27.468778610229492,21.342430114746094,0.27525794506073,111.58020782470703,2.24733304977417,1044638000,57044000.0,74421504.0,58976300.0,68283800,633024000.0,147300500,9922500.0
2012-12-06,16.513105392456055,12.668499946594238,17.132516860961914,26.7352237701416,21.39044189453125,0.27571824193000793,111.95868682861328,2.259999990463257,1177212400,71158000.0,58433508.0,46001500.0,39182300,412896000.0,103220600,9906000.0
2012-12-07,16.090953826904297,12.66349983215332,16.96097755432129,27.25069808959961,21.174375534057617,0.27525794506073,112.29779815673828,2.2780001163482666,787040800,43406000.0,76695228.0,51751900.0,46162100,338288000.0,108726400,9966000.0
2012-12-10,15.987446784973145,12.388500213623047,16.990970611572266,27.5976505279541,21.55849266052246,0.2844639718532562,112.34512329101562,2.3046669960021973,630484400,70076000.0,54613332.0,50608500.0,47031100,513644000.0,98840700,13947000.0
2012-12-11,16.336580276489258,12.534500122070312,17.27505874633789,27.736427307128906,21.86258888244629,0.291138231754303,113.1100082397461,2.3519999980926514,592345600,83704000.0,107396496.0,77099100.0,52282800,816724000.0,152570400,23589000.0
2012-12-12,16.26445770263672,12.588000297546387,17.29191017150879,27.33991241455078,21.798564910888672,0.2881462872028351,113.16521453857422,2.3506669998168945,487144000,52562000.0,96942960.0,46704200.0,43966300,399404000.0,145880100,30957000.0
2012-12-13,15.983529090881348,12.5625,17.419328689575195,27.994169235229492,21.694538116455078,0.28837645053863525,112.4712905883789,2.2406671047210693,625259600,49204000.0,137658204.0,81051600.0,45080100,377556000.0,135715000,32269500.0
2012-12-14,15.383040428161621,12.459500312805176,17.400983810424805,26.576614379882812,21.4544620513916,0.28975728154182434,112.05338287353516,2.253999948501587,1009579200,50538000.0,85118796.0,91631600.0,42077500,338660000.0,137701700,15345000.0
2012-12-17,15.655817985534668,12.692999839782715,17.867517471313477,26.517139434814453,21.686532974243164,0.28860658407211304,113.37023162841797,2.293333053588867,757607200,45540000.0,121294584.0,57742500.0,42046100,445232000.0,143238200,12373500.0
2012-12-18,16.11056137084961,13.020000457763672,17.874704360961914,27.468778610229492,22.054637908935547,0.289066880941391,114.63188934326172,2.305999994277954,625685200,99220000.0,120075804.0,60512900.0,50486900,416436000.0,177762800,23308500.0
2012-12-19,15.881534576416016,12.899499893188477,17.850906372070312,27.1713924407959,21.854581832885742,0.291138231754303,113.7802963256836,2.307332992553711,449369200,46000000.0,76667256.0,61390300.0,53519900,458544000.0,150895400,19482000.0
2012-12-20,15.743331909179688,13.074999809265137,17.906681060791016,27.121828079223633,22.15067481994629,0.29090821743011475,114.43477630615234,2.295332908630371,481689600,51692000.0,66213720.0,35574800.0,52607300,334332000.0,168487000,13818000.0
2012-12-21,15.670910835266113,12.845999717712402,17.739850997924805,26.031402587890625,21.966611862182617,0.2842337489128113,113.39604949951172,2.266666889190674,596268400,94092000.0,140898960.0,54555200.0,98776500,462172000.0,245883800,22386000.0
2012-12-24,15.696255683898926,12.930999755859375,17.587892532348633,26.695571899414062,21.654518127441406,0.2819322943687439,113.04660034179688,2.2853329181671143,175753200,19688000.0,33602364.0,28230100.0,20842400,127376000.0,53874600,5637000.0
2012-12-26,15.479900360107422,12.431500434875488,17.572275161743164,26.279226303100586,21.494476318359375,0.28170207142829895,112.57015991210938,2.239332914352417,302436400,83054000.0,47248704.0,33175400.0,31631100,196740000.0,106947700,9021000.0
2012-12-27,15.5420560836792,12.415499687194824,17.508319854736328,25.823230743408203,21.574493408203125,0.2798609435558319,112.4192123413086,2.246000051498413,455120400,72786000.0,65830104.0,43481700.0,39394000,299804000.0,167920600,8416500.0
2012-12-28,15.37700366973877,12.258999824523926,17.352645874023438,25.684450149536133,21.246402740478516,0.2784801125526428,111.20420837402344,2.2146670818328857,354278400,37174000.0,56023920.0,56574800.0,28239900,220600000.0,148806700,6211500.0
2012-12-31,16.058361053466797,12.543499946594238,17.535341262817383,26.388273239135742,21.374441146850586,0.2821623980998993,113.09424591064453,2.257999897003174,659492400,68380000.0,79816104.0,60374500.0,42749500,326460000.0,243935200,8923500.0
2013-01-02,16.567119598388672,12.865500450134277,17.92874526977539,27.756256103515625,22.102663040161133,0.2927493453025818,115.99292755126953,2.357332944869995,560518000,65420000.0,101550348.0,69846400.0,52899300,478836000.0,192059000,17922000.0
2013-01-03,16.358001708984375,12.923999786376953,17.93915557861328,27.52825927734375,21.80656623840332,0.2929794490337372,115.7308349609375,2.318000078201294,352965200,55018000.0,92635272.0,63140600.0,48294400,298888000.0,144761800,11130000.0
2013-01-04,15.902349472045898,12.957500457763672,18.293642044067383,28.509641647338867,21.39845085144043,0.3026457130908966,116.23906707763672,2.293333053588867,594333600,37484000.0,110429460.0,72715400.0,52521100,524968000.0,116817700,10110000.0
2013-01-07,15.808807373046875,13.42300033569336,18.21381950378418,29.163894653320312,21.358430862426758,0.2939000725746155,115.9214096069336,2.2893331050872803,484156400,98200000.0,66161772.0,83781800.0,37110400,610732000.0,110002500,6630000.0
2013-01-08,15.851351737976074,13.319000244140625,18.17787742614746,28.807029724121094,21.246402740478516,0.28745582699775696,115.587890625,2.245332956314087,458707200,60214000.0,66976956.0,45871300.0,44703100,466424000.0,121265100,19260000.0
2013-01-09,15.603623390197754,13.317500114440918,18.2973575592041,30.323711395263672,21.366443634033203,0.281011700630188,115.88170623779297,2.2426669597625732,407604400,45312000.0,80907012.0,104787700.0,49047900,695020000.0,90745600,10470000.0
2013-01-10,15.797039985656738,13.267000198364258,18.38064956665039,31.027530670166016,21.174375534057617,0.2814720571041107,116.80289459228516,2.23533296585083,601146000,57268000.0,73354572.0,95316400.0,71431300,506368000.0,130735400,13837500.0
2013-01-11,15.70018196105957,13.397000312805176,18.34371566772461,31.443870544433594,21.470462799072266,0.281011700630188,116.79496002197266,2.194000005722046,350506800,48266000.0,51356592.0,89598000.0,55512100,513172000.0,113917300,23448000.0
2013-01-14,15.140437126159668,13.636500358581543,17.92874526977539,30.68057632446289,21.518482208251953,0.28078150749206543,116.71561431884766,2.2173330783843994,734207600,85500000.0,114441444.0,98892800.0,48324400,305684000.0,89567200,13876500.0
2013-01-15,14.662755012512207,13.595000267028809,17.970388412475586,29.837976455688477,21.774553298950195,0.27571824193000793,116.79496002197266,2.259999990463257,876772400,46538000.0,156950892.0,173242600.0,48244500,375888000.0,93172600,24363000.0
2013-01-16,15.27138614654541,13.446499824523926,17.728944778442383,29.590150833129883,21.638511657714844,0.27824994921684265,116.77909851074219,2.2733330726623535,690804800,41312000.0,80855064.0,75332700.0,41077400,337376000.0,104849500,20673000.0
2013-01-17,15.16849136352539,13.52400016784668,17.63300895690918,29.877626419067383,21.80656623840332,0.2819322943687439,117.53350830078125,2.2920000553131104,453678400,37692000.0,88371540.0,40256700.0,51685900,580736000.0,133833500,21550500.0
2013-01-18,15.087621688842773,13.605999946594238,17.464197158813477,29.401803970336914,21.80656623840332,0.280091255903244,117.79560089111328,2.301332950592041,472922800,58840000.0,128942928.0,49631500.0,52167700,397088000.0,169906000,53326500.0
2013-01-22,15.231557846069336,13.509499549865723,17.423540115356445,30.462488174438477,21.726547241210938,0.2787102162837982,118.43091583251953,2.3459999561309814,461546400,42754000.0,151544304.0,55243300.0,58650600,308224000.0,111797300,28803000.0
2013-01-23,15.510380744934082,13.405500411987305,18.381149291992188,30.551706314086914,22.094650268554688,0.27917054295539856,118.62149047851562,2.4000000953674316,861509600,50178000.0,236127636.0,48899800.0,50387700,421808000.0,104596100,23464500.0
2013-01-24,13.593951225280762,13.67300033569336,18.696218490600586,30.809444427490234,22.110660552978516,0.2805514931678772,118.65330505371094,2.4660000801086426,1460852400,68340000.0,135172692.0,43845100.0,101739300,396980000.0,146426400,29556000.0
2013-01-25,13.27348518371582,14.19950008392334,18.682832717895508,31.265443801879883,22.310718536376953,0.28561466932296753,119.32032012939453,2.4653329849243164,1208026400,99362000.0,88946964.0,54363600.0,81847700,393920000.0,147211600,19317000.0
2013-01-28,13.57373332977295,13.802000045776367,18.609947204589844,32.18735122680664,22.33473014831543,0.29021766781806946,119.17742919921875,2.5353329181671143,785517600,86428000.0,65018916.0,59682500.0,56056500,422492000.0,113357700,29790000.0
2013-01-29,13.828408241271973,13.017499923706055,18.68307876586914,30.521968841552734,22.41475486755371,0.2840036153793335,119.64599609375,2.5299999713897705,571158000,203452000.0,69814116.0,72976500.0,49242600,388872000.0,105694400,21399000.0
2013-01-30,13.784957885742188,13.637999534606934,18.68679428100586,30.96805191040039,22.286718368530273,0.28354334831237793,119.17742919921875,2.501332998275757,417155200,261508000.0,69250680.0,87682100.0,43580500,287592000.0,137447700,14521500.0
2013-01-31,13.74452018737793,13.274999618530273,18.732906341552734,30.710315704345703,21.966611862182617,0.2821623980998993,118.88357543945312,2.500667095184326,319334400,135442000.0,65302632.0,190744900.0,50530000,470544000.0,108975800,13521000.0
2013-02-01,13.68809700012207,13.25,19.226455688476562,29.4711971282959,22.350732803344727,0.2846941351890564,120.10659790039062,2.553333044052124,539484400,122300000.0,149694156.0,85856700.0,55565900,288816000.0,131173000,16509000.0
2013-02-04,13.347114562988281,12.99899959564209,18.81545066833496,27.865299224853516,21.958620071411133,0.2798609435558319,118.75653839111328,2.5160000324249268,477117200,74472000.0,121498380.0,92362200.0,50540000,511744000.0,159073600,16920000.0
2013-02-05,13.815430641174316,13.344499588012695,18.98203468322754,28.390682220458984,22.00663185119629,0.28630509972572327,119.95568084716797,2.5420000553131104,573347600,80258000.0,74753172.0,47948200.0,35410400,367296000.0,113912400,19653000.0
2013-02-06,13.800651550292969,13.111000061035156,19.09185218811035,28.797117233276367,21.87858772277832,0.2840036153793335,120.04304504394531,2.611332893371582,593706400,55408000.0,83040876.0,38375900.0,41889600,530688000.0,138762800,28398000.0
2013-02-07,14.210994720458984,13.011500358581543,19.1855525970459,28.400598526000977,21.830581665039062,0.2828528583049774,119.8841552734375,2.631999969482422,704580800,79514000.0,113494392.0,34540100.0,38028300,440000000.0,162490000,17949000.0
2013-02-08,14.416171073913574,13.09749984741211,19.468647003173828,28.301467895507812,22.046642303466797,0.2846941351890564,120.55123901367188,2.615999937057495,633158400,77584000.0,120683196.0,37708800.0,33318500,307232000.0,103133700,17097000.0
2013-02-11,14.56640625,12.86050033569336,19.395517349243164,28.013992309570312,22.294710159301758,0.2879162132740021,120.5274887084961,2.561332941055298,517490400,68074000.0,86625288.0,37361800.0,32247700,408308000.0,73775000,48994500.0
2013-02-12,14.201279640197754,12.9350004196167,19.352880477905273,27.131742477416992,22.310718536376953,0.28607502579689026,120.72602081298828,2.5260000228881836,609053200,58874000.0,74285640.0,93498700.0,35990900,277804000.0,65392700,33919500.0
2013-02-13,14.174271583557129,13.47350025177002,19.40642547607422,27.66703987121582,22.430761337280273,0.2846941351890564,120.82925415039062,2.563333034515381,475207600,105860000.0,47880072.0,50164000.0,41715600,856396000.0,82322600,14502000.0
2013-02-14,14.161521911621094,13.461999893188477,19.529376983642578,28.251907348632812,22.438751220703125,0.2929794490337372,120.94044494628906,2.551332950592041,355275200,69260000.0,69342588.0,35615800.0,32663200,882096000.0,80834300,14860500.0
2013-02-15,13.966365814208984,13.254500389099121,19.655057907104492,28.073469161987305,22.41475486755371,0.2929794490337372,120.79751586914062,2.4693329334259033,391745200,79598000.0,109082808.0,33109300.0,49650900,733860000.0,215226500,30264000.0
2013-02-19,13.961204528808594,13.487500190734863,20.001115798950195,28.678163528442383,22.63260269165039,0.289066880941391,121.70280456542969,2.618666887283325,435783600,57084000.0,117154728.0,49396400.0,38781400,433552000.0,95105400,40521000.0
2013-02-20,13.623093605041504,13.320500373840332,19.644397735595703,28.21225357055664,22.487369537353516,0.2849242687225342,120.18597412109375,2.569333076477051,476302400,70578000.0,110457432.0,42098200.0,44110200,713012000.0,160574800,46830000.0
2013-02-21,13.53841781616211,13.29699993133545,19.720502853393555,27.042526245117188,22.18075942993164,0.2828528583049774,119.45537567138672,2.3440001010894775,447182400,72748000.0,140115744.0,49642300.0,49078500,580408000.0,183257000,135567000.0
2013-02-22,13.682580947875977,13.270999908447266,19.824121475219727,26.893827438354492,22.39861297607422,0.2881462872028351,120.62277221679688,2.4073328971862793,330654800,62496000.0,82073844.0,36350200.0,31425900,370148000.0,106356600,38209500.0
2013-02-25,13.439474105834961,12.993499755859375,19.602510452270508,27.03261375427246,22.08393669128418,0.28308311104774475,118.32770538330078,2.2920000553131104,372579200,60648000.0,92063844.0,34652000.0,48011800,644444000.0,245824800,43341000.0
2013-02-26,13.626734733581543,12.968000411987305,19.58664321899414,27.151567459106445,22.08393669128418,0.28644078969955444,119.13772583007812,2.295332908630371,501499600,66972000.0,88011900.0,31611700.0,49923300,487504000.0,186596200,41443500.0
2013-02-27,13.493191719055176,13.162500381469727,19.825855255126953,26.636093139648438,22.4389591217041,0.2917666435241699,120.63862609863281,2.3399999141693115,587350400,58162000.0,80962956.0,44319700.0,36394700,476980000.0,150781900,29388000.0
2013-02-28,13.396981239318848,13.213500022888184,19.86105728149414,27.012788772583008,22.430891036987305,0.2931560277938843,120.40040588378906,2.322000026702881,322515200,53344000.0,90541368.0,83027800.0,35840200,591392000.0,126866000,29473500.0
2013-03-01,13.065241813659668,13.286999702453613,19.984758377075195,27.53816795349121,22.55191993713379,0.29431381821632385,120.79751586914062,2.309999942779541,552448400,59140000.0,86928984.0,54064800.0,34849700,389396000.0,170634800,23199000.0
2013-03-04,12.748984336853027,13.655500411987305,20.36427879333496,27.47869110107422,22.713289260864258,0.2931560277938843,121.44076538085938,2.371999979019165,582755600,69060000.0,110912976.0,32400700.0,38157500,353680000.0,99010200,26365500.0
2013-03-05,13.085575103759766,13.779500007629395,20.78817367553711,27.28043556213379,22.874664306640625,0.2963978052139282,122.5286636352539,2.4433329105377197,638433600,73724000.0,161602236.0,40622200.0,41432200,366168000.0,121431900,31305000.0
2013-03-06,12.919252395629883,13.689499855041504,20.609195709228516,27.211044311523438,22.664884567260742,0.29616618156433105,122.69544982910156,2.512666940689087,460250000,41014000.0,114805080.0,33532600.0,51448500,342928000.0,94469900,17250000.0
2013-03-07,13.068578720092773,13.694000244140625,20.639436721801758,28.331209182739258,22.70522117614746,0.29547151923179626,122.9178466796875,2.5486669540405273,468473600,38780000.0,82025892.0,74540200.0,29196700,314824000.0,86101400,17374500.0
2013-03-08,13.103181838989258,13.709500312805176,20.6126651763916,27.716604232788086,22.592262268066406,0.2968609631061554,123.44193267822266,2.564666986465454,391482000,37596000.0,116359524.0,44198900.0,37667800,246464000.0,123477800,13681500.0
2013-03-11,13.289838790893555,13.562000274658203,20.694467544555664,27.895038604736328,22.487369537353516,0.2940822243690491,123.9104995727539,2.6066670417785645,474236000,38098000.0,63724212.0,35642100.0,36627500,299748000.0,83746800,23692500.0
2013-03-12,13.003324508666992,13.706500053405762,20.515737533569336,27.587736129760742,22.5196475982666,0.29500845074653625,123.63258361816406,2.6080000400543213,465911600,64924000.0,80251668.0,27569600.0,39255200,310856000.0,105755800,19126500.0
2013-03-13,13.000896453857422,13.755000114440918,20.458724975585938,26.84426498413086,22.5277156829834,0.29500845074653625,123.80731201171875,2.5986669063568115,405549200,37684000.0,65586348.0,39619500.0,29093400,485840000.0,92550900,12330000.0
2013-03-14,13.126852035522461,13.286999702453613,20.36526870727539,26.80461311340332,22.70522117614746,0.2952398955821991,124.4664306640625,2.456666946411133,303875600,104534000.0,65981952.0,27646400.0,55914800,383304000.0,126329900,30315000.0
2013-03-15,13.465569496154785,13.090999603271484,20.1857967376709,26.418006896972656,22.624534606933594,0.2926928699016571,124.3021011352539,2.3526670932769775,643960800,97318000.0,123864012.0,31597400.0,92710300,355776000.0,138601100,49194000.0
2013-03-18,13.831607818603516,12.894499778747559,20.024417877197266,26.259401321411133,22.672948837280273,0.29060882329940796,123.6160888671875,2.3433330059051514,606197200,54404000.0,73458468.0,26653700.0,44809400,298312000.0,126704300,19741500.0
2013-03-19,13.794273376464844,12.820500373840332,20.11192512512207,26.318878173828125,22.737499237060547,0.2887563109397888,123.3289794921875,2.3386669158935547,526775200,74770000.0,83844072.0,25254200.0,51901600,355480000.0,167567300,16477500.0
2013-03-20,13.721131324768066,12.86400032043457,20.195959091186523,25.634885787963867,22.8504581451416,0.2922297418117523,124.19046783447266,2.396667003631592,308660800,54778000.0,58493448.0,44006500.0,35447800,340588000.0,113759300,21345000.0
2013-03-21,13.740856170654297,12.669500350952148,20.11043930053711,25.515932083129883,22.681018829345703,0.2875983715057373,123.1295394897461,2.4006669521331787,383255600,56128000.0,59044896.0,24336100.0,34233200,339032000.0,128605000,17194500.0
2013-03-22,14.019484519958496,12.887499809265137,20.086889266967773,25.50601577758789,22.79397201538086,0.2889879047870636,124.11859893798828,2.441333055496216,395105200,62492000.0,59468472.0,18456300.0,28720900,232476000.0,111163600,6603000.0
2013-03-25,14.070167541503906,12.800999641418457,20.07027816772461,24.911237716674805,22.721363067626953,0.2873668968677521,123.6001205444336,2.502000093460083,501135600,50278000.0,68411520.0,39199000.0,44154000,362076000.0,151322300,35682000.0
2013-03-26,13.996113777160645,13.01550006866455,20.139192581176758,24.990541458129883,22.721363067626953,0.2894510328769684,124.5892562866211,2.5239999294281006,294294000,48420000.0,47628324.0,26957200.0,27824300,232540000.0,86856600,27123000.0
2013-03-27,13.721131324768066,13.265000343322754,19.89725112915039,25.862882614135742,22.89080238342285,0.29292431473731995,124.5892562866211,2.5439999103546143,331237200,57498000.0,86441472.0,52297400.0,36047400,254944000.0,99950600,19444500.0
2013-03-28,13.435223579406738,13.32450008392334,19.68728256225586,25.357318878173828,23.084449768066406,0.2970925569534302,124.9721450805664,2.5260000228881836,442839600,49474000.0,91420488.0,28585700.0,55453800,349276000.0,102932800,17380500.0
2013-04-01,13.017892837524414,13.080499649047852,19.860815048217773,25.30776023864746,23.084449768066406,0.2873668968677521,124.4776382446289,2.9286670684814453,389732000,50496000.0,72219708.0,22249300.0,29201100,442828000.0,99194100,211477500.0
2013-04-02,13.044601440429688,13.166000366210938,20.15456199645996,25.19871711730957,23.237762451171875,0.2843565046787262,125.09176635742188,2.9560000896453857,529519200,52622000.0,81578340.0,35153300.0,28456500,371524000.0,101504300,99786000.0
2013-04-03,13.111372947692871,12.951499938964844,19.98500633239746,26.02149200439453,23.044105529785156,0.280883252620697,123.823486328125,2.740000009536743,363216000,48276000.0,69470460.0,48195200.0,35062800,353156000.0,154167400,84654000.0
2013-04-04,12.981776237487793,12.954000473022461,19.70909881591797,26.834346771240234,23.07638168334961,0.28366196155548096,124.32603454589844,2.8006670475006104,358447600,39288000.0,97806096.0,82016800.0,45263200,294676000.0,131885000,33972000.0
2013-04-05,12.844589233398438,12.77400016784668,19.411136627197266,27.151567459106445,23.157068252563477,0.28852471709251404,123.76763153076172,2.757999897003174,383695200,51148000.0,137218644.0,64566600.0,50927300,551352000.0,159666000,23286000.0
2013-04-08,12.935943603515625,12.947500228881836,19.20786476135254,26.616268157958984,23.06831169128418,0.2878299951553345,124.605224609375,2.7886669635772705,300829200,45912000.0,113170716.0,27256000.0,34759500,326660000.0,86571200,25185000.0
2013-04-09,12.95931625366211,13.057000160217285,19.27727699279785,26.358530044555664,23.89131736755371,0.2924613058567047,125.03598022460938,2.700000047683716,306614000,43132000.0,86205708.0,21311100.0,77733800,380584000.0,101922200,25441500.0
2013-04-10,13.223673820495605,13.238499641418457,19.587881088256836,27.329998016357422,24.431917190551758,0.2970925569534302,126.56748962402344,2.7906670570373535,375928000,46450000.0,79064856.0,45949400.0,71116700,384688000.0,135711100,31816500.0
2013-04-11,13.182400703430176,13.492500305175781,19.593088150024414,27.776081085205078,23.350717544555664,0.2957032024860382,126.98229217529297,2.9059998989105225,328364400,61810000.0,81066852.0,33368500.0,130923200,969220000.0,110142500,51711000.0
2013-04-12,13.044906616210938,13.643500328063965,19.58465576171875,27.161476135253906,23.229686737060547,0.3031129837036133,126.67121124267578,2.9166669845581055,238613200,57326000.0,65402532.0,28697400.0,62886300,770548000.0,116359900,47241000.0
2013-04-15,12.742916107177734,13.38599967956543,19.383373260498047,26.289140701293945,23.14900016784668,0.2968609631061554,123.73568725585938,2.886667013168335,317520000,66520000.0,98025876.0,30275400.0,56332900,430420000.0,217259000,25221000.0
2013-04-16,12.93685531616211,13.616999626159668,19.666959762573242,26.685659408569336,23.374921798706055,0.3001026511192322,125.56238555908203,3.0393331050872803,305771200,42744000.0,69610320.0,27365900.0,52797300,468844000.0,147507800,47706000.0
2013-04-17,12.225423812866211,13.369999885559082,19.398984909057617,26.398181915283203,23.261966705322266,0.29616618156433105,123.72777557373047,3.0299999713897705,945056000,62702000.0,81398520.0,26440600.0,52840700,532948000.0,226834800,31777500.0
2013-04-18,11.899148941040039,12.970999717712402,18.986249923706055,25.466367721557617,23.229686737060547,0.2903772294521332,122.95403289794922,3.131333112716675,666299200,62752000.0,132767100.0,39059000.0,56906600,402548000.0,167583200,50518500.0
2013-04-19,11.853017807006836,13.015999794006348,19.828088760375977,25.50601577758789,24.020416259765625,0.2910718321800232,124.02288818359375,3.188667058944702,609274400,52050000.0,231895872.0,20380900.0,99790700,303028000.0,149687600,45175500.0
2013-04-22,12.10007381439209,13.177499771118164,19.83403968811035,25.743928909301758,24.87569808959961,0.291534960269928,124.57328796386719,3.3459999561309814,429920400,42382000.0,115220664.0,25687600.0,137904000,245568000.0,106553500,59091000.0
2013-04-23,12.326497077941895,13.444999694824219,20.027143478393555,25.753841400146484,24.690126419067383,0.29917648434638977,125.8575439453125,3.4006669521331787,664238400,45412000.0,91600308.0,25191500.0,59126900,376948000.0,166141300,56007000.0
2013-04-24,12.306159019470215,13.439000129699707,20.164724349975586,25.882713317871094,25.626081466674805,0.3093651533126831,125.93736267089844,3.361999988555908,969651200,37056000.0,73090836.0,19729900.0,90946600,556556000.0,96781200,39450000.0
2013-04-25,12.394783973693848,13.734999656677246,20.0568904876709,25.912446975708008,25.771312713623047,0.3119124174118042,126.4478530883789,3.4666669368743896,384837600,122330000.0,79608312.0,17150000.0,110700200,353224000.0,131060600,41938500.0
2013-04-26,12.662484169006348,12.740500450134277,19.866514205932617,26.616268157958984,25.650285720825195,0.31052306294441223,126.22454071044922,3.413332939147949,764097600,280600000.0,99408492.0,33018000.0,47799300,324332000.0,95918800,54331500.0
2013-04-29,13.054619789123535,12.487000465393066,20.30379295349121,26.745134353637695,26.311920166015625,0.31422796845436096,127.07005310058594,3.6626670360565186,640326400,142340000.0,91939968.0,29201100.0,59116400,269712000.0,88572800,54595500.0
2013-04-30,13.438862800598145,12.690500259399414,20.44038200378418,27.52825927734375,26.707290649414062,0.3188592195510864,127.3731689453125,3.5993330478668213,691538400,84976000.0,92175732.0,36245700.0,75165200,276712000.0,116010700,82839000.0
2013-05-01,13.33293628692627,12.411499977111816,20.337753295898438,27.191221237182617,26.400676727294922,0.31608039140701294,126.25640106201172,3.552000045776367,506909200,87828000.0,58141800.0,64567600.0,54330900,341316000.0,138874200,41142000.0
2013-05-02,13.522027969360352,12.6274995803833,20.565317153930664,28.71780776977539,26.755699157714844,0.319785475730896,127.42900848388672,3.607332944869995,421828400,78724000.0,80651268.0,104257000.0,46059500,323480000.0,96407600,45756000.0
2013-05-03,13.657389640808105,12.90250015258789,20.964672088623047,28.06355857849121,27.02195930480957,0.3211748003959656,128.72122192382812,3.636667013168335,361300800,70280000.0,100403496.0,58506400.0,46784600,293864000.0,144202300,50680500.0
2013-05-06,13.98305606842041,12.78600025177002,21.35708236694336,27.329998016357422,27.231739044189453,0.320248544216156,129.04827880859375,3.9666669368743896,496641600,46956000.0,85566348.0,43939400.0,40978300,217116000.0,66882100,65500500.0
2013-05-07,13.9208345413208,12.886500358581543,21.24999237060547,26.65591812133789,26.87672233581543,0.31608039140701294,129.70240783691406,3.700666904449463,483753200,62674000.0,78281640.0,41259100.0,43078300,448068000.0,90359200,149865000.0
2013-05-08,14.078056335449219,12.934000015258789,21.65653419494629,26.8839168548584,26.618528366088867,0.321869432926178,130.29261779785156,3.7193329334259033,472598000,53540000.0,98633268.0,34654900.0,51595700,334032000.0,97419200,101548500.0
2013-05-09,13.955240249633789,13.008000373840332,21.603240966796875,26.80461311340332,26.352256774902344,0.3221011459827423,129.9257354736328,4.626667022705078,398487600,55386000.0,87935976.0,33457200.0,46417800,566800000.0,106738600,429075000.0
2013-05-10,13.839140892028809,13.181500434875488,21.820146560668945,26.447750091552734,26.37646484375,0.33668941259384155,130.34854125976562,5.117332935333252,334852000,62906000.0,75832092.0,30847100.0,36394900,861136000.0,103203000,376239000.0
2013-05-13,13.89321517944336,13.225500106811523,21.75321388244629,26.58652687072754,26.650800704956055,0.3297426402568817,130.45220947265625,5.853332996368408,316948800,42990000.0,57882060.0,29068800.0,36027600,289812000.0,81843200,336253500.0
2013-05-14,13.560812950134277,13.416500091552734,21.99044418334961,26.834346771240234,27.243946075439453,0.33460530638694763,131.80029296875,5.549333095550537,447118000,54000000.0,63108828.0,24930300.0,56870100,454140000.0,119000900,557458500.0
2013-05-15,13.102225303649902,13.32800006866455,22.704124450683594,26.368444442749023,27.503948211669922,0.34039440751075745,132.5101776123047,5.656000137329102,741613600,54410000.0,159276564.0,30299800.0,46303900,313172000.0,120718500,253180500.0
2013-05-16,13.277288436889648,13.206000328063965,22.406156539916992,25.90253257751465,27.690834045410156,0.33877333998680115,131.8879852294922,6.150000095367432,603204000,32870000.0,128255616.0,35499100.0,59382900,308368000.0,109913600,324210000.0
2013-05-17,13.236956596374512,13.494999885559082,22.537790298461914,26.02149200439453,28.332727432250977,0.34433087706565857,133.16429138183594,6.099999904632568,427904400,50546000.0,111568320.0,29462700.0,60666700,312116000.0,129801000,285033000.0
2013-05-20,13.532402038574219,13.381500244140625,22.52167510986328,25.53575325012207,28.503358840942383,0.34363609552383423,133.15635681152344,5.995999813079834,451578400,44180000.0,90817092.0,42402900.0,54020800,236380000.0,85071200,125226000.0
2013-05-21,13.432494163513184,13.442999839782715,22.483003616333008,25.43662452697754,28.316482543945312,0.3472435474395752,133.3477783203125,5.8393330574035645,456022000,34824000.0,79240680.0,26261300.0,48702400,357784000.0,95804200,134973000.0
2013-05-22,13.484127044677734,13.14799976348877,22.047954559326172,24.94097900390625,28.121482849121094,0.3351413309574127,132.35867309570312,5.815999984741211,443038400,66640000.0,102321576.0,45314500.0,66047500,480404000.0,244031800,128520000.0
2013-05-23,13.508262634277344,13.09000015258789,21.883604049682617,24.84185028076172,27.74770736694336,0.34049439430236816,131.9757843017578,6.182000160217285,353021200,40006000.0,90912996.0,37663100.0,51102700,393884000.0,211064400,180333000.0
2013-05-24,13.600224494934082,13.086999893188477,21.64885139465332,24.098377227783203,27.84520149230957,0.338399738073349,131.86412048339844,6.4720001220703125,276166800,33926000.0,91780128.0,58727900.0,33174400,283304000.0,151573900,241863000.0
2013-05-28,13.486875534057617,13.364500045776367,21.84592628479004,23.89020347595215,28.454608917236328,0.3381668031215668,132.65379333496094,7.355332851409912,386145200,69420000.0,90209700.0,50079700.0,48212100,279300000.0,143679800,295378500.0
2013-05-29,13.594115257263184,13.27649974822998,21.524660110473633,23.11699676513672,28.340845108032227,0.33607229590415955,131.79222106933594,6.975333213806152,330576400,38068000.0,80455464.0,64237800.0,38412200,335052000.0,160363400,376492500.0
2013-05-30,13.796671867370605,13.341500282287598,21.585390090942383,24.336292266845703,28.462726593017578,0.34049439430236816,132.2788848876953,6.99666690826416,353519600,33350000.0,84743172.0,60733200.0,51131000,284504000.0,107793800,242005500.0
2013-05-31,13.740150451660156,13.460000038146973,21.596790313720703,24.138029098510742,28.357097625732422,0.33677053451538086,130.38038635253906,6.517333030700684,384302800,67486000.0,78697224.0,35925000.0,56165700,577508000.0,176850100,227580000.0
2013-06-03,13.770398139953613,13.343999862670898,21.50779914855957,23.642383575439453,28.917741775512695,0.3363049626350403,131.09835815429688,6.172667026519775,372352400,50878000.0,98928972.0,35733800.0,51252600,444468000.0,168390700,287094000.0
2013-06-04,13.727320671081543,13.28499984741211,21.296348571777344,23.315256118774414,28.430234909057617,0.33677053451538086,130.4681396484375,6.322667121887207,292728800,41772000.0,74669256.0,34760800.0,65529500,363676000.0,157631500,132841500.0
2013-06-05,13.599006652832031,13.358499526977539,21.31122398376465,22.700651168823242,28.259597778320312,0.3295555114746094,128.6414337158203,6.357999801635742,290589600,70246000.0,84187728.0,53819700.0,46025100,464520000.0,211737800,183372000.0
2013-06-06,13.395830154418945,13.391500473022461,21.43368148803711,22.770044326782227,28.40585708618164,0.3316501975059509,129.80601501464844,6.489999771118164,416934000,49526000.0,103060836.0,31260700.0,37618500,341044000.0,200225500,142663500.0
2013-06-07,13.498180389404297,13.843500137329102,21.80774688720703,23.08725929260254,28.982744216918945,0.3363049626350403,131.45730590820312,6.802667140960693,404535600,92652000.0,106877016.0,38699200.0,40757300,274584000.0,188337800,160674000.0
2013-06-10,13.408967018127441,14.053500175476074,22.067785263061523,24.118202209472656,28.820241928100586,0.33607229590415955,131.45730590820312,6.670000076293945,450153200,61730000.0,93418488.0,58393000.0,35994500,224148000.0,105667100,138429000.0
2013-06-11,13.369553565979004,13.73900032043457,21.809730529785156,23.820816040039062,28.308353424072266,0.32978835701942444,130.10125732421875,6.297999858856201,286112400,61956000.0,70233696.0,29885900.0,39435900,296336000.0,159505400,110910000.0
2013-06-12,13.20427131652832,13.583499908447266,21.615633010864258,23.56307601928711,28.4383602142334,0.3269955813884735,129.0243377685547,6.51533317565918,265227200,44778000.0,88103808.0,26445800.0,37372700,312588000.0,177361500,137890500.0
2013-06-13,13.319452285766602,13.78950023651123,21.740074157714844,23.523422241210938,28.21084976196289,0.3344431519508362,130.9866180419922,6.545332908630371,285832400,52996000.0,82713204.0,31189300.0,45654900,236256000.0,163587800,89424000.0
2013-06-14,13.138891220092773,13.69950008392334,21.691486358642578,23.424299240112305,27.950838088989258,0.3339776396751404,130.16502380371094,6.686666965484619,271866000,43016000.0,89710200.0,30677100.0,53192600,236012000.0,141197500,98470500.0
2013-06-17,13.198466300964355,13.902999877929688,21.969371795654297,23.810901641845703,28.4383602142334,0.3372359871864319,131.17007446289062,6.813333034515381,259414400,57680000.0,85766148.0,33664500.0,49670100,255336000.0,136295600,105993000.0
2013-06-18,13.191442489624023,14.088000297546387,22.32559585571289,23.999250411987305,28.422100067138672,0.3351413309574127,132.20706176757812,6.892666816711426,195025600,42922000.0,86589324.0,36709100.0,28616500,486772000.0,114695600,131929500.0
2013-06-19,12.923497200012207,13.907999992370605,22.32708168029785,24.098377227783203,28.105222702026367,0.34538164734840393,130.38038635253906,6.97866678237915,310940000,56550000.0,116519364.0,31790600.0,30816200,1159588000.0,206149500,128683500.0
2013-06-20,12.735295295715332,13.67199993133545,21.931941986083984,23.691944122314453,27.21143913269043,0.33607229590415955,127.14978790283203,6.710000038146973,357310800,59680000.0,134745120.0,42765600.0,54493700,628696000.0,321255900,151597500.0
2013-06-21,12.633254051208496,13.668000221252441,21.837495803833008,24.316465377807617,27.032684326171875,0.33560678362846375,127.55801391601562,6.636666774749756,481118400,84020000.0,159132708.0,45833900.0,85338500,714228000.0,271956800,175779000.0
2013-06-24,12.298401832580566,13.530500411987305,21.56134605407715,23.73160171508789,27.3983211517334,0.3286248445510864,125.94618225097656,6.765999794006348,480746000,77276000.0,120555324.0,40626000.0,56109000,580772000.0,222329000,106797000.0
2013-06-25,12.301154136657715,13.604499816894531,21.472352981567383,24.03890037536621,27.357694625854492,0.3309520184993744,127.15703582763672,6.826666831970215,314162800,48992000.0,102025872.0,24713200.0,44073400,457360000.0,162262200,87730500.0
2013-06-26,12.161836624145508,13.878499984741211,21.657033920288086,23.949684143066406,27.91021728515625,0.32909008860588074,128.41604614257812,7.047999858856201,367724000,60590000.0,73182744.0,29890300.0,48665900,579752000.0,134848000,99039000.0
2013-06-27,12.030771255493164,13.8774995803833,21.74181365966797,24.445331573486328,28.129596710205078,0.32606467604637146,129.1697998046875,7.283332824707031,337246000,50390000.0,76982940.0,34694100.0,28993100,808036000.0,129483700,131173500.0
2013-06-28,12.114788055419922,13.884499549865723,21.823612213134766,24.66341781616211,28.064603805541992,0.32676273584365845,128.6405029296875,7.157332897186279,578516400,63866000.0,93878028.0,96778900.0,65545500,431536000.0,160402900,86229000.0
2013-07-01,12.50249195098877,14.104999542236328,22.009782791137695,24.594026565551758,27.918344497680664,0.3281592130661011,129.39431762695312,7.811999797821045,391053600,57764000.0,68923008.0,20582200.0,31055400,199524000.0,131954800,163554000.0
2013-07-02,12.78570556640625,14.18649959564209,21.871706008911133,24.197507858276367,27.577075958251953,0.327926367521286,129.27403259277344,7.8546671867370605,469865200,64764000.0,75584340.0,18394100.0,37630000,256392000.0,154863700,180961500.0
2013-07-03,12.856285095214844,14.201499938964844,21.973838806152344,24.306550979614258,27.633955001831055,0.3288573920726776,129.33018493652344,7.682666778564453,240928800,27460000.0,41838120.0,10404400.0,15994400,140388000.0,75216400,72100500.0
2013-07-05,12.753015518188477,14.293999671936035,22.148847579956055,24.15785789489746,27.796457290649414,0.33141759037971497,130.7254638671875,8.005999565124512,274024800,39708000.0,68007924.0,20229500.0,26085900,184684000.0,122416900,102280500.0
2013-07-08,12.680606842041016,14.529500007629395,22.436403274536133,24.49489402770996,27.893962860107422,0.32978835701942444,131.47125244140625,8.107333183288574,298138400,60934000.0,78701220.0,27064600.0,32396900,262084000.0,108092500,117213000.0
2013-07-09,12.903637886047363,14.576499938964844,22.440120697021484,25.258195877075195,27.91021728515625,0.33141759037971497,132.41748046875,8.229999542236328,352584400,55512000.0,79096824.0,30387900.0,25318500,157364000.0,119298000,129049500.0
2013-07-10,12.854145050048828,14.616499900817871,22.45871353149414,25.575407028198242,28.19459342956543,0.33583950996398926,132.46560668945312,8.15133285522461,281405600,36204000.0,68267664.0,26721800.0,29658800,208468000.0,121410100,84001500.0
2013-07-11,13.054564476013184,14.982999801635742,22.81195831298828,25.58531951904297,28.998998641967773,0.34049439430236816,134.26986694335938,8.37399959564209,326292400,80146000.0,103264632.0,26777400.0,53638300,239832000.0,135592200,112254000.0
2013-07-12,13.030735969543457,15.3774995803833,22.880374908447266,25.684450149536133,28.982744216918945,0.3407270312309265,134.32601928710938,8.65999984741211,279563200,90786000.0,102625272.0,16537900.0,35501200,216360000.0,104212700,170160000.0
2013-07-15,13.059148788452148,15.328499794006348,22.922266006469727,26.05122947692871,29.38901138305664,0.34002885222435,134.83924865722656,8.484000205993652,241917200,44912000.0,78341580.0,24234000.0,34142600,201332000.0,69450600,148836000.0
2013-07-16,13.143473625183105,15.343500137329102,22.79633903503418,26.09088134765625,29.470260620117188,0.3418906629085541,134.33396911621094,7.269999980926514,216538000,53204000.0,79240680.0,30817600.0,36378500,162560000.0,88702100,485578500.0
2013-07-17,13.146829605102539,15.434499740600586,22.770065307617188,26.418006896972656,29.039623260498047,0.34002885222435,134.6788330078125,8.016667366027832,198990400,40594000.0,60183756.0,21518500.0,37285100,166100000.0,92873900,390435000.0
2013-07-18,13.191131591796875,15.205499649047852,22.574974060058594,25.952098846435547,28.795856475830078,0.3386322855949402,135.41651916503906,7.935332775115967,218878800,61276000.0,145234620.0,24806900.0,49547100,344488000.0,103620100,170971500.0
2013-07-19,12.983074188232422,15.261500358581543,22.22594451904297,25.65471076965332,25.513269424438477,0.33141759037971497,135.6571807861328,7.97866678237915,268721600,59462000.0,294077628.0,46539700.0,248428500,480532000.0,103831700,88354500.0
2013-07-22,13.024628639221191,15.173999786376953,22.575471878051758,25.823230743408203,26.00890350341797,0.3311848044395447,135.92178344726562,8.161999702453613,207796400,50414000.0,116011872.0,27526300.0,79040700,292384000.0,79428600,146967000.0
2013-07-23,12.800984382629395,15.053000450134277,22.404428482055664,25.90253257751465,25.85453224182129,0.3307192921638489,135.6331329345703,8.182666778564453,369395600,39992000.0,81746172.0,28221600.0,65810400,246792000.0,80829700,116046000.0
2013-07-24,13.458462715148926,14.946999549865723,22.382112503051758,26.279226303100586,25.968280792236328,0.3307192921638489,135.13592529296875,8.113332748413086,591936800,40010000.0,83056860.0,82635600.0,52803100,284252000.0,112914000,103035000.0
2013-07-25,13.397052764892578,15.170000076293945,22.00531578063965,34.06089782714844,25.505142211914062,0.331883043050766,135.46466064453125,8.271332740783691,229493600,108116000.0,119923956.0,365457900.0,63213000,243320000.0,111088600,79264500.0
2013-07-26,13.473126411437988,15.600500106811523,21.947063446044922,33.71393585205078,25.692026138305664,0.3304864764213562,135.60903930664062,8.62600040435791,200152400,176350000.0,71036892.0,136028900.0,38633600,227360000.0,107814600,144496500.0
2013-07-29,13.680882453918457,15.305000305175781,21.870712280273438,35.12158203125,25.62701988220215,0.32978835701942444,135.1920623779297,8.974666595458984,248057600,64236000.0,75600324.0,124718800.0,28870700,179540000.0,79695000,145183500.0
2013-07-30,13.849837303161621,15.120499610900879,22.08514404296875,37.302425384521484,25.878902435302734,0.33537396788597107,135.1920623779297,8.78266716003418,309422400,61068000.0,70153776.0,173582800.0,45799500,266076000.0,85209600,196905000.0
2013-07-31,13.825695991516113,15.060999870300293,22.006561279296875,36.479652404785156,25.870779037475586,0.33607229590415955,135.28826904296875,8.95199966430664,322957600,37826000.0,86853060.0,154828700.0,43898400,270160000.0,142388700,95275500.0
2013-08-01,13.952488899230957,15.278499603271484,22.41483497619629,37.16365051269531,25.732648849487305,0.3407270312309265,136.85194396972656,9.036666870117188,206250800,59434000.0,85450464.0,106066500.0,42557900,277648000.0,110438400,79854000.0
2013-08-02,14.1315279006958,15.21049976348877,22.47308921813965,37.718772888183594,25.91140365600586,0.34351974725723267,137.0845184326172,9.199999809265137,274783600,50052000.0,68487444.0,73058500.0,29199900,209628000.0,91116700,94048500.0
2013-08-05,14.34264087677002,15.049500465393066,22.434171676635742,38.84885025024414,25.757028579711914,0.34514912962913513,136.884033203125,9.645333290100098,318855600,44664000.0,52335612.0,79994800.0,30984000,185188000.0,54072700,153010500.0
2013-08-06,14.214320182800293,15.037500381469727,22.22519874572754,38.214420318603516,25.659517288208008,0.34002885222435,136.10626220703125,9.476667404174805,334857600,36980000.0,60183756.0,63950800.0,36331500,206608000.0,87495000,138817500.0
2013-08-07,14.206068992614746,14.845499992370605,22.078449249267578,38.5316276550293,26.049541473388672,0.3397959768772125,135.66517639160156,8.9486665725708,298858000,39220000.0,55112832.0,68854800.0,38078600,244380000.0,84854700,273183000.0
2013-08-08,14.177779197692871,14.786999702453613,22.12827491760254,38.20450210571289,26.723928451538086,0.3421233296394348,136.162353515625,10.232000350952148,255777200,46868000.0,59460480.0,41301000.0,59034400,345696000.0,102181300,408702000.0
2013-08-09,13.976029396057129,14.86299991607666,22.07250213623047,38.164852142333984,26.569551467895508,0.3372359871864319,135.76937866210938,10.199999809265137,266865200,39006000.0,52895052.0,43532300.0,26800700,906224000.0,91757700,133915500.0
2013-08-12,14.373064041137695,14.834500312805176,21.951032638549805,37.88729476928711,26.70767593383789,0.3344431519508362,135.60903930664062,9.825332641601562,364434000,30090000.0,55024920.0,31161000.0,25493700,257568000.0,68593300,223683000.0
2013-08-13,15.056102752685547,14.69849967956543,21.845426559448242,36.69773864746094,26.372196197509766,0.33560678362846375,136.00999450683594,9.695332527160645,881941200,46998000.0,56735208.0,65379200.0,39464100,197468000.0,80806000,131233500.0
2013-08-14,15.330738067626953,14.567000389099121,21.561843872070312,36.33095932006836,26.470382690429688,0.3498036563396454,135.31231689453125,9.290666580200195,756372400,28300000.0,83204712.0,48423900.0,48519600,828508000.0,79829200,175407000.0
2013-08-15,15.312589645385742,14.32349967956543,21.310230255126953,36.24174118041992,26.012163162231445,0.352131187915802,133.41989135742188,9.311332702636719,490294000,45228000.0,74693232.0,56521100.0,33338000,723616000.0,152931800,152688000.0
2013-08-16,15.448517799377441,14.241000175476074,21.242063522338867,36.7572135925293,26.020353317260742,0.35352763533592224,132.97879028320312,9.466667175292969,362306000,48450000.0,66936996.0,45840800.0,32866300,660456000.0,130868200,106621500.0
2013-08-19,15.614897727966309,14.278499603271484,21.458717346191406,37.48086166381836,25.684865951538086,0.3479417860507965,132.1287841796875,9.65999984741211,510518400,49548000.0,72363564.0,57609600.0,27902500,393432000.0,96437600,120565500.0
2013-08-20,15.409767150878906,14.354499816894531,21.45301628112793,38.07563781738281,25.873064041137695,0.3496960997581482,132.77835083007812,9.972000122070312,358688400,31726000.0,49270680.0,57995200.0,22979600,234192000.0,89294400,96273000.0
2013-08-21,15.449440956115723,14.228500366210938,21.549943923950195,37.98642349243164,25.864885330200195,0.3480587303638458,131.96038818359375,9.857333183288574,335879600,36306000.0,70221708.0,46116900.0,37409100,261540000.0,159530500,93994500.0
2013-08-22,15.467894554138184,14.486499786376953,21.658517837524414,38.214420318603516,26.50311279296875,0.34993013739585876,133.16322326660156,10.473333358764648,244207600,28452000.0,34761204.0,21931200.0,31169900,129016000.0,101471400,158886000.0
2013-08-23,15.408235549926758,14.500499725341797,21.571758270263672,40.19700241088867,28.434185028076172,0.34993013739585876,133.6123046875,10.78933334350586,222731600,39238000.0,43040916.0,86442300.0,225493800,245120000.0,90888900,193978500.0
2013-08-26,15.468207359313965,14.310500144958496,21.477062225341797,40.98013687133789,27.943239212036133,0.3506319224834442,133.11508178710938,10.947999954223633,330965600,34234000.0,42057900.0,94162400.0,72786800,300152000.0,89702100,362566500.0
2013-08-27,15.025961875915527,14.046500205993652,21.074487686157227,39.29492950439453,27.21499252319336,0.3461874723434448,130.97406005859375,11.133999824523926,424188800,49520000.0,69294636.0,72695100.0,58522300,277464000.0,158619400,263503500.0
2013-08-28,15.097002983093262,14.079000473022461,21.034822463989258,40.19700241088867,27.01861000061035,0.3461874723434448,131.43914794921875,11.096667289733887,307608000,29142000.0,53142804.0,57918200.0,44257400,318824000.0,108113000,221101500.0
2013-08-29,15.121610641479492,14.199000358581543,21.20537567138672,40.92064666748047,27.452285766601562,0.3454858064651489,131.64767456054688,11.070667266845703,239657600,31328000.0,59080860.0,58303400.0,45284700,276216000.0,119200500,141540000.0
2013-08-30,14.983832359313965,14.048999786376953,20.993921279907227,40.93055725097656,27.32954216003418,0.3450179100036621,131.23069763183594,11.266667366027832,272297200,30694000.0,74389536.0,67735100.0,42790200,378120000.0,134928900,165426000.0
2013-09-03,15.025659561157227,14.4399995803833,21.32807731628418,41.50551223754883,26.085805892944336,0.34525179862976074,131.82406616210938,11.262666702270508,331928800,57952000.0,81822096.0,48774900.0,154507000,284680000.0,142375100,180916500.0
2013-09-04,15.336577415466309,14.682000160217285,21.606956481933594,41.41629409790039,25.529403686523438,0.3485266864299774,132.91470336914062,11.374667167663574,345032800,48772000.0,81566352.0,42581900.0,142320600,222080000.0,97389400,172135500.0
2013-09-05,15.231401443481445,14.704999923706055,21.803537368774414,42.288639068603516,25.553945541381836,0.3494623303413391,133.08311462402344,11.328666687011719,236367600,36332000.0,51600348.0,50035400.0,71644900,174904000.0,63090500,100279500.0
2013-09-06,15.322128295898438,14.793000221252441,21.804033279418945,43.56740951538086,25.488483428955078,0.3480587303638458,133.14720153808594,11.131333351135254,359525600,45840000.0,62401536.0,117535700.0,75434900,226756000.0,159756500,129295500.0
2013-09-09,15.56661319732666,14.98550033569336,22.013994216918945,43.65662384033203,25.90579605102539,0.35390663146972656,134.42227172851562,10.713333129882812,340687200,32872000.0,49334616.0,75794700.0,49628500,246408000.0,87559300,215167500.0
2013-09-10,15.212021827697754,15.017999649047852,22.02936363220215,43.22045135498047,26.50311279296875,0.3613917827606201,135.41651916503906,11.091333389282227,743195600,35568000.0,51452496.0,54540300.0,56881200,292132000.0,105847200,134517000.0
2013-09-11,14.383830070495605,14.982000350952148,22.21578025817871,44.647926330566406,26.789501190185547,0.367473304271698,135.84156799316406,10.90133285522461,898696400,34852000.0,64359576.0,72328300.0,39087500,396164000.0,94545900,87487500.0
2013-09-12,14.536983489990234,14.942999839782715,22.138187408447266,44.36044692993164,26.74859046936035,0.36723950505256653,135.48077392578125,10.995332717895508,404051200,32124000.0,43776180.0,68072300.0,32860200,303808000.0,83209000,92400000.0
2013-09-13,14.297410011291504,14.895999908447266,22.03927993774414,43.92427444458008,27.02680206298828,0.36957859992980957,135.78541564941406,11.03600025177002,298835600,27012000.0,52962984.0,52765300.0,40899000,159696000.0,72727800,81018000.0
2013-09-16,13.842870712280273,14.803000450134277,22.006805419921875,42.13994598388672,26.838603973388672,0.3698124885559082,136.57130432128906,11.10533332824707,543706800,36168000.0,53406540.0,70424200.0,52839700,231412000.0,106299200,113623500.0
2013-09-17,14.002786636352539,15.208499908447266,21.965904235839844,44.67766189575195,26.944969177246094,0.3709821403026581,137.18077087402344,11.081999778747559,399380800,45930000.0,50325624.0,91934600.0,84716500,168608000.0,82523300,82453500.0
2013-09-18,14.290642738342285,15.601499557495117,22.39252471923828,44.83626937866211,27.26409149169922,0.37425681948661804,138.76849365234375,11.08133316040039,456862000,58928000.0,77310612.0,79317000.0,64099900,268168000.0,203460600,81595500.0
2013-09-19,14.524985313415527,15.602999687194824,22.270315170288086,45.57973861694336,27.52592658996582,0.3726194500923157,138.5360107421875,11.861332893371582,404541200,47018000.0,63852084.0,63972400.0,42026600,227572000.0,146616900,233919000.0
2013-09-20,14.374601364135742,15.817000389099121,22.387317657470703,47.076595306396484,26.83041763305664,0.36934468150138855,137.56735229492188,12.22599983215332,699302800,106046000.0,173638188.0,115508400.0,102904900,356036000.0,132867100,201025500.0
2013-09-23,15.089015007019043,15.57450008392334,21.975568771362305,46.779205322265625,26.789501190185547,0.3658360540866852,136.9308319091797,12.074000358581543,762106800,37698000.0,71024904.0,75177000.0,39826100,271244000.0,104616500,122601000.0
2013-09-24,15.041650772094727,15.706500053405762,21.98400115966797,48.028236389160156,26.55221176147461,0.36723950505256653,136.6084747314453,12.155332565307617,364344400,40672000.0,59412528.0,136716100.0,40685000,229732000.0,106333100,94101000.0
2013-09-25,14.808846473693848,15.632499694824219,21.745777130126953,49.029441833496094,26.601308822631836,0.3677073121070862,136.213623046875,12.349332809448242,316957200,40172000.0,65894040.0,87879700.0,28907500,233156000.0,117306500,123790500.0
2013-09-26,14.953076362609863,15.906000137329102,21.76907730102539,49.95134353637695,26.814050674438477,0.3665377199649811,136.7374267578125,12.576000213623047,237221600,39798000.0,50345604.0,98220100.0,28504000,148816000.0,77146900,99216000.0
2013-09-27,14.846362113952637,15.80049991607666,21.724958419799805,50.793949127197266,27.223176956176758,0.3644326329231262,136.10894775390625,12.726667404174805,228040400,33150000.0,50301648.0,81410500.0,55348000,151920000.0,99141800,88746000.0
2013-09-30,14.661835670471191,15.631999969482422,21.713056564331055,49.79274368286133,27.231355667114258,0.3639647662639618,135.3836212158203,12.891332626342773,260156400,32472000.0,68827104.0,100095000.0,39839500,226640000.0,143937000,133870500.0
2013-10-01,15.006595611572266,16.047500610351562,21.987964630126953,49.981082916259766,27.476839065551758,0.36373084783554077,136.45538330078125,12.866666793823242,353883600,47928000.0,67324608.0,98114000.0,36718700,226976000.0,127160000,116338500.0
2013-10-02,15.055791854858398,16.02549934387207,22.012510299682617,49.84230422973633,27.75503921508789,0.36349695920944214,136.32644653320312,12.063332557678223,289184000,44348000.0,59752188.0,62834000.0,46946800,162036000.0,113350000,311631000.0
2013-10-03,14.866659164428711,15.73799991607666,21.717514038085938,48.75188064575195,27.705934524536133,0.3597542643547058,135.0693817138672,11.553999900817871,322753200,53496000.0,84595320.0,82045000.0,38703800,436768000.0,176698000,357247500.0
2013-10-04,14.85498046875,15.95199966430664,21.624807357788086,50.5956916809082,27.722305297851562,0.3646664321422577,136.09280395507812,12.065333366394043,258868400,36300000.0,54265680.0,74447000.0,33008100,246228000.0,96878000,216210000.0
2013-10-07,15.000131607055664,15.501500129699707,21.460948944091797,50.08021545410156,27.247724533081055,0.3646664321422577,134.91632080078125,12.204667091369629,312292400,41664000.0,51692256.0,57204000.0,35069300,169952000.0,96295000,172284000.0
2013-10-08,14.79069995880127,15.161499977111816,21.1617431640625,46.729637145996094,27.01043701171875,0.3616255521774292,133.344970703125,11.648667335510254,290917200,63324000.0,77670252.0,136081000.0,41017600,290712000.0,178015000,206358000.0
2013-10-09,14.964463233947754,14.911499977111816,21.216028213500977,46.36286544799805,27.05953025817871,0.3560117781162262,133.44161987304688,11.251999855041504,301725200,64948000.0,105945948.0,147297000.0,35878600,275860000.0,168973000,229747500.0
2013-10-10,15.058262825012207,15.258500099182129,21.522918701171875,48.62301254272461,27.624113082885742,0.3599882125854492,136.3184356689453,11.528667449951172,278602800,51102000.0,90121788.0,99774000.0,42875100,223484000.0,195955000,133258500.0
2013-10-11,15.155749320983887,15.544500350952148,21.615882873535156,48.6824951171875,27.926877975463867,0.3569474220275879,137.19674682617188,11.91333293914795,267738800,43262000.0,56299644.0,58428000.0,30033300,213704000.0,105040000,124666500.0
2013-10-14,15.25507926940918,15.53499984741211,21.7180118560791,49.079010009765625,28.18871307373047,0.36232733726501465,137.7446746826172,11.981332778930664,261898000,38782000.0,49694256.0,68781000.0,27757900,166628000.0,112106000,116544000.0
2013-10-15,15.336267471313477,15.319999694824219,21.864269256591797,49.06909942626953,28.221439361572266,0.36045607924461365,136.74549865722656,12.262666702270508,320073600,45222000.0,63612324.0,81167000.0,47097800,208820000.0,155485000,164677500.0
2013-10-16,15.411006927490234,15.524499893188477,22.261390686035156,50.694820404052734,28.344181060791016,0.36490026116371155,138.65521240234375,12.237333297729492,251101200,43414000.0,80223696.0,64678000.0,35111600,210072000.0,161676000,123081000.0
2013-10-17,15.515254974365234,15.53849983215332,22.032339096069336,51.7555046081543,28.57328224182129,0.365602046251297,139.58192443847656,12.186667442321777,253593200,52968000.0,170093736.0,71522000.0,31359200,213324000.0,129389000,100575000.0
2013-10-18,15.650259017944336,16.446500778198242,25.071983337402344,53.748008728027344,28.606016159057617,0.3698124885559082,140.52468872070312,12.226667404174805,290542000,119396000.0,462193344.0,88260000.0,41811700,255068000.0,138316000,88962000.0
2013-10-21,16.033767700195312,16.32200050354004,24.870946884155273,53.381229400634766,28.63055992126465,0.3707480728626251,140.5327911376953,11.506667137145996,398106800,50446000.0,144986868.0,58235000.0,27433500,195008000.0,104104000,172981500.0
2013-10-22,15.987942695617676,16.62700080871582,24.96265983581543,52.22141647338867,28.29508399963379,0.3688768744468689,141.3466033935547,11.435999870300293,534063600,78710000.0,88255656.0,83204000.0,40438500,179452000.0,126663000,170800500.0
2013-10-23,16.144481658935547,16.33799934387207,25.567768096923828,51.44819641113281,27.624113082885742,0.3625612258911133,140.66969299316406,10.966667175292969,313723200,56364000.0,106421472.0,57207000.0,58600500,252216000.0,105484000,199806000.0
2013-10-24,16.358219146728516,16.61050033569336,25.422502517700195,51.993412017822266,27.591384887695312,0.3599882125854492,141.1371307373047,11.543333053588867,384764800,117694000.0,83600316.0,46775000.0,53209700,236436000.0,70350000,162385500.0
2013-10-25,16.175233840942383,18.16950035095215,25.16593360900879,51.497772216796875,29.236066818237305,0.3564794957637787,141.78173828125,11.310667037963867,337792000,240736000.0,81138780.0,45085000.0,113494000,330492000.0,93625000,113932500.0
2013-10-28,16.29578971862793,17.908000946044922,25.160974502563477,49.79274368286133,29.105146408081055,0.3557778596878052,142.00741577148438,10.857333183288574,550440800,72716000.0,46301652.0,73472000.0,38383600,394024000.0,84979000,117625500.0
2013-10-29,15.889837265014648,18.135000228881836,25.687498092651367,48.96996307373047,29.06423568725586,0.3562454879283905,142.76480102539062,10.964667320251465,635807200,43708000.0,64135800.0,102143000.0,31702200,387952000.0,87401000,211675500.0
2013-10-30,16.14263343811035,18.054000854492188,25.543222427368164,48.5833625793457,29.080595016479492,0.3560117781162262,142.05572509765625,10.614666938781738,354163600,90044000.0,52911036.0,127073000.0,36997700,204032000.0,140002000,126027000.0
2013-10-31,16.07497787475586,18.201499938964844,25.547189712524414,49.772911071777344,28.974233627319336,0.3553101420402527,141.65281677246094,10.662667274475098,275696400,49336000.0,65534400.0,248809000.0,41682300,293368000.0,133795000,140007000.0
2013-11-01,15.992865562438965,17.950000762939453,25.459436416625977,49.31692123413086,29.072410583496094,0.3569474220275879,141.9912872314453,10.811332702636719,274890000,66620000.0,51280668.0,95033000.0,40264600,206136000.0,142805000,107709000.0
2013-11-04,16.199527740478516,17.937000274658203,25.436382293701172,47.80023956298828,29.407901763916016,0.3466552793979645,142.49087524414062,11.680000305175781,244627600,38768000.0,45506448.0,80371000.0,28060700,410264000.0,85677000,196806000.0
2013-11-05,16.1595458984375,17.944499969482422,25.322601318359375,49.67378234863281,29.98068618774414,0.3461874723434448,142.0396270751953,11.787332534790039,265213200,40142000.0,47208744.0,76835000.0,51681900,422368000.0,85825000,337006500.0
2013-11-06,16.1137638092041,17.80900001525879,25.353092193603516,48.69240188598633,31.240785598754883,0.3485266864299774,142.76480102539062,10.077333450317383,223375600,45646000.0,36479484.0,67889000.0,88948800,198044000.0,87348000,466075500.0
2013-11-07,15.852998733520508,17.17799949645996,24.9862117767334,47.1459846496582,30.68437957763672,0.34033966064453125,140.9598388671875,9.317999839782715,262620400,84926000.0,67116816.0,97128000.0,60437400,553076000.0,157000000,334270500.0
2013-11-08,16.102632522583008,17.515499114990234,25.18651008605957,47.11624526977539,30.91347885131836,0.3639647662639618,142.86158752441406,9.196666717529297,279316800,53138000.0,51580368.0,70731000.0,36737800,734532000.0,136713000,337168500.0
2013-11-11,16.055923461914062,17.7189998626709,25.051654815673828,45.79782485961914,30.758014678955078,0.36700552701950073,142.88572692871094,9.646666526794434,227452400,45234000.0,44459496.0,80910000.0,26872500,297624000.0,62614000,209964000.0
2013-11-12,16.085617065429688,17.476499557495117,25.081153869628906,46.204254150390625,30.569820404052734,0.3677073121070862,142.5956573486328,9.186667442321777,204276800,46862000.0,48675276.0,68196000.0,31651600,316032000.0,83990000,224778000.0
2013-11-13,16.104795455932617,17.81100082397461,25.594043731689453,48.28596878051758,31.22442054748535,0.3777654469013214,143.73988342285156,9.24666690826416,197220800,55466000.0,63112824.0,79245000.0,44957600,332792000.0,103844000,189874500.0
2013-11-14,16.337722778320312,18.3700008392334,25.66246223449707,48.563541412353516,31.1098690032959,0.37940287590026855,144.4570770263672,9.173333168029785,282419200,83196000.0,46621332.0,75117000.0,46183700,307980000.0,103435000,183055500.0
2013-11-15,16.23967170715332,18.458499908447266,25.621065139770508,48.5833625793457,30.962581634521484,0.3782332241535187,145.08558654785156,9.029999732971191,317920400,89832000.0,51000948.0,42453000.0,50601300,450332000.0,102818000,148503000.0
2013-11-18,16.042924880981445,18.30900001525879,25.571239471435547,45.4310417175293,30.438899993896484,0.3691106140613556,144.57789611816406,8.10533332824707,244944000,54748000.0,70317612.0,85910000.0,53277500,316948000.0,104796000,347073000.0
2013-11-19,16.071392059326172,18.246999740600586,25.413827896118164,45.95643615722656,30.290491104125977,0.363113671541214,144.263671875,8.406000137329102,208938800,38096000.0,45218736.0,75602000.0,44275000,206716000.0,93891000,297243000.0
2013-11-20,15.930635452270508,18.12849998474121,25.342182159423828,46.02582550048828,30.570816040039062,0.3577045500278473,143.81243896484375,8.074000358581543,193916800,35430000.0,38509452.0,53933000.0,32229900,204776000.0,124909000,207744000.0
2013-11-21,16.120573043823242,18.445999145507812,25.633705139160156,46.29347610473633,30.834623336791992,0.3605267405509949,144.97274780273438,8.140000343322754,262026800,39292000.0,43628328.0,34886000.0,23064700,213568000.0,92841000,178557000.0
2013-11-22,16.07912826538086,18.61549949645996,25.579668045043945,45.82756423950195,30.97479248046875,0.35699906945228577,145.69798278808594,8.092000007629395,223725600,59310000.0,50117832.0,40545000.0,27982000,158668000.0,81296000,166450500.0
2013-11-25,16.20100212097168,18.832000732421875,25.927705764770508,44.429840087890625,31.032503128051758,0.36476007103919983,145.55294799804688,8.055999755859375,229311600,59446000.0,64455480.0,82565000.0,30646800,248208000.0,79486000,154009500.0
2013-11-26,16.49981117248535,19.068500518798828,26.237075805664062,45.49052429199219,30.79340934753418,0.36781734228134155,145.59324645996094,8.033332824707031,401382800,54488000.0,91360548.0,82016000.0,34465300,753176000.0,86994000,208282500.0
2013-11-27,16.888341903686523,19.335500717163086,26.353580474853516,46.085304260253906,30.999540328979492,0.3692283630371094,145.94778442382812,8.462667465209961,363448400,45394000.0,44899056.0,44993000.0,26002100,181272000.0,58800000,185514000.0
2013-11-29,17.201072692871094,19.680999755859375,26.26632308959961,46.60077667236328,31.436492919921875,0.3668765127658844,145.85107421875,8.485333442687988,318127600,48120000.0,47664288.0,22953900.0,22090400,116964000.0,55870900,145743000.0
2013-12-02,17.051362991333008,19.614999771118164,26.1396541595459,46.650333404541016,31.700315475463867,0.37040430307388306,145.4723663330078,8.277999877929688,472544800,94280000.0,54873072.0,50774000.0,42950400,373872000.0,99726000,116268000.0
2013-12-03,17.51813507080078,19.232999801635742,26.10940933227539,46.32320785522461,31.584897994995117,0.3701690435409546,144.8438262939453,9.646666526794434,450968000,74058000.0,66976956.0,32086000.0,52109800,290560000.0,116563000,385236000.0
2013-12-04,17.47730827331543,19.29800033569336,26.231372833251953,48.196754455566406,32.10429382324219,0.3753429651260376,144.8277130126953,9.263333320617676,377809600,47106000.0,47616336.0,60890000.0,51983600,493176000.0,123033000,197215500.0
2013-12-05,17.56700897216797,19.22450065612793,26.210548400878906,47.9192008972168,31.329301834106445,0.3692283630371094,144.1911163330078,9.36533260345459,447580000,38130000.0,45302652.0,43855000.0,116305000,271812000.0,106934000,139326000.0
2013-12-06,17.32326316833496,19.34749984741211,26.52115249633789,47.52267837524414,31.626127243041992,0.36381933093070984,145.80271911621094,9.157333374023438,344352400,39694000.0,57094848.0,42938000.0,36457300,281000000.0,127728000,118644000.0
2013-12-09,17.52153968811035,19.24449920654297,26.726163864135742,48.41483688354492,31.914674758911133,0.3577045500278473,146.17337036132812,9.4399995803833,320493600,55236000.0,59244696.0,36056000.0,30286000,385220000.0,70124000,135922500.0
2013-12-10,17.494319915771484,19.388999938964844,26.88779067993164,49.81256866455078,31.420005798339844,0.3659357726573944,145.64967346191406,9.47933292388916,278269600,54736000.0,74081844.0,68479000.0,37828600,524268000.0,80976000,161223000.0
2013-12-11,17.364704132080078,19.109500885009766,26.70509147644043,48.95014190673828,31.007776260375977,0.362408310174942,144.0138702392578,9.3100004196167,359718800,49026000.0,68403528.0,65776000.0,39853400,414156000.0,130591000,107067000.0
2013-12-12,17.33934783935547,19.0625,26.523386001586914,51.37881088256836,30.686237335205078,0.35535284876823425,143.53842163085938,9.83133316040039,262290000,42474000.0,63796140.0,92723000.0,36012800,258724000.0,115565000,161517000.0
2013-12-13,17.150346755981445,19.211999893188477,26.296070098876953,52.855838775634766,30.249277114868164,0.3532363176345825,143.5222625732422,9.84333324432373,332822000,60500000.0,86409504.0,82641000.0,40066100,184588000.0,107808000,158878500.0
2013-12-16,17.24530601501465,19.44849967956543,26.59825325012207,53.341575622558594,30.414173126220703,0.3537066578865051,144.41677856445312,9.862667083740234,282592800,45034000.0,64015920.0,85119000.0,31734200,237620000.0,96195000,100129500.0
2013-12-17,17.16766929626465,19.38249969482422,26.52090835571289,54.382442474365234,30.109107971191406,0.35535284876823425,143.9574432373047,10.163999557495117,229902400,46878000.0,61366572.0,78751000.0,45687700,274104000.0,89886000,157425000.0
2013-12-18,17.037126541137695,19.79800033569336,26.89002227783203,55.08625411987305,30.158586502075195,0.3602915406227112,146.41514587402344,9.86533260345459,565863200,69782000.0,88323588.0,76003000.0,63192100,426232000.0,234906000,173728500.0
2013-12-19,16.841936111450195,19.75950050354004,26.92646026611328,54.57078170776367,29.886510848999023,0.36170265078544617,146.24595642089844,9.381333351135254,320308800,48544000.0,66561372.0,89753200.0,34160100,258544000.0,136531200,191100000.0
2013-12-20,16.982990264892578,20.110000610351562,27.283422470092773,54.640174865722656,30.33995246887207,0.3689931333065033,147.0965576171875,9.549332618713379,436413600,100678000.0,130333536.0,239824000.0,62649100,382080000.0,197087000,111189000.0
2013-12-23,17.634765625,20.145999908447266,27.64236831665039,57.26710891723633,30.191553115844727,0.37110981345176697,147.8824920654297,9.569999694824219,501306400,53190000.0,68795136.0,98297000.0,25128700,168568000.0,85598000,80782500.0
2013-12-24,17.559894561767578,19.959999084472656,27.56155776977539,57.45545196533203,30.570816040039062,0.3720504939556122,148.20657348632812,10.093999862670898,167554800,27608000.0,29338632.0,46617800.0,14243000,79600000.0,45368800,149122500.0
2013-12-26,17.44327735900879,20.219499588012695,27.700870513916016,57.227455139160156,30.86760902404785,0.3685228228569031,148.9600830078125,10.366666793823242,204008000,37370000.0,53458488.0,55101000.0,17612800,168920000.0,63365000,106942500.0
2013-12-27,17.325424194335938,19.90399932861328,27.72417449951172,54.95738220214844,30.743942260742188,0.3706393837928772,148.95193481445312,10.074666976928711,225884400,39738000.0,62725212.0,60466000.0,14563000,210976000.0,61814000,81903000.0
2013-12-30,17.153125762939453,19.668500900268555,27.502559661865234,53.24244689941406,30.743942260742188,0.3755781054496765,148.92767333984375,10.162667274475098,253629600,49742000.0,49394556.0,68307000.0,16290500,248180000.0,56857000,67012500.0
2013-12-31,17.35418701171875,19.93950080871582,27.781431198120117,54.17426681518555,30.842878341674805,0.3767540454864502,149.6324920654297,10.028667449951172,223084400,39930000.0,54261684.0,43076200.0,17503500,235776000.0,86119900,63936000.0
2014-01-02,17.110126495361328,19.898500442504883,27.593286514282227,54.233741760253906,30.636760711669922,0.3729912340641022,148.19847106933594,10.006667137145996,234684800,42756000.0,72783144.0,43195500.0,30632200,260092000.0,119636900,92826000.0
2014-01-03,16.73429298400879,19.82200050354004,27.39199447631836,54.085052490234375,30.430644989013672,0.3685228228569031,148.17420959472656,9.970666885375977,392467600,44204000.0,66601332.0,38246200.0,31134800,259332000.0,81390600,70425000.0
2014-01-06,16.825542449951172,19.681499481201172,27.69740104675293,56.702064514160156,29.787582397460938,0.3734614849090576,147.7447509765625,9.800000190734863,412610800,63412000.0,70701228.0,68852600.0,43603700,409492000.0,108028200,80416500.0
2014-01-07,16.705209732055664,19.901500701904297,28.23135757446289,57.41579055786133,30.01841926574707,0.3795761168003082,148.6521453857422,9.957332611083984,317209200,38320000.0,102001896.0,77207400.0,35802800,333288000.0,86144200,75511500.0
2014-01-08,16.811004638671875,20.09600067138672,28.29011344909668,57.72309875488281,29.48251724243164,0.38475000858306885,148.68460083007812,10.085332870483398,258529600,46330000.0,89610300.0,56682400.0,59971700,308192000.0,96582300,92448000.0
2014-01-09,16.59632682800293,20.050500869750977,28.01767921447754,56.72189712524414,29.29290199279785,0.37040430307388306,148.78175354003906,9.835332870483398,279148800,42060000.0,83296620.0,92253300.0,36516300,292172000.0,90683400,80730000.0
2014-01-10,16.485586166381836,19.882999420166016,28.016193389892578,57.43561553955078,29.713390350341797,0.36993393301963806,149.18692016601562,9.714667320251465,304976000,53590000.0,85654260.0,42449500.0,40548800,218492000.0,102026400,111691500.0
2014-01-13,16.571884155273438,19.548999786376953,27.83770751953125,55.42329788208008,28.839460372924805,0.36123237013816833,147.2019805908203,9.28933334350586,378492800,56898000.0,96659244.0,63010900.0,45901900,243332000.0,149892000,94741500.0
2014-01-14,16.901641845703125,19.87700080871582,28.49263572692871,57.23737335205078,29.499011993408203,0.3725208342075348,148.80612182617188,10.751333236694336,332561600,46802000.0,99204696.0,37503600.0,41623300,241828000.0,105016100,414105000.0
2014-01-15,17.240978240966797,19.793500900268555,28.47330093383789,57.09858703613281,30.306976318359375,0.3765188753604889,149.60816955566406,10.942000389099121,391638800,53566000.0,77929992.0,33663400.0,44812600,175044000.0,98525800,306984000.0
2014-01-16,17.144777297973633,19.790000915527344,28.661697387695312,56.69215393066406,30.414173126220703,0.3776947259902954,149.41375732421875,11.39799976348877,229278000,52024000.0,67288644.0,34541800.0,38018700,220652000.0,72290600,179391000.0
2014-01-17,16.72469711303711,19.980499267578125,28.520645141601562,55.809898376464844,29.993684768676758,0.37604841589927673,148.78175354003906,11.333999633789062,426739600,90102000.0,107943948.0,40849200.0,46267500,340400000.0,107848700,138093000.0
2014-01-21,16.98453712463379,20.352500915527344,28.847122192382812,58.00066375732422,29.820556640625,0.3774595260620117,149.2193145751953,11.778667449951172,328526800,62442000.0,79116804.0,48669200.0,31567300,246076000.0,88621200,146020500.0
2014-01-22,17.06001853942871,20.226999282836914,28.879846572875977,57.00936508178711,29.622676849365234,0.37698906660079956,149.31654357910156,11.904000282287598,379985200,41210000.0,62793144.0,61352900.0,21904300,337940000.0,61270900,105339000.0
2014-01-23,17.204479217529297,19.993499755859375,28.757883071899414,56.13703155517578,29.72987174987793,0.3755781054496765,148.0931396484375,12.100000381469727,403239200,60508000.0,77886036.0,47951800.0,43954000,185028000.0,132496900,118011000.0
2014-01-24,16.891738891601562,19.3799991607666,27.858779907226562,53.97600555419922,30.348209381103516,0.3659357726573944,144.93344116210938,11.640000343322754,429354800,89168000.0,155544300.0,55200700.0,76395500,246696000.0,208677100,114964500.0
2014-01-27,17.028772354125977,19.31399917602539,27.298542022705078,53.08384323120117,29.705129623413086,0.363584041595459,144.22048950195312,11.307999610900879,554878800,78736000.0,173969856.0,73924100.0,44420800,233812000.0,180843100,130746000.0
2014-01-28,15.667706489562988,19.721500396728516,27.838449478149414,54.659996032714844,29.903005599975586,0.3671117126941681,145.07923889160156,11.892000198364258,1065523200,57890000.0,88319592.0,48191200.0,36205500,167996000.0,110463200,91401000.0
2014-01-29,15.48984432220459,19.209999084472656,27.439594268798828,53.06401443481445,30.224538803100586,0.363584041595459,143.6857147216797,11.682000160217285,502810000,67646000.0,95100804.0,92995600.0,52745900,162944000.0,216597300,89032500.0
2014-01-30,15.4598388671875,20.15049934387207,28.145341873168945,60.54829406738281,30.389434814453125,0.369698703289032,145.20887756347656,12.189332962036133,678501600,209478000.0,203452344.0,150178900.0,35036300,202896000.0,118938100,128475000.0
2014-01-31,15.485198020935059,17.934499740600586,29.275230407714844,62.02531814575195,31.197391510009766,0.3692283630371094,144.35818481445312,12.093999862670898,464797200,323096000.0,222429348.0,87794600.0,93162300,335348000.0,194677900,97632000.0
2014-02-03,15.513973236083984,17.3075008392334,28.09675407409668,60.94480895996094,30.07613754272461,0.36428961157798767,141.109375,11.807332992553711,401464000,205616000.0,182581236.0,74866600.0,64063100,431728000.0,254837100,101473500.0
2014-02-04,15.738544464111328,17.397499084472656,28.214006423950195,62.203758239746094,29.96895980834961,0.3664061725139618,142.0977783203125,11.915332794189453,376681200,96258000.0,112363524.0,45985500.0,54697900,280692000.0,165012400,70294500.0
2014-02-05,15.856093406677246,17.322500228881836,28.338943481445312,61.64862060546875,29.531997680664062,0.363113671541214,141.91958618164062,11.628000259399414,328344800,88708000.0,95684220.0,51685100.0,55814400,214676000.0,164230500,109020000.0
2014-02-06,15.948514938354492,17.72949981689453,28.754411697387695,61.61888885498047,29.828798294067383,0.36781734228134155,143.7910919189453,11.892000198364258,257765200,66714000.0,77786136.0,42086500.0,35351800,168380000.0,132877600,87624000.0
2014-02-07,16.171634674072266,18.054000854492188,29.187725067138672,63.76009750366211,30.14209747314453,0.3732263743877411,145.5734405517578,12.435333251953125,370280400,86610000.0,105342552.0,60704300.0,33260500,157248000.0,170787200,133927500.0
2014-02-10,16.461347579956055,18.043500900268555,29.075927734375,62.99679183959961,30.33995246887207,0.37440231442451477,145.84083557128906,13.104000091552734,345559200,68994000.0,77730192.0,43666100.0,26767000,324372000.0,92218800,194560500.0
2014-02-11,16.678241729736328,18.089500427246094,29.503538131713867,64.28546905517578,30.64501190185547,0.3821631371974945,147.43685913085938,13.107999801635742,282256800,64442000.0,81949968.0,45675600.0,32141400,235384000.0,117814100,160648500.0
2014-02-12,16.67699432373047,17.462499618530273,29.417024612426758,63.888946533203125,30.89234161376953,0.39580339193344116,147.50982666015625,13.021332740783691,308100800,131754000.0,68911020.0,47282100.0,27051800,744528000.0,94717700,77605500.0
2014-02-13,16.94181251525879,17.860000610351562,29.744487762451172,66.74388885498047,31.007776260375977,0.40826767683029175,148.2713623046875,13.308667182922363,307398000,83500000.0,73382544.0,61911700.0,37635500,902836000.0,100542200,120439500.0
2014-02-14,16.928125381469727,17.86750030517578,29.816377639770508,66.50596618652344,31.016010284423828,0.4212026298046112,149.0897216796875,13.215332984924316,272924400,70404000.0,87380532.0,36694900.0,31407500,817536000.0,96498400,92370000.0
2014-02-18,16.990360260009766,17.6825008392334,30.016674041748047,66.7141342163086,31.08246421813965,0.4209672212600708,149.2678985595703,13.579999923706055,260251600,99960000.0,84271644.0,43809900.0,32834000,428988000.0,80460900,139992000.0
2014-02-19,16.72212028503418,17.368999481201172,29.804973602294922,67.467529296875,31.157207489013672,0.4266115725040436,148.27952575683594,12.909333229064941,313768000,83362000.0,84059856.0,62087100.0,29750400,450340000.0,126524300,242535000.0
2014-02-20,16.528560638427734,17.489999771118164,29.84885025024414,69.02385711669922,31.3565673828125,0.4416630268096924,149.15451049804688,13.998000144958496,305858000,69856000.0,67963968.0,130928900.0,27526100,398088000.0,104998100,270034500.0
2014-02-21,16.34495735168457,17.33799934387207,29.840917587280273,67.99291229248047,31.54762077331543,0.4383704364299774,148.98440551757812,13.973333358764648,278784800,84200000.0,74417508.0,70932400.0,38021300,451052000.0,118116400,117282000.0
2014-02-24,16.416528701782227,17.589000701904297,30.057079315185547,70.16385650634766,31.306743621826172,0.4447203278541565,149.81072998046875,14.510000228881836,288909600,72894000.0,66905028.0,76620300.0,32085100,403112000.0,114063900,124176000.0
2014-02-25,16.245704650878906,17.916000366210938,30.242752075195312,69.24195098876953,31.18214225769043,0.4427122175693512,149.7539520263672,16.53333282470703,231952000,74728000.0,57490452.0,52077000.0,30736500,242184000.0,117085000,490225500.0
2014-02-26,16.099130630493164,17.989999771118164,30.246965408325195,68.6570816040039,31.12398338317871,0.4420035779476166,149.76214599609375,16.866666793823242,276217200,72442000.0,79208712.0,55322700.0,41041800,360884000.0,98677200,369069000.0
2014-02-27,16.420272827148438,18.006500244140625,30.22316551208496,68.33985900878906,31.447952270507812,0.4370425343513489,150.54798889160156,16.836000442504883,301882000,62098000.0,50349600.0,41653700.0,33903400,388848000.0,93880800,269187000.0
2014-02-28,16.375768661499023,18.104999542236328,30.134916305541992,67.86404418945312,31.821741104125977,0.4342075288295746,150.9287872314453,16.320667266845703,371968800,77640000.0,92451456.0,66783700.0,41215000,321692000.0,150842000,218847000.0
2014-03-03,16.423072814941406,17.98900032043457,29.813650131225586,66.82319641113281,31.381494522094727,0.43208158016204834,149.86746215820312,16.70400047302246,238781200,55966000.0,84107808.0,56824100.0,29717500,375948000.0,167748500,196339500.0
2014-03-04,16.531362533569336,18.19499969482422,30.1165714263916,68.20110321044922,31.9047908782959,0.4365699887275696,151.97390747070312,16.98933219909668,259140000,54088000.0,58649292.0,42013500.0,26802400,260344000.0,167545900,131184000.0
2014-03-05,16.56621742248535,18.618499755859375,30.199615478515625,70.94698333740234,31.655607223510742,0.440349817276001,152.11167907714844,16.8439998626709,200062800,76966000.0,49362588.0,74567700.0,20520100,241472000.0,88376900,89035500.0
2014-03-06,16.516111373901367,18.607999801635742,30.233081817626953,70.22331237792969,31.68882942199707,0.4342075288295746,152.46005249023438,16.862667083740234,185488800,58532000.0,50673276.0,46026500.0,23582200,290144000.0,82516500,110416500.0
2014-03-07,16.506471633911133,18.60300064086914,30.11359977722168,69.19239044189453,31.481176376342773,0.43373510241508484,152.5248565673828,16.413999557495117,220729600,45596000.0,60543396.0,38927000.0,26591600,268452000.0,114513500,117184500.0
2014-03-10,16.521411895751953,18.526500701904297,30.033777236938477,71.40296936035156,31.414718627929688,0.4273567497730255,152.44383239746094,15.922666549682617,178584000,42116000.0,48535416.0,59871600.0,19006600,300888000.0,74939200,115921500.0
2014-03-11,16.68228530883789,18.44099998474121,29.746719360351562,69.4897689819336,31.580856323242188,0.43160903453826904,151.69033813476562,15.62733268737793,279224400,44922000.0,68451480.0,59408300.0,25216400,297220000.0,99009100,132151500.0
2014-03-12,16.698469161987305,18.531999588012695,29.927928924560547,70.26296997070312,31.788490295410156,0.4327901005744934,151.7308807373047,16.099332809448242,199326400,44332000.0,78493428.0,46340500.0,30494100,239428000.0,104824400,146316000.0
2014-03-13,16.512996673583984,18.57550048828125,29.475772857666016,68.2308349609375,31.47286605834961,0.4190883934497833,150.0294952392578,15.852666854858398,257742800,136580000.0,93730176.0,57091000.0,32169700,385172000.0,155014300,93544500.0
2014-03-14,16.327547073364258,18.687000274658203,29.072702407836914,67.1304931640625,31.315021514892578,0.4209781289100647,149.60816955566406,15.39799976348877,237199200,88044000.0,91664244.0,48227000.0,27195600,460048000.0,153919600,124345500.0
2014-03-17,16.391326904296875,18.75200080871582,29.551132202148438,68.14160919189453,31.605772018432617,0.4209781289100647,150.9612274169922,15.59866714477539,199544800,46060000.0,86397516.0,52197000.0,20479600,299656000.0,98359500,88689000.0
2014-03-18,16.536340713500977,18.938499450683594,30.026090621948242,68.58769226074219,32.851722717285156,0.4309001863002777,152.03872680664062,16.002666473388672,209647200,49670000.0,72527400.0,40827000.0,64063900,293904000.0,101804600,93634500.0
2014-03-19,16.531982421875,18.661500930786133,29.728376388549805,67.64595794677734,32.6191520690918,0.43845996260643005,151.2285614013672,15.72266674041748,224756000,52934000.0,64451484.0,43981000.0,35597200,366168000.0,176267300,76069500.0
2014-03-20,16.45232582092285,18.44849967956543,29.676565170288086,66.38701629638672,33.49961853027344,0.43869608640670776,152.11167907714844,15.660667419433594,208398400,51170000.0,67320612.0,44439000.0,59269800,191800000.0,117241000,57268500.0
2014-03-21,16.582088470458984,18.0310001373291,29.32654571533203,66.65467071533203,33.3584098815918,0.43798741698265076,151.52163696289062,15.259332656860352,374046400,108282000.0,128211660.0,59999900.0,80721800,566116000.0,163128000,123253500.0
2014-03-24,16.778759002685547,17.592500686645508,28.704084396362305,63.5420036315918,33.64081573486328,0.4358612596988678,150.89511108398438,14.678000450134277,355700800,97470000.0,121362516.0,85696000.0,46098400,306096000.0,121411000,169932000.0
2014-03-25,16.95924186706543,17.73550033569336,28.723670959472656,64.32512664794922,33.507930755615234,0.4358612596988678,151.61122131347656,14.696000099182129,282293200,88914000.0,96311592.0,68786000.0,43193100,304424000.0,103852000,117981000.0
2014-03-26,16.797115325927734,17.170499801635742,28.060564041137695,59.86429977416992,33.051082611083984,0.4259392321109772,150.52073669433594,14.197333335876465,299768000,82414000.0,103096800.0,97503900.0,41977500,557756000.0,119843000,103609500.0
2014-03-27,16.724924087524414,16.923500061035156,27.622041702270508,60.43925094604492,32.69390106201172,0.42026951909065247,150.2034149169922,13.821332931518555,222031600,115328000.0,152735112.0,112650000.0,35369200,540728000.0,142383000,142435500.0
2014-03-28,16.706247329711914,16.914499282836914,27.76755714416504,59.48760223388672,33.474700927734375,0.4228680431842804,150.9439239501953,14.157999992370605,200564000,79736000.0,90265644.0,67052000.0,43472700,398820000.0,101642000,145272000.0
2014-03-31,16.702512741088867,16.818500518798828,27.62774085998535,59.715606689453125,34.0478515625,0.4231044352054596,152.18080139160156,13.896666526794434,168669200,85950000.0,77614308.0,53011000.0,46886300,273404000.0,99745000,125700000.0
2014-04-01,16.855310440063477,17.149499893188477,28.132949829101562,62.074886322021484,34.40501403808594,0.4405860900878906,153.1898651123047,14.464667320251465,200760000,72002000.0,87152760.0,59291000.0,32605000,656272000.0,89193000,110571000.0
2014-04-02,16.88331413269043,17.097999572753906,28.138151168823242,62.17401885986328,34.34687805175781,0.4377511143684387,153.7025604248047,15.352666854858398,180420800,89510000.0,83360556.0,66277000.0,28666700,239948000.0,78774000,161734500.0
2014-04-03,16.76630210876465,16.680999755859375,28.305652618408203,58.972129821777344,34.06446075439453,0.44247591495513916,153.4991455078125,15.026666641235352,162344000,127986000.0,80366000.0,83859000.0,30139600,599548000.0,77435000,163855500.0
2014-04-04,16.549413681030273,16.149999618530273,27.00552749633789,56.25598907470703,33.11752700805664,0.4287740886211395,151.6844482421875,14.148667335510254,275251200,250692000.0,107274000.0,125214400.0,51409600,368032000.0,169381000,170184000.0
2014-04-07,16.289581298828125,15.887999534606934,26.77669906616211,56.45424270629883,33.05938720703125,0.43019139766693115,150.008056640625,13.834667205810547,289850400,141548000.0,79232000.0,108488000.0,37559600,428576000.0,140803000,147832500.0
2014-04-08,16.288639068603516,16.353500366210938,27.61274528503418,57.683448791503906,33.07600021362305,0.4455470144748688,150.62652587890625,14.36400032043457,243888400,131552000.0,69650000.0,78836000.0,35918600,470692000.0,112660000,103339500.0
2014-04-09,16.50273895263672,16.590499877929688,28.084753036499023,61.86671447753906,33.615909576416016,0.44507455825805664,152.24591064453125,14.461999893188477,206169600,101132000.0,60632000.0,100215000.0,27398700,421968000.0,100254000,77368500.0
2014-04-10,16.289886474609375,15.855500221252441,27.07684326171875,58.64500045776367,32.69390106201172,0.4342075288295746,149.04786682128906,13.612667083740234,239652000,122534000.0,65890000.0,114988000.0,45960800,372748000.0,172959000,108172500.0
2014-04-11,16.169456481933594,15.58650016784668,26.634557723999023,58.02048873901367,32.569313049316406,0.42806535959243774,147.70513916015625,13.585332870483398,271717600,145750000.0,63494000.0,91452000.0,34330200,353112000.0,167251000,136008000.0
2014-04-14,16.233875274658203,15.795499801635742,27.0030460357666,58.377357482910156,32.544395446777344,0.4327901005744934,148.8688507080078,13.206000328063965,205674000,85870000.0,50824000.0,72325000.0,32006600,290184000.0,132382000,115545000.0
2014-04-15,16.118112564086914,15.803999900817871,27.17639923095703,58.57561492919922,33.017852783203125,0.4358612596988678,149.89418029785156,12.927332878112793,266490000,107972000.0,79956000.0,108623000.0,33968700,304636000.0,157093000,204889500.0
2014-04-16,16.150787353515625,16.18400001525879,27.92923355102539,59.20012664794922,33.55776596069336,0.43680620193481445,151.46470642089844,13.27400016784668,214765600,85698000.0,91644000.0,78774000.0,30615800,235136000.0,105197000,108033000.0
2014-04-17,16.335315704345703,16.245500564575195,26.910924911499023,58.42692565917969,33.233821868896484,0.43845996260643005,151.67630004882812,13.208000183105469,284334400,85984000.0,112294000.0,88040000.0,36688400,153532000.0,105255000,88902000.0
2014-04-21,16.529190063476562,16.543500900268555,26.714298248291016,60.7068977355957,33.17569351196289,0.4420035779476166,152.20523071289062,13.625332832336426,182548800,59988000.0,48502000.0,60364000.0,22221200,117004000.0,68329000,78873000.0
2014-04-22,16.545677185058594,16.465999603271484,27.017906188964844,62.48131561279297,33.21721649169922,0.4457833468914032,152.89694213867188,14.576000213623047,202563200,74232000.0,46622000.0,60631000.0,27056700,255120000.0,85790000,147070500.0
2014-04-23,16.329408645629883,16.229000091552734,26.622169494628906,60.82585525512695,32.968021392822266,0.450980544090271,152.5388641357422,13.866000175476074,394940000,72092000.0,39114000.0,95908700.0,24602800,261580000.0,73869000,109434000.0
2014-04-24,17.668121337890625,16.857500076293945,26.470115661621094,60.340118408203125,33.1092414855957,0.45499664545059204,152.8480987548828,13.857333183288574,759911600,185874000.0,41348000.0,138769000.0,42381600,391492000.0,88170000,82428000.0
2014-04-25,17.797883987426758,15.191499710083008,25.908462524414062,57.20762634277344,33.150753021240234,0.44247591495513916,151.5949249267578,13.323332786560059,390275200,323604000.0,47400000.0,92502000.0,56876800,313600000.0,100380000,104950500.0
2014-04-28,18.487163543701172,14.829000473022461,25.90252113342285,55.65129089355469,33.948158264160156,0.4405860900878906,152.07505798339844,13.234000205993652,669485600,289596000.0,75056000.0,107758000.0,50610200,226788000.0,135121000,105630000.0
2014-04-29,18.432392120361328,15.019000053405762,26.563730239868164,57.643798828125,33.64914321899414,0.4415309727191925,152.78302001953125,13.79466724395752,337377600,130186000.0,50704000.0,75557000.0,29636200,171300000.0,84098000,86686500.0
2014-04-30,18.362672805786133,15.206500053405762,26.491910934448242,59.259605407714844,33.55776596069336,0.4363337457180023,153.2386932373047,13.859333038330078,456640800,81772000.0,40770000.0,76093000.0,35458700,305740000.0,101508000,66609000.0
2014-05-01,18.40593910217285,15.394499778747559,26.672693252563477,60.61767578125,33.22551727294922,0.43869608640670776,153.25497436523438,13.84866714477539,244048000,86572000.0,40086000.0,82429000.0,28787400,198104000.0,93019000,81598500.0
2014-05-02,18.44017219543457,15.400500297546387,26.44188690185547,59.933692932128906,32.968021392822266,0.43538883328437805,153.0352325439453,14.060667037963867,191514400,79902000.0,35616000.0,54189000.0,43416600,156376000.0,98122000,61302000.0
2014-05-05,18.700939178466797,15.5024995803833,26.51420021057129,60.68708038330078,32.752044677734375,0.4401136338710785,153.3282012939453,14.440667152404785,287067200,50398000.0,24568000.0,46057000.0,22460900,239260000.0,75883000,77205000.0
2014-05-06,18.497119903564453,14.869000434875488,25.88220977783203,58.02048873901367,32.44470977783203,0.4311365783214569,151.99365234375,13.8186674118042,374564400,93646000.0,36700000.0,55901000.0,27112400,416188000.0,85454000,84550500.0
2014-05-07,18.432392120361328,14.635499954223633,25.655866622924805,56.89041519165039,32.74374008178711,0.43160903453826904,152.8887939453125,13.423333168029785,282864400,140304000.0,61486000.0,78587000.0,41744500,293900000.0,106500000,152689500.0
2014-05-08,18.399526596069336,14.416000366210938,25.763341903686523,56.26588821411133,32.92647933959961,0.4370425343513489,152.72601318359375,11.906000137329102,230297200,76964000.0,49040000.0,61251000.0,32120400,432728000.0,93618000,300849000.0
2014-05-09,18.32286834716797,14.612000465393066,26.08280372619629,56.741722106933594,32.843414306640625,0.4264116883277893,152.95388793945312,12.150667190551758,291597600,81260000.0,45224000.0,52584000.0,29647600,539532000.0,83679000,127428000.0
2014-05-12,18.550981521606445,15.142999649047852,26.667736053466797,59.309165954589844,33.200592041015625,0.4389324486255646,154.44305419921875,12.311332702636719,213208800,74592000.0,38968000.0,48575000.0,22782600,299856000.0,86940000,105034500.0
2014-05-13,18.5800838470459,15.232000350952148,26.821773529052734,59.309165954589844,33.81124496459961,0.4318450689315796,154.58143615722656,12.677332878112793,159737200,70198000.0,40240000.0,48525000.0,27004800,221104000.0,66454000,106458000.0
2014-05-14,18.583524703979492,14.880999565124512,26.468629837036133,58.714393615722656,33.66067123413086,0.42759284377098083,153.84902954101562,12.708000183105469,166404000,66466000.0,25618000.0,47429000.0,18818700,214320000.0,72367000,81100500.0
2014-05-15,18.425506591796875,14.759499549865723,26.20662498474121,57.41579055786133,33.125301361083984,0.4252305030822754,152.49822998046875,12.572667121887207,230846000,85902000.0,36658000.0,56814000.0,37793200,325896000.0,154956000,90606000.0
2014-05-16,18.697433471679688,14.885000228881836,26.166013717651367,57.51492691040039,33.317718505859375,0.42428553104400635,153.02713012695312,12.77066707611084,276256400,72736000.0,38154000.0,47933000.0,29867100,283960000.0,97458000,67315500.0
2014-05-19,18.918991088867188,14.838000297546387,26.687551498413086,58.6945686340332,33.25079345703125,0.43798741698265076,153.588623046875,13.072667121887207,317755200,45684000.0,39530000.0,43034000.0,24537400,360076000.0,63839000,68575500.0
2014-05-20,18.922739028930664,15.059499740600586,26.764812469482422,58.05023193359375,33.19221496582031,0.4328847825527191,152.6202392578125,13.020000457763672,234836000,81914000.0,48506000.0,53931000.0,21320900,256200000.0,111644000,83191500.0
2014-05-21,18.97281265258789,15.250499725341797,27.225927352905273,59.96342468261719,33.752689361572266,0.4328847825527191,153.906005859375,13.296667098999023,196859600,68176000.0,31294000.0,58992000.0,22398700,216712000.0,89093000,79281000.0
2014-05-22,19.002843856811523,15.245499610900879,27.510713577270508,59.993167877197266,33.54356002807617,0.4347834289073944,154.2803192138672,13.658666610717773,200760000,51536000.0,42994000.0,54200000.0,20201800,130364000.0,61549000,93217500.0
2014-05-23,19.217510223388672,15.612000465393066,27.92428207397461,60.81594467163086,33.56028366088867,0.4388180673122406,154.89871215820312,13.819999694824219,232209600,61058000.0,53450000.0,38294000.0,18020000,182656000.0,61092800,60102000.0
2014-05-27,19.577373504638672,15.541000366210938,28.472564697265625,62.92740249633789,33.61884689331055,0.4466499090194702,155.85084533691406,14.104000091552734,348866000,97242000.0,43716000.0,55682000.0,26160600,209680000.0,72010000,80116500.0
2014-05-28,19.526683807373047,15.508000373840332,28.253644943237305,62.957130432128906,33.46827697753906,0.45044711232185364,155.73695373535156,14.015999794006348,315481600,54520000.0,31632000.0,47795000.0,25711500,224676000.0,66723000,82426500.0
2014-05-29,19.882474899291992,15.689000129699707,28.259096145629883,63.274356842041016,33.74431228637695,0.44973501563072205,156.5426025390625,14.015999794006348,376474000,47310000.0,28222000.0,42700000.0,19888200,171884000.0,64377000,55387500.0
2014-05-30,19.807994842529297,15.6274995803833,28.313079833984375,62.74896240234375,34.246212005615234,0.45092183351516724,156.79481506347656,13.851332664489746,564020800,85204000.0,37434000.0,45253500.0,34567600,239128000.0,76316000,83716500.0
2014-06-02,19.671876907348633,15.442000389099121,27.951026916503906,62.530887603759766,34.120750427246094,0.44949769973754883,156.97384643554688,13.646666526794434,369350800,44068000.0,33210000.0,35996000.0,18504300,181500000.0,64656000,70021500.0
2014-06-03,19.950063705444336,15.35949993133545,27.464160919189453,62.32270812988281,33.70250701904297,0.4475991427898407,156.8924560546875,13.662667274475098,292709200,47584000.0,40626000.0,32217000.0,18068900,243212000.0,65047000,57912000.0
2014-06-04,20.17786979675293,15.33899974822998,27.427013397216797,62.78861999511719,33.72758483886719,0.4480738937854767,157.2097930908203,13.599332809448242,335482000,42142000.0,34582000.0,36514000.0,23209000,161236000.0,55529000,51411000.0
2014-06-05,20.257041931152344,16.178499221801758,27.98025131225586,62.63991928100586,34.472076416015625,0.44997233152389526,158.23516845703125,13.793333053588867,303805600,155934000.0,35868000.0,47352000.0,31865200,188696000.0,92103000,60819000.0
2014-06-06,20.20134162902832,16.48349952697754,28.034730911254883,61.955928802490234,34.69791793823242,0.45163384079933167,158.9919891357422,13.878000259399414,349938400,104880000.0,34804000.0,42442000.0,24060500,161052000.0,78696000,46107000.0
2014-06-09,20.52458953857422,16.375,28.267515182495117,62.33262634277344,34.52226638793945,0.45210835337638855,159.15472412109375,13.687333106994629,301660000,64244000.0,30594000.0,37617000.0,15019200,247456000.0,65119000,42085500.0
2014-06-10,20.645071029663086,16.620500564575195,28.147157669067383,65.19746398925781,34.388423919677734,0.4544816315174103,159.17098999023438,13.486666679382324,251108000,73268000.0,29676000.0,69338000.0,15117700,217608000.0,57129000,52720500.0
2014-06-11,20.559640884399414,16.760000228881836,28.1075382232666,65.20738220214844,34.17930221557617,0.4604147672653198,158.61769104003906,13.631333351135254,182724000,88736000.0,22580000.0,44242000.0,18040000,266228000.0,68772000,59662500.0
2014-06-12,20.21573829650879,16.295499801635742,27.711307525634766,63.73033905029297,33.945068359375,0.46326279640197754,157.49462890625,13.567999839782715,218996000,85526000.0,30930000.0,55730000.0,29818900,337148000.0,106350000,89905500.0
2014-06-13,19.99449920654297,16.313499450683594,27.753406524658203,63.93852996826172,34.488807678222656,0.4637373983860016,157.9747772216797,13.761333465576172,218100000,55296000.0,27066000.0,29419000.0,26310000,227852000.0,82017000,53164500.0
2014-06-16,20.196014404296875,16.381000518798828,27.354700088500977,63.6312141418457,34.71465301513672,0.4623135030269623,158.10499572753906,14.973999977111816,142244000,48996000.0,39436000.0,31046000.0,24205300,198620000.0,87424000,198696000.0
2014-06-17,20.169736862182617,16.2810001373291,27.271493911743164,63.839393615722656,34.8652229309082,0.46539872884750366,158.54443359375,15.444666862487793,118904000,58482000.0,29552000.0,27715000.0,22518600,157608000.0,84834000,199573500.0
2014-06-18,20.19164276123047,16.7189998626709,27.768760681152344,65.02894592285156,34.84012985229492,0.46492406725883484,159.70803833007812,15.141332626342773,134056000,128030000.0,41212000.0,35570000.0,27097000,215536000.0,105267000,104103000.0
2014-06-19,20.12154769897461,16.350000381469727,27.98322105407715,63.779911041259766,34.7230110168457,0.4542441964149475,159.88711547851562,15.185999870300293,142112000,106412000.0,52548000.0,34245000.0,19828200,474592000.0,85929000,131896500.0
2014-06-20,19.913455963134766,16.209999084472656,28.059001922607422,63.93852996826172,34.8652229309082,0.44926053285598755,160.21173095703125,15.305999755859375,403592000,121080000.0,63212000.0,46466000.0,47764900,353148000.0,100587000,73558500.0
2014-06-23,19.89592742919922,16.36199951171875,28.443836212158203,64.80094909667969,35.124534606933594,0.44403934478759766,160.1626434326172,15.814666748046875,174776000,52096000.0,34456000.0,34560000.0,18743900,414200000.0,70611000,116866500.0
2014-06-24,19.77545166015625,16.20800018310547,28.35716438293457,65.14790344238281,34.92379379272461,0.4371567666530609,159.19781494140625,15.5,156144000,52532000.0,56886000.0,57335000.0,26509100,275780000.0,96237000,121138500.0
2014-06-25,19.792978286743164,16.371999740600586,29.020349502563477,66.8529281616211,35.15800094604492,0.44166600704193115,159.91737365722656,15.792667388916016,147476000,46556000.0,42294000.0,44308000.0,20049100,215420000.0,82782000,87024000.0
2014-06-26,19.91126823425293,16.284500122070312,28.962900161743164,66.54561614990234,34.89868927001953,0.4357328414916992,159.80288696289062,15.706666946411133,130516000,53990000.0,40248000.0,47714000.0,23604400,256908000.0,84312000,76821000.0
2014-06-27,20.147829055786133,16.228500366210938,29.00846290588379,67.01152801513672,35.34203338623047,0.4362073838710785,160.1135711669922,15.937333106994629,256116000,48324000.0,40426000.0,46461000.0,74640000,302820000.0,71445100,84525000.0
2014-06-30,20.355926513671875,16.23900032043457,28.957944869995117,66.7042236328125,34.8819580078125,0.4400046765804291,160.03175354003906,16.003999710083008,197929200,53426000.0,29578000.0,27102800.0,30793100,180512000.0,70201200,72429000.0
2014-07-01,20.485164642333984,16.61949920654297,29.29572868347168,67.467529296875,35.02415466308594,0.4449886381626129,161.1029510498047,15.981332778930664,152892000,63472000.0,32864000.0,33243000.0,26917000,321180000.0,90470000,65041500.0
2014-07-02,20.476404190063477,16.642499923706055,29.26056480407715,65.87152862548828,35.04926681518555,0.4433272182941437,161.26649475097656,15.295332908630371,113860000,53626000.0,23916000.0,41895000.0,20208100,179284000.0,52475000,120411000.0
2014-07-03,20.596874237060547,16.874500274658203,29.374481201171875,65.71292877197266,34.96561050415039,0.4473617672920227,162.05963134765625,15.283332824707031,91567200,38886000.0,17978000.0,25203200.0,15969300,136892000.0,52938800,77500500.0
2014-07-07,21.021820068359375,16.677499771118164,29.25957679748535,64.72163391113281,35.124534606933594,0.44380196928977966,161.49545288085938,14.843999862670898,225872000,42578000.0,26734000.0,28745000.0,21952400,127496000.0,61696000,88405500.0
2014-07-08,20.886016845703125,16.190500259399414,28.647401809692383,62.21366500854492,34.94886016845703,0.44024211168289185,160.45697021484375,14.604666709899902,260888000,85432000.0,42504000.0,68926000.0,31218200,221940000.0,108143000,117543000.0
2014-07-09,20.894779205322266,16.49850082397461,28.893062591552734,64.40442657470703,34.85685348510742,0.45353221893310547,161.17652893066406,14.870667457580566,145744000,63322000.0,27456000.0,51432000.0,18445900,387668000.0,72992000,61731000.0
2014-07-10,20.818113327026367,16.395999908447266,28.7286319732666,64.30530548095703,34.873592376708984,0.4511590600013733,160.5387420654297,14.630666732788086,158744000,53300000.0,28724000.0,44422000.0,21854700,266308000.0,99040000,72958500.0
2014-07-11,20.8575382232666,17.309999465942383,29.056011199951172,65.76249694824219,35.208187103271484,0.45210835337638855,160.75955200195312,14.541999816894531,136072000,166016000.0,30232000.0,39212000.0,24083000,191188000.0,64243000,49534500.0
2014-07-14,21.126962661743164,17.766000747680664,29.43292236328125,67.30892944335938,35.25001907348633,0.45780423283576965,161.56903076171875,15.113332748413086,171240000,112198000.0,39032000.0,38537000.0,21881100,272636000.0,58658000,108048000.0
2014-07-15,20.879444122314453,17.722000122070312,29.373493194580078,66.58527374267578,35.50934600830078,0.45970290899276733,161.26649475097656,14.638667106628418,181911600,83418000.0,33476000.0,44213200.0,28748700,395440000.0,111307000,85777500.0
2014-07-16,20.761157989501953,17.795000076293945,29.252639770507812,67.07100677490234,36.872825622558594,0.45922818779945374,161.8633575439453,14.477333068847656,213585200,70072000.0,28816000.0,29541600.0,63318000,319728000.0,79986400,60667500.0
2014-07-17,20.39097023010254,17.622499465942383,28.767255783081055,65.83189392089844,37.24924850463867,0.45804157853126526,160.023681640625,14.359999656677246,229192000,72720000.0,58706000.0,38188000.0,82180300,324832000.0,145398000,69741000.0
2014-07-18,20.684494018554688,17.933000564575195,29.970314025878906,67.82439422607422,37.383079528808594,0.43763142824172974,161.6590118408203,14.668000221252441,199952000,68148000.0,97432000.0,42456000.0,43407500,567816000.0,124330000,63805500.0
2014-07-21,20.57715606689453,17.988000869750977,29.639955520629883,68.79586791992188,37.508567810058594,0.44024211168289185,161.35641479492188,14.702667236328125,156316000,45568000.0,44758000.0,49539000.0,37604400,243364000.0,67592000,57333000.0
2014-07-22,20.748023986816406,18.04199981689453,29.8940372467041,68.6669921875,37.500186920166016,0.4383434057235718,162.05963134765625,14.638667106628418,220788000,57778000.0,37632000.0,40398000.0,43095800,298816000.0,67678000,40950000.0
2014-07-23,21.289060592651367,17.906999588012695,29.97426986694336,70.6694107055664,37.53364181518555,0.42908763885498047,162.4193878173828,14.832667350769043,371672000,53746000.0,22120000.0,78435000.0,52362900,297352000.0,65612000,46249500.0
2014-07-24,21.254013061523438,17.930500030517578,29.866300582885742,74.32730102539062,37.140506744384766,0.4297996759414673,162.42759704589844,14.902667045593262,182916000,141774000.0,27100000.0,124168000.0,30725300,254576000.0,56888000,48682500.0
2014-07-25,21.394201278686523,16.20050048828125,29.62212371826172,74.53545379638672,37.224159240722656,0.4222051799297333,161.66709899902344,14.904666900634766,173876000,356930000.0,27200000.0,45917000.0,26737700,266132000.0,76837000,46306500.0
2014-07-28,21.689910888671875,16.02050018310547,29.668682098388672,74.26781463623047,36.780799865722656,0.42054393887519836,161.73248291015625,14.98799991607666,221272000,118640000.0,27162000.0,41725000.0,29684200,330352000.0,69259000,97714500.0
2014-07-29,21.549726486206055,16.0,29.417570114135742,73.06835174560547,36.71389389038086,0.42196792364120483,161.03749084472656,15.000666618347168,172572000,57676000.0,27332000.0,41324000.0,27763100,217972000.0,80466000,50736000.0
2014-07-30,21.499343872070312,16.125499725341797,29.491371154785156,74.02989196777344,36.45454788208008,0.42908763885498047,161.0620574951172,15.261333465576172,132040000,79380000.0,24302000.0,36853000.0,31921400,246184000.0,104222000,73917000.0
2014-07-31,20.94077491760254,15.649499893188477,28.70435905456543,72.017578125,36.103240966796875,0.4153226613998413,157.8814697265625,14.886667251586914,227372000,103840000.0,46190000.0,43992000.0,31537500,401880000.0,183479000,116236500.0
2014-08-01,21.056869506835938,15.352999687194824,28.4096622467041,71.73008728027344,35.8522834777832,0.41983190178871155,157.3990020751953,15.5513334274292,194044000,148830000.0,44266000.0,43535000.0,31170300,219884000.0,189261000,178437000.0
2014-08-04,20.93858528137207,15.682499885559082,28.83907699584961,72.87008666992188,36.27890396118164,0.4188825786113739,158.5355224609375,15.90133285522461,159832000,84018000.0,30388000.0,30777000.0,34277400,241724000.0,91340000,89395500.0
2014-08-05,20.835636138916016,15.616000175476074,28.38688087463379,72.05723571777344,36.03631591796875,0.4191198945045471,156.998291015625,15.899333000183105,223732000,57042000.0,32876000.0,34986000.0,26266400,298136000.0,152690000,80829000.0
2014-08-06,20.800588607788086,15.694499969482422,28.4537410736084,71.83914184570312,35.75190734863281,0.41864529252052307,157.04736328125,16.595333099365234,154232000,45938000.0,26456000.0,30986000.0,24634000,223456000.0,94818000,138739500.0
2014-08-07,20.798389434814453,15.572500228881836,28.321006774902344,72.53304290771484,36.16179275512695,0.41437336802482605,156.19700622558594,16.826000213623047,186844000,58712000.0,23260000.0,38141000.0,30314900,407696000.0,135733000,112183500.0
2014-08-08,20.855623245239258,15.84000015258789,28.624616622924805,72.42400360107422,36.13671112060547,0.45092183351516724,158.0039825439453,16.54199981689453,167460000,54118000.0,29866000.0,27202000.0,28942700,894348000.0,117014000,76351500.0
2014-08-11,21.13079261779785,15.916500091552734,28.59044075012207,72.80069732666016,36.13671112060547,0.44854846596717834,158.4619598388672,17.288000106811523,146340000,49372000.0,24068000.0,24591000.0,20351600,344624000.0,74544000,121519500.0
2014-08-12,21.126386642456055,15.965999603271484,28.336360931396484,72.19600677490234,36.404380798339844,0.44854846596717834,158.2411651611328,17.33066749572754,135180000,38316000.0,27890000.0,27419000.0,21431100,296152000.0,73632000,95734500.0
2014-08-13,21.405963897705078,16.31399917602539,28.952499389648438,73.1278076171875,36.872825622558594,0.4511590600013733,159.312255859375,17.354000091552734,127664000,98782000.0,37988000.0,29266000.0,22889500,256596000.0,69047000,103989000.0
2014-08-14,21.46319007873535,16.660499572753906,28.956954956054688,73.65321350097656,37.031768798828125,0.44617512822151184,160.0645294189453,17.42533302307129,112464000,68408000.0,25458000.0,22207000.0,19313200,255992000.0,57371000,61899000.0
2014-08-15,21.568864822387695,16.681499481201172,28.9103946685791,72.98905181884766,37.466732025146484,0.4518710970878601,160.03175354003906,17.46733283996582,195804000,77934000.0,34468000.0,38846600.0,41611300,369796000.0,139951000,58018500.0
2014-08-18,21.82862091064453,16.726499557495117,29.355661392211914,73.94068908691406,37.73441696166992,0.45804157853126526,161.37281799316406,17.32933235168457,190288000,49708000.0,29320000.0,23974000.0,26891100,284076000.0,75424000,87738000.0
2014-08-19,22.130197525024414,16.756500244140625,29.574081420898438,74.63459777832031,38.15528106689453,0.4617363512516022,162.21498107910156,17.117332458496094,277596000,34276000.0,20864000.0,26679000.0,28139500,248260000.0,59135000,80022000.0
2014-08-20,22.139013290405273,16.788999557495117,29.48988151550293,74.15875244140625,37.83543014526367,0.45887595415115356,162.64834594726562,17.047332763671875,210796000,36210000.0,19346000.0,22917000.0,24770500,221468000.0,72763000,45418500.0
2014-08-21,22.141204833984375,16.64550018310547,29.341793060302734,73.92085266113281,38.06268310546875,0.4545850157737732,163.1226043701172,16.95599937438965,133912000,39422000.0,22640000.0,20102000.0,22285500,272796000.0,67791000,43734000.0
2014-08-22,22.304113388061523,16.579500198364258,29.347736358642578,73.92085266113281,38.0037727355957,0.45482343435287476,162.86907958984375,17.118667602539062,176736000,44224000.0,17544000.0,20897000.0,18294500,251224000.0,76107000,42501000.0
2014-08-25,22.352540969848633,16.701000213623047,29.250164031982422,74.36692810058594,38.02058029174805,0.4555385112762451,163.69496154785156,17.503332138061523,161080000,39154000.0,25912000.0,19734000.0,16910000,153380000.0,63855000,64771500.0
2014-08-26,22.20945167541504,17.09149932861328,29.128822326660156,75.29876708984375,37.885921478271484,0.46364352107048035,163.80123901367188,17.44933319091797,132608000,73094000.0,29434000.0,23993000.0,14873100,269636000.0,47298000,57270000.0
2014-08-27,22.482421875,17.159000396728516,28.87523078918457,73.9803237915039,37.76808166503906,0.4583991467952728,163.73577880859375,17.549999237060547,209476000,59232000.0,27292000.0,36323000.0,21287900,182972000.0,47874000,44776500.0
2014-08-28,22.50883674621582,17.000999450683594,28.742494583129883,73.217041015625,37.776493072509766,0.4622132480144501,163.6458740234375,17.590667724609375,273840000,45054000.0,28116000.0,21947000.0,17657600,179704000.0,58330000,42673500.0
2014-08-29,22.563871383666992,16.95199966430664,28.843534469604492,74.16867065429688,38.239444732666016,0.46364352107048035,164.11195373535156,17.979999542236328,178380000,38790000.0,24122000.0,26241000.0,21607600,207932000.0,65907000,96706500.0
2014-09-02,22.73997688293457,17.118999481201172,29.154077529907227,76.01249694824219,37.953250885009766,0.46483537554740906,164.03016662597656,18.941333770751953,214256000,46520000.0,31660000.0,34979000.0,22976800,192636000.0,72426000,147786000.0
2014-09-03,21.78019142150879,16.950000762939453,29.19816017150879,75.16989135742188,37.84383010864258,0.4691261649131775,163.9402618408203,18.746000289916992,501684000,39874000.0,31580000.0,32389000.0,33684500,259456000.0,57462000,101584500.0
2014-09-04,21.599679946899414,17.297500610351562,29.377452850341797,75.28884887695312,38.096351623535156,0.477469265460968,163.70309448242188,19.069332122802734,342872000,79312000.0,32616000.0,26676000.0,26475500,491832000.0,85236000,125125500.0
2014-09-05,21.78679656982422,17.319000244140625,29.60726547241211,76.58744812011719,38.643470764160156,0.4760390520095825,164.43899536132812,18.492666244506836,233828000,42140000.0,35982000.0,29476000.0,36939400,253792000.0,102177000,167548500.0
2014-09-08,21.65251350402832,17.117000579833984,29.797954559326172,77.21195220947266,39.114837646484375,0.47174838185310364,164.0137939453125,18.80733299255371,185426800,59106000.0,31984000.0,28183000.0,45736700,319288000.0,64146000,82524000.0
2014-09-09,21.571062088012695,16.487499237060547,29.31950569152832,76.00257110595703,39.35894012451172,0.4657887816429138,162.9753875732422,18.565332412719727,759385200,92936000.0,31424000.0,28882000.0,40302400,198588000.0,88591000,68382000.0
2014-09-10,22.23366355895996,16.566499710083008,29.391319274902344,76.75597381591797,39.42628860473633,0.4674573838710785,163.5886688232422,18.739999771118164,403478400,75948000.0,23202000.0,29909000.0,27302400,172376000.0,67251000,56719500.0
2014-09-11,22.328325271606445,16.525999069213867,29.27690887451172,77.24169921875,39.560951232910156,0.46268996596336365,163.77676391601562,18.687332153320312,249412400,54404000.0,30028000.0,32219000.0,29216400,250720000.0,66774400,56491500.0
2014-09-12,22.378952026367188,16.559499740600586,28.96933937072754,76.80552673339844,39.30842971801758,0.4557769298553467,162.820068359375,18.613332748413086,250504400,68586000.0,37030000.0,26676800.0,38244700,262536000.0,117409300,49869000.0
2014-09-15,22.372358322143555,16.194499969482422,28.807870864868164,73.93077087402344,38.921234130859375,0.4495792090892792,162.69741821289062,16.923999786376953,245266000,80008000.0,30908000.0,49679000.0,37667600,294152000.0,76401000,246831000.0
2014-09-16,22.202850341796875,16.38800048828125,29.161508560180664,75.417724609375,39.35894012451172,0.4562537670135498,163.92388916015625,17.382667541503906,267632400,65198000.0,31592000.0,37742000.0,27910600,219936000.0,116201000,124501500.0
2014-09-17,22.361347198486328,16.200000762939453,29.3848819732666,75.76466369628906,39.15692901611328,0.456492155790329,164.1446533203125,17.42533302307129,243706000,82720000.0,34390000.0,28693000.0,38311900,173584000.0,151266000,77665500.0
2014-09-18,22.407575607299805,16.25,29.582006454467773,76.32970428466797,39.29159164428711,0.46340498328208923,165.01954650878906,17.58799934387207,149197600,51538000.0,29890000.0,23031000.0,35556600,219604000.0,94990000,55389000.0
2014-09-19,22.2248592376709,16.56599998474121,29.984676361083984,77.23178100585938,39.99864959716797,0.45482343435287476,164.87086486816406,17.288000106811523,283609600,137724000.0,83832000.0,76671000.0,202522400,601316000.0,121649000,102163500.0
2014-09-22,22.24687385559082,16.225000381469727,29.582006454467773,76.13143920898438,39.61145782470703,0.4502943754196167,163.5975799560547,16.66866683959961,211153600,62194000.0,35644000.0,31961000.0,38686100,221464000.0,125553000,123211500.0
2014-09-23,22.59469223022461,16.181499481201172,29.280378341674805,77.60847473144531,39.19059753417969,0.4483872354030609,162.66111755371094,16.694000244140625,253608800,47052000.0,28074000.0,36814000.0,33430300,196144000.0,111393000,84880500.0
2014-09-24,22.398767471313477,16.410499572753906,29.638965606689453,77.8563003540039,39.6282844543457,0.4510093033313751,163.9344024658203,16.80933380126953,240687200,52844000.0,35160000.0,30680000.0,26582700,159592000.0,107276000,56242500.0
2014-09-25,21.544639587402344,16.096500396728516,28.986675262451172,76.54779052734375,38.75290298461914,0.44123589992523193,161.2891387939453,16.463333129882812,400368000,58576000.0,33420000.0,37533000.0,33077400,298440000.0,150300000,72513000.0
2014-09-26,22.178634643554688,16.160499572753906,29.117921829223633,78.10411834716797,39.064334869384766,0.4421895444393158,162.57069396972656,16.440000534057617,249482000,72760000.0,25782000.0,28872000.0,27078800,241188000.0,103547000,56931000.0
2014-09-29,22.037744522094727,16.090999603271484,29.113462448120117,78.31229400634766,39.08958053588867,0.44147440791130066,162.2750244140625,16.35066795349121,199065200,38492000.0,22874000.0,34031000.0,26091000,208540000.0,95112000,72790500.0
2014-09-30,22.178634643554688,16.121999740600586,29.14318084716797,78.3519515991211,39.02227020263672,0.4398057162761688,161.84783935546875,16.178667068481445,221056400,52724000.0,31430000.0,35899000.0,33033100,277204000.0,131302000,63574500.0
2014-10-01,21.83302116394043,15.873000144958496,28.708322525024414,75.88363647460938,38.63505172729492,0.43551498651504517,159.6544952392578,16.016000747680664,205965200,61782000.0,28954000.0,55090000.0,38088400,350976000.0,177798000,89125500.0
2014-10-02,21.991518020629883,15.920499801635742,28.770227432250977,76.40900421142578,38.51722717285156,0.4336080253124237,159.6790771484375,16.761333465576172,191031200,71078000.0,30726000.0,36488000.0,25119400,288996000.0,157285000,134973000.0
2014-10-03,21.929880142211914,16.136999130249023,29.03620147705078,76.7658920288086,38.794979095458984,0.43456149101257324,161.43704223632812,17.013999938964844,173878400,60748000.0,24290000.0,23340000.0,32453200,239140000.0,121569000,81094500.0
2014-10-06,21.929880142211914,16.110000610351562,29.111980438232422,76.88482666015625,38.794979095458984,0.43193933367729187,161.2480926513672,17.374666213989258,148204800,45806000.0,25722000.0,25729000.0,20604000,199032000.0,104778000,115699500.0
2014-10-07,21.738367080688477,15.848999977111816,28.43442726135254,75.62589263916016,38.32362365722656,0.4274100959300995,158.75901794433594,17.30466651916504,168376800,47308000.0,30914000.0,25317000.0,25723700,301896000.0,147913000,67282500.0
2014-10-08,22.18964385986328,16.135000228881836,28.911884307861328,76.84517669677734,39.37576675415039,0.43527650833129883,161.53564453125,17.28533363342285,229618800,69056000.0,44158000.0,32976000.0,33031000,260172000.0,186461000,75826500.0
2014-10-09,22.238067626953125,15.768500328063965,28.27147674560547,75.24919891357422,38.59297561645508,0.4269334077835083,158.3318634033203,17.134000778198242,309506000,71758000.0,48234000.0,32487000.0,34422800,306956000.0,210705000,110419500.0
2014-10-10,22.174226760864258,15.569499969482422,27.49784278869629,72.27529907226562,37.06104278564453,0.40166541934013367,156.52462768554688,15.793999671936035,265326400,73638000.0,59574000.0,52146000.0,51978100,691376000.0,221909000,193324500.0
2014-10-13,21.971708297729492,15.322500228881836,26.980758666992188,72.3546142578125,36.741172790527344,0.40023505687713623,153.9534149169922,14.97266674041748,214333600,87278000.0,55116000.0,43938000.0,37100200,397628000.0,230939000,169030500.0
2014-10-14,21.738367080688477,15.415499687194824,27.1759033203125,72.94938659667969,36.80852127075195,0.40953177213668823,154.19166564941406,15.137332916259766,254754400,67716000.0,52198000.0,50299000.0,38115700,376620000.0,215847000,106579500.0
2014-10-15,21.472000122070312,15.298500061035156,26.781658172607422,72.57270050048828,36.379234313964844,0.41572949290275574,153.14828491210938,15.313332557678223,403734400,106878000.0,76720000.0,61528000.0,60218700,404428000.0,380715000,137209500.0
2014-10-16,21.190231323242188,15.142999649047852,26.592952728271484,71.99774932861328,35.975215911865234,0.41596803069114685,153.01686096191406,15.09000015258789,288618000,94626000.0,76100000.0,53529000.0,49040400,351116000.0,270391000,80989500.0
2014-10-17,21.50061798095703,15.182000160217285,25.902027130126953,75.28884887695312,36.724342346191406,0.4152529537677765,154.8241424560547,15.165332794189453,272718800,88102000.0,119930000.0,76342000.0,40683300,290716000.0,214625000,158241000.0
2014-10-20,21.960695266723633,15.310500144958496,26.36808967590332,76.28014373779297,37.10313034057617,0.418828547000885,156.32749938964844,15.364666938781738,310069200,64690000.0,54964000.0,34701000.0,34527900,200336000.0,130011000,52416000.0
2014-10-21,22.557262420654297,15.766500473022461,26.647926330566406,78.00499725341797,37.776493072509766,0.4367067515850067,159.4244384765625,15.689332962036133,378495600,71186000.0,49190000.0,32252000.0,36433800,351092000.0,154949000,61954500.0
2014-10-22,22.671733856201172,15.648500442504883,26.878726959228516,77.68778991699219,37.355621337890625,0.4264565706253052,158.29080200195312,15.40666675567627,273052400,62518000.0,59474000.0,41862000.0,33570900,239512000.0,151822000,61749000.0
2014-10-23,23.076784133911133,15.659000396728516,27.421566009521484,79.34326171875,37.89434051513672,0.43599170446395874,160.1309051513672,15.685999870300293,284298800,180764000.0,43026000.0,35056000.0,45451900,214476000.0,154944000,52386000.0
2014-10-24,23.162641525268555,14.352999687194824,27.186304092407227,79.9677505493164,38.82866287231445,0.4405209422111511,161.36312866210938,15.682666778564453,188215600,396022000.0,43508000.0,32248000.0,61076700,210156000.0,117927000,51949500.0
2014-10-27,23.1384220123291,14.498499870300293,27.234840393066406,79.58116912841797,38.643470764160156,0.44075915217399597,161.141357421875,14.777999877929688,136750800,119012000.0,31934000.0,30169000.0,30371300,145092000.0,82954000,143299500.0
2014-10-28,23.497241973876953,14.779500007629395,27.68357276916504,80.06687927246094,39.131675720214844,0.451247900724411,162.98959350585938,16.184667587280273,192243600,111452000.0,34774000.0,74212000.0,29049800,192580000.0,106736000,157744500.0
2014-10-29,23.629323959350586,14.706000328063965,27.659303665161133,75.19963073730469,39.2410888671875,0.4483872354030609,162.74319458007812,15.873332977294922,210751600,97638000.0,41066000.0,106120000.0,30276100,168340000.0,142557000,74437500.0
2014-10-30,23.550073623657227,14.953499794006348,27.749446868896484,73.4648666381836,38.76131820678711,0.4455268085002899,163.78652954101562,15.910667419433594,162619200,81104000.0,32250000.0,83270000.0,30073900,170260000.0,113330000,48426000.0
2014-10-31,23.774612426757812,15.27299976348877,28.125858306884766,74.33718872070312,39.51885223388672,0.4657887816429138,165.659423828125,16.113332748413086,178557200,91014000.0,46810000.0,44544000.0,35849700,256316000.0,146903000,56629500.0
2014-11-03,24.082801818847656,15.28600025177002,27.922792434692383,73.23686981201172,39.93131637573242,0.47365519404411316,165.7498321533203,16.172666549682617,209130400,64850000.0,30834000.0,40727000.0,23130400,308732000.0,93600000,63057000.0
2014-11-04,23.90669822692871,15.14050006866455,27.94359588623047,75.10049438476562,40.040740966796875,0.4798531234264374,165.17477416992188,15.928667068481445,166297600,68548000.0,27726000.0,39326000.0,21530800,360196000.0,93343000,55239000.0
2014-11-05,23.96393585205078,14.826000213623047,27.53548240661621,74.17859649658203,40.284828186035156,0.4798531234264374,166.21804809570312,15.39799976348877,149743600,93490000.0,32906000.0,35913000.0,22449600,335652000.0,91709000,135688500.0
2014-11-06,24.0324764251709,14.831999778747559,27.324487686157227,74.60485076904297,40.99187469482422,0.481998473405838,166.88348388671875,16.08133316040039,139874000,75162000.0,33014000.0,21383000.0,33037800,394088000.0,107089000,230320500.0
2014-11-07,24.101009368896484,14.993000030517578,27.33092498779297,74.94188690185547,40.97504425048828,0.47174838185310364,167.03952026367188,16.01333236694336,134766000,52948000.0,31782000.0,20774000.0,28000600,450800000.0,89540000,77415000.0
2014-11-10,24.06121253967285,15.255499839782715,27.648408889770508,74.34710693359375,41.151798248291016,0.47723090648651123,167.5653076171875,16.1286678314209,108782000,56182000.0,26090000.0,21575100.0,36370100,293388000.0,66319000,68658000.0
2014-11-11,24.25356101989746,15.600500106811523,27.799962997436523,73.96051025390625,41.134971618652344,0.47150981426239014,167.72958374023438,16.738666534423828,109769200,76072000.0,21966000.0,18715700.0,23445200,212992000.0,54499400,119232000.0
2014-11-12,24.596250534057617,15.575499534606934,27.649398803710938,74.0695571899414,41.05919647216797,0.46841099858283997,167.5489044189453,16.606666564941406,187769600,43660000.0,21882000.0,26536600.0,22722100,204584000.0,90120300,88062000.0
2014-11-13,24.943363189697266,15.824000358581543,27.55974769592285,73.6036376953125,41.75783920288086,0.4660271406173706,167.73782348632812,16.780000686645508,238091600,73728000.0,30220000.0,26448500.0,26210400,225328000.0,85357900,93540000.0
2014-11-14,25.244043350219727,16.391000747680664,27.49784278869629,74.22815704345703,41.73258590698242,0.47174838185310364,167.77886962890625,17.245332717895508,176254400,177556000.0,28502000.0,19476900.0,29081700,160248000.0,80417500,91516500.0
2014-11-17,25.2020320892334,16.15250015258789,27.074369430541992,73.59371948242188,41.63157653808594,0.4696028530597687,167.8856964111328,16.93199920654297,186986800,95698000.0,33612000.0,28701200.0,30318600,158732000.0,80441000,60385500.0
2014-11-18,25.52924919128418,16.24650001525879,26.968873977661133,73.6928482055664,41.284305572509766,0.4808065891265869,168.85501098632812,17.18000030517578,176896000,70990000.0,36440000.0,20690500.0,23995500,207772000.0,76068100,67095000.0
2014-11-19,25.352378845214844,16.32699966430664,27.102102279663086,72.691650390625,40.84385681152344,0.4790111184120178,168.5839080810547,16.516000747680664,167476800,65632000.0,30346000.0,25441200.0,26177500,240300000.0,82373000,118777500.0
2014-11-20,25.7149658203125,16.527000427246094,26.931724548339844,72.95930480957031,41.25040817260742,0.4869109094142914,168.87965393066406,16.58066749572754,173582000,68734000.0,35016000.0,19154900.0,21510600,220968000.0,72840300,53808000.0
2014-11-21,25.750341415405273,16.631500244140625,27.037221908569336,73.10800170898438,40.64055633544922,0.48954418301582336,169.78329467773438,16.185333251953125,228717200,89332000.0,50120000.0,23060400.0,42884800,198976000.0,142327300,112276500.0
2014-11-24,26.227888107299805,16.781999588012695,27.1159725189209,73.36573028564453,40.31021499633789,0.49265623092651367,170.25973510742188,16.447999954223633,189803200,55084000.0,33076000.0,22103800.0,35434200,136004000.0,65880800,71845500.0
2014-11-25,26.00016975402832,16.75200080871582,27.202646255493164,74.97163391113281,40.208587646484375,0.49241676926612854,170.1365203857422,16.53933334350586,275361600,51300000.0,38072000.0,32250200.0,28008000,190240000.0,79108300,47397000.0
2014-11-26,26.309701919555664,16.678499221801758,27.128355026245117,76.94432830810547,40.44573974609375,0.5007951259613037,170.57188415527344,16.562667846679688,163073200,39672000.0,29604000.0,32695300.0,27163600,219264000.0,62167800,29718000.0
2014-11-28,26.294218063354492,16.93199920654297,27.19521713256836,77.02361297607422,40.49656295776367,0.5019922852516174,170.21041870117188,16.301332473754883,99257600,61036000.0,24202000.0,15992000.0,21534400,124832000.0,57890100,31795500.0
2014-12-01,25.440805435180664,16.299999237060547,26.728164672851562,74.44624328613281,41.18266296386719,0.49265623092651367,169.02749633789062,15.442667007446289,335256000,98898000.0,39888000.0,31789900.0,31191600,190060000.0,103968400,129291000.0
2014-12-02,25.343534469604492,16.315500259399414,26.6756649017334,74.80311584472656,41.04713439941406,0.4933743476867676,170.12008666992188,15.428667068481445,237395600,55806000.0,41480000.0,16773900.0,25773500,245952000.0,74507200,88305000.0
2014-12-03,25.630949020385742,15.824999809265137,26.595426559448242,74.22815704345703,40.72526168823242,0.506061851978302,170.77731323242188,15.286666870117188,172253600,113620000.0,32476000.0,16689900.0,23534800,284424000.0,68952000,79615500.0
2014-12-04,25.53367042541504,15.846500396728516,26.8732852935791,74.58501434326172,41.36900329589844,0.5015134811401367,170.58831787109375,15.218667030334473,168178000,65806000.0,32598000.0,14362800.0,30320400,185332000.0,91316600,57834000.0
2014-12-05,25.425338745117188,15.631500244140625,26.155113220214844,75.69527435302734,41.01325607299805,0.5043861269950867,170.86766052246094,14.913999557495117,153275600,65304000.0,61402000.0,24306400.0,27313400,165680000.0,91025500,90954000.0
2014-12-08,24.85050392150879,15.331999778747559,26.286367416381836,75.8538818359375,40.40340042114258,0.49792271852493286,169.72581481933594,14.290666580200195,230659600,72784000.0,64566000.0,25733900.0,26663100,226944000.0,108588200,138384000.0
2014-12-09,25.230783462524414,15.625,26.55282974243164,76.17108917236328,40.31021499633789,0.4962467849254608,169.61074829101562,14.459333419799805,240832000,80990000.0,43322000.0,25358600.0,24330500,239448000.0,125180100,141472500.0
2014-12-10,24.75100326538086,15.291999816894531,26.153133392333984,75.51683044433594,39.725772857666016,0.4852353036403656,166.89170837402344,13.989333152770996,178261200,64918000.0,46222000.0,32210500.0,30431800,204364000.0,159856400,109711500.0
2014-12-11,24.67805290222168,15.368000030517578,26.354719161987305,77.05335998535156,39.95446014404297,0.48499593138694763,167.73782348632812,13.925333023071289,165606800,65258000.0,41426000.0,33462100.0,29060400,135652000.0,159012800,100416000.0
2014-12-12,24.260190963745117,15.366000175476074,25.8297119140625,77.15247344970703,39.76810073852539,0.4699144959449768,165.0269317626953,13.800000190734863,224112400,63070000.0,47314000.0,28091600.0,34248400,323964000.0,202330200,107607000.0
2014-12-15,23.92855453491211,15.303500175476074,25.54888153076172,76.31979370117188,39.530948638916016,0.4684782326221466,163.8932647705078,13.602666854858398,268872400,76832000.0,52352000.0,29396500.0,29247800,254696000.0,189965800,78274500.0
2014-12-16,23.60134506225586,14.753000259399414,24.6732177734375,74.03981018066406,38.2519416809082,0.4632118046283722,162.5789337158203,13.187333106994629,243162800,130026000.0,86998000.0,31554600.0,47801400,185308000.0,259543800,126391500.0
2014-12-17,24.1894474029541,14.944000244140625,25.08380889892578,75.44745635986328,38.74320983886719,0.48212313652038574,165.76625061035156,13.721332550048828,213647200,88670000.0,72788000.0,29203900.0,34970900,345596000.0,253910100,110517000.0
2014-12-18,24.90576934814453,14.886500358581543,25.488462448120117,77.71751403808594,40.25093078613281,0.484038382768631,169.8654327392578,14.550666809082031,236024800,154762000.0,77534000.0,34222100.0,40105600,226156000.0,257633900,112249500.0
2014-12-19,24.713428497314453,14.994999885559082,25.756906509399414,79.18463134765625,40.369503021240234,0.48882609605789185,170.5881805419922,14.619333267211914,353719200,174182000.0,97442000.0,43335000.0,64551200,325528000.0,245084600,103657500.0
2014-12-22,24.969894409179688,15.32699966430664,26.364124298095703,80.74097442626953,40.64055633544922,0.497443825006485,171.37295532226562,14.84000015258789,180670000,80076000.0,66390000.0,31395800.0,26566000,148976000.0,148318900,71991000.0
2014-12-23,24.881458282470703,15.314499855041504,26.684579849243164,79.90828704833984,41.038658142089844,0.4943319261074066,171.6041717529297,14.731332778930664,104113600,54274000.0,57544000.0,19865800.0,23648100,109280000.0,122167900,67585500.0
2014-12-24,24.7642822265625,15.15149974822998,26.593448638916016,80.06687927246094,40.77608108520508,0.49241676926612854,171.6207275390625,14.817333221435547,57918400,30276000.0,14754000.0,7685500.0,11437800,45644000.0,42963400,19983000.0
2014-12-26,25.2020320892334,15.454500198364258,26.820777893066406,80.0768051147461,40.55583953857422,0.4928953945636749,172.1741485595703,15.187999725341797,134884000,57876000.0,22270000.0,10647400.0,13197800,52636000.0,57326700,49905000.0
2014-12-29,25.18435287475586,15.60200023651123,26.612262725830078,79.32341766357422,40.19163513183594,0.49217742681503296,172.40545654296875,15.047332763671875,110395600,60180000.0,44300000.0,14134700.0,14439500,82944000.0,79643900,42037500.0
2014-12-30,24.87703514099121,15.515000343322754,26.511722564697266,78.5303726196289,39.827415466308594,0.48762911558151245,171.48023986816406,14.815333366394043,119526000,41860000.0,20972000.0,14370800.0,16384700,112120000.0,73540800,43548000.0
2014-12-31,24.403898239135742,15.517499923706055,26.28289794921875,77.3408203125,39.3446044921875,0.4799686372280121,169.77871704101562,14.827333450317383,165613600,40960000.0,24648000.0,19935400.0,21552500,166300000.0,130333800,34462500.0
2015-01-02,24.171754837036133,15.425999641418457,26.227920532226562,77.76707458496094,39.60718536376953,0.48188382387161255,169.68783569335938,14.620667457580566,212818400,55664000.0,26480000.0,18177500.0,27913900,113680000.0,121465900,71466000.0
2015-01-05,23.490800857543945,15.10949993133545,25.72817611694336,76.51805877685547,39.24296188354492,0.4737447202205658,166.62335205078125,14.005999565124512,257142000,55484000.0,41182000.0,26452200.0,39673900,197952000.0,169632600,80527500.0
2015-01-06,23.493009567260742,14.76449966430664,25.093219757080078,75.48709869384766,38.6669807434082,0.45938166975975037,165.05393981933594,14.085332870483398,263188400,70380000.0,54456000.0,27399300.0,36447900,197764000.0,209151400,93928500.0
2015-01-07,23.822429656982422,14.920999526977539,25.019424438476562,75.48709869384766,39.15824890136719,0.4581845700740814,167.1106414794922,14.063332557678223,160423600,52806000.0,46918000.0,22045300.0,29114100,321808000.0,125346700,44526000.0
2015-01-08,24.737747192382812,15.02299976348877,25.10659408569336,77.49942779541016,40.31021499633789,0.4754204750061035,170.07611083984375,14.041333198547363,237458000,61768000.0,73054000.0,23961000.0,29645200,283780000.0,147217800,51637500.0
2015-01-09,24.7642822265625,14.846500396728516,24.80000877380371,77.0632553100586,39.97141647338867,0.47733551263809204,168.71315002441406,13.77733325958252,214798000,51848000.0,42000000.0,21157000.0,23944200,209540000.0,158567300,70024500.0
2015-01-12,24.15407371520996,14.570500373840332,24.618738174438477,76.05213928222656,39.47165298461914,0.47135090827941895,167.3915252685547,13.480667114257812,198603200,68428000.0,57138000.0,19190200.0,23651900,190732000.0,144396100,89254500.0
2015-01-13,24.368528366088867,14.737000465393066,24.853504180908203,75.78450012207031,39.26837921142578,0.47063273191452026,166.92074584960938,13.616666793823242,268367600,82728000.0,60958000.0,25179600.0,35270600,236720000.0,214553300,67159500.0
2015-01-14,24.275667190551758,14.66349983215332,25.05805206298828,75.61598205566406,38.929561614990234,0.4725477397441864,165.9130096435547,12.845999717712402,195826400,110774000.0,52800000.0,25918600.0,29719600,155260000.0,192991100,173278500.0
2015-01-15,23.6168155670166,14.34749984741211,24.96295928955078,73.4053955078125,38.52297592163086,0.46919628977775574,164.39306640625,12.791333198547363,240056000,88384000.0,51068000.0,34134000.0,32750800,188932000.0,176613900,78247500.0
2015-01-16,23.43331527709961,14.536999702453613,25.28242301940918,74.5255355834961,39.166717529296875,0.47781428694725037,166.5490264892578,12.871333122253418,314053200,69564000.0,49658000.0,21791500.0,35695300,181512000.0,211879600,54048000.0
2015-01-20,24.036893844604492,14.472000122070312,25.256664276123047,75.5763168334961,39.29377365112305,0.47925060987472534,166.9041748046875,12.795332908630371,199599600,61502000.0,46796000.0,22821600.0,36161900,140308000.0,130991100,67548000.0
2015-01-21,24.22039794921875,14.862500190734863,25.774242401123047,76.07196807861328,38.89567184448242,0.4859534204006195,167.74671936035156,13.104666709899902,194303600,201302000.0,46356000.0,25096700.0,39081100,144780000.0,122942700,62295000.0
2015-01-22,24.85050392150879,15.515999794006348,26.611770629882812,76.97403717041016,39.92058181762695,0.4943319261074066,170.24127197265625,13.441332817077637,215185600,107252000.0,56068000.0,19519500.0,35898000,159712000.0,174356000,61753500.0
2015-01-23,24.97873306274414,15.619500160217285,26.842077255249023,77.15247344970703,39.96294021606445,0.49576815962791443,169.30784606933594,13.419333457946777,185859200,89928000.0,45966000.0,16746500.0,26211600,120416000.0,117516800,51579000.0
2015-01-26,25.00526237487793,15.482999801635742,26.583045959472656,76.82534790039062,39.81894302368164,0.4936137795448303,169.70431518554688,13.770000457763672,222460000,63394000.0,30932000.0,19260800.0,42525500,133240000.0,92009700,48517500.0
2015-01-27,24.129751205444336,15.337499618530273,25.813859939575195,75.12033081054688,36.134361267089844,0.4699144959449768,167.4658660888672,13.732000350952148,382274800,58406000.0,39148000.0,20110000.0,169164000,357948000.0,134044600,41715000.0
2015-01-28,25.49388313293457,15.195500373840332,25.379993438720703,75.5763168334961,34.889217376708984,0.4622541666030884,165.31825256347656,13.291333198547363,585908400,61276000.0,35822000.0,53306400.0,84507100,272728000.0,168514300,47244000.0
2015-01-29,26.287593841552734,15.58899974822998,25.41961669921875,77.32100677490234,35.58377456665039,0.4735053777694702,166.8463592529297,13.680000305175781,337745600,173132000.0,79018000.0,61293500.0,63585300,235340000.0,173585400,53221500.0
2015-01-30,25.90289306640625,17.726499557495117,26.6241512298584,75.24919891357422,34.220062255859375,0.4596209228038788,164.74827575683594,13.573332786560059,334982000,477122000.0,121108000.0,42649500.0,78004900,298200000.0,197729700,45105000.0
2015-02-02,26.227888107299805,18.223499298095703,26.359174728393555,74.33718872070312,34.96544647216797,0.4696751534938812,166.78855895996094,14.062666893005371,250956400,204638000.0,75378000.0,41955300.0,50352500,259604000.0,163107000,62238000.0
2015-02-03,26.23231315612793,18.177499771118164,26.41365623474121,74.7436294555664,35.23650360107422,0.4814050793647766,169.20053100585938,14.557332992553711,207662800,124252000.0,47062000.0,26957700.0,52082400,183468000.0,124212900,72393000.0
2015-02-04,26.433504104614258,18.237499237060547,26.05704689025879,74.97163391113281,35.439788818359375,0.4826021194458008,168.55625915527344,14.569999694824219,280598800,83398000.0,33896000.0,20277400.0,41614800,181516000.0,134306700,49581000.0
2015-02-05,26.622177124023438,18.694499969482422,26.241792678833008,74.9518051147461,35.95648193359375,0.4905018210411072,170.25778198242188,14.732666969299316,168984800,144952000.0,33176000.0,15062600.0,36548200,140448000.0,97953200,52843500.0
2015-02-06,26.397991180419922,18.714000701904297,26.4423828125,73.82173156738281,35.92258834838867,0.4883471429347992,169.7870330810547,14.490667343139648,174826400,77848000.0,42938000.0,21211000.0,34616600,210524000.0,125672000,48658500.0
2015-02-09,26.573348999023438,18.527999877929688,26.214550018310547,73.79198455810547,35.8802375793457,0.48786845803260803,169.02700805664062,14.498666763305664,155559200,54492000.0,30314000.0,16194300.0,31381100,273944000.0,87219000,52086000.0
2015-02-10,27.083860397338867,18.649999618530273,26.753419876098633,74.53545379638672,36.08352279663086,0.5015134811401367,170.82774353027344,14.419333457946777,248034000,45744000.0,47430000.0,15811300.0,29670700,226204000.0,96164200,80857500.0
2015-02-11,27.718666076660156,18.756999969482422,26.646440505981445,75.84396362304688,35.89719772338867,0.4981619715690613,170.92686462402344,14.186667442321777,294247200,55730000.0,38306000.0,20877400.0,38262500,320832000.0,91087800,146536500.0
2015-02-12,28.06937026977539,18.85849952697754,27.043167114257812,75.56640625,36.49858474731445,0.5338307023048401,172.57064819335938,13.525333404541016,297898000,55822000.0,48590000.0,17235000.0,33268800,676904000.0,97545900,234744000.0
2015-02-13,28.206979751586914,19.09149932861328,27.298240661621094,75.08067321777344,37.15924835205078,0.5340699553489685,173.28103637695312,13.584667205810547,217088800,69502000.0,47382000.0,18621900.0,40264900,310084000.0,93670400,92865000.0
2015-02-17,28.37346076965332,18.771499633789062,26.993635177612305,74.94188690185547,37.17631530761719,0.5357456207275391,173.5535888671875,13.623332977294922,252609600,73464000.0,39174000.0,25254400.0,33695700,203340000.0,76968200,59694000.0
2015-02-18,28.571002960205078,18.668500900268555,26.876750946044922,76.04222106933594,37.1336669921875,0.5295217037200928,173.57009887695312,13.630666732788086,179566800,53012000.0,31164000.0,22426400.0,27111700,170948000.0,80652900,40704000.0
2015-02-19,28.511075973510742,18.950000762939453,27.064958572387695,78.72864532470703,37.10808181762695,0.530957818031311,173.44622802734375,14.11400032043457,149449600,59076000.0,30834000.0,45851200.0,27603400,169432000.0,91462500,77311500.0
2015-02-20,28.744140625,19.183000564575195,26.83464813232422,79.2044677734375,37.41518020629883,0.5347880125045776,174.4870147705078,14.473999977111816,195793600,65160000.0,38234000.0,36931700.0,29721100,157752000.0,140896400,89731500.0
2015-02-23,29.521007537841797,19.006999969482422,26.49785804748535,78.15367889404297,37.66257095336914,0.5304790735244751,174.46218872070312,13.822667121887207,283896400,43540000.0,32906000.0,24139100.0,32518800,125008000.0,74411100,127497000.0
2015-02-24,29.33677864074707,18.929500579833984,26.67863655090332,77.76707458496094,37.61137771606445,0.536126434803009,174.95782470703125,13.607333183288574,276912400,38416000.0,28406000.0,18897100.0,25271700,149356000.0,72472300,99054000.0
2015-02-25,28.5865421295166,19.26849937438965,27.108543395996094,78.86740112304688,37.52607345581055,0.5320412516593933,174.80909729003906,13.583999633789062,298846800,63490000.0,40836000.0,25593800.0,29759800,123820000.0,73061700,58642500.0
2015-02-26,28.948347091674805,19.239999771118164,27.70090675354004,79.71003723144531,37.58579635620117,0.53348308801651,174.6026153564453,13.812666893005371,365150000,53742000.0,54032000.0,31111900.0,28957300,152864000.0,72697900,97093500.0
2015-02-27,28.513303756713867,19.007999420166016,27.8663330078125,78.28255462646484,37.40664291381836,0.5301187634468079,174.00796508789062,13.555999755859375,248059200,50646000.0,68328000.0,30739200.0,33807700,157492000.0,108076000,58231500.0
2015-03-02,28.65313720703125,19.283000946044922,28.479990005493164,79.05577087402344,37.4322395324707,0.5430952310562134,175.10646057128906,13.155332565307617,192386800,42784000.0,50406000.0,21662500.0,31924000,301512000.0,87491400,118831500.0
2015-03-03,28.71306037902832,19.230499267578125,28.666717529296875,78.90707397460938,36.92041015625,0.5330023765563965,174.38784790039062,13.303999900817871,151265200,38930000.0,50526000.0,18635000.0,31748600,160344000.0,110325800,66484500.0
2015-03-04,28.531049728393555,19.13599967956543,28.64393424987793,80.19576263427734,36.73273468017578,0.539010226726532,173.65272521972656,13.496000289916992,126665200,45182000.0,37964000.0,28126700.0,25748700,226840000.0,114497200,63330000.0
2015-03-05,28.058271408081055,19.39150047302246,28.79747200012207,80.5030746459961,36.77537536621094,0.5493433475494385,173.8427276611328,13.375332832336426,226068400,53870000.0,35918000.0,27825700.0,23193500,323056000.0,76873000,73155000.0
2015-03-06,28.10044288635254,19.004499435424805,28.37499237060547,79.31350708007812,36.13559341430664,0.5418938994407654,171.39767456054688,12.925333023071289,291368400,52540000.0,37592000.0,24488600.0,36248800,257392000.0,188128000,100686000.0
2015-03-09,28.220306396484375,18.92799949645996,28.43442726135254,78.74845886230469,36.55358123779297,0.543335497379303,172.1081085205078,12.725333213806152,354114000,46228000.0,23478000.0,18925100.0,32108000,222388000.0,89818900,101050500.0
2015-03-10,27.63654327392578,18.475500106811523,27.7286434173584,76.87492370605469,35.85408401489258,0.5527075529098511,169.31614685058594,12.687999725341797,275426400,62420000.0,40080000.0,23067100.0,39159700,527212000.0,157121300,83695500.0
2015-03-11,27.132680892944336,18.318500518798828,27.52260398864746,76.89474487304688,35.81142044067383,0.5498238205909729,168.9196319580078,12.916000366210938,275756000,49902000.0,40524000.0,20215700.0,32215300,262120000.0,110145700,74623500.0
2015-03-12,27.623226165771484,18.711999893188477,27.794021606445312,78.24291229248047,34.99247741699219,0.5447773337364197,171.06729125976562,12.73799991607666,193450800,56200000.0,35602000.0,16093300.0,59992500,406972000.0,93993500,62239500.0
2015-03-13,27.432336807250977,18.52899932861328,27.389368057250977,77.37057495117188,35.299598693847656,0.5454984903335571,170.01824951171875,12.578666687011719,207309200,52234000.0,35428000.0,18557300.0,58007700,359288000.0,162410900,81514500.0
2015-03-16,27.73419761657715,18.667499542236328,27.81730079650879,77.39039611816406,35.453155517578125,0.5519866347312927,172.289794921875,13.046667098999023,143497200,47082000.0,36856000.0,19305400.0,35273500,236956000.0,136099200,84432000.0
2015-03-17,28.198108673095703,18.59600067138672,27.617698669433594,78.66915893554688,35.572566986083984,0.5587152242660522,171.77767944335938,12.982000350952148,204092400,40740000.0,28892000.0,22170000.0,31673400,299900000.0,94510400,73411500.0
2015-03-18,28.515506744384766,18.756999969482422,28.041170120239258,80.2056655883789,36.255008697509766,0.5495836138725281,173.8427276611328,13.380666732788086,261083600,53082000.0,35324000.0,36912400.0,44194800,413844000.0,228808500,72313500.0
2015-03-19,28.300212860107422,18.66200065612793,27.917842864990234,82.0296401977539,36.07588577270508,0.557994544506073,173.04971313476562,13.043333053588867,183238000,38314000.0,24660000.0,42099500.0,33879100,310756000.0,117917300,127128000.0
2015-03-20,27.945070266723633,18.92449951171875,27.981239318847656,83.07051849365234,36.579193115234375,0.5640019774436951,174.57720947265625,13.20533275604248,274780400,75272000.0,44320000.0,44466300.0,71904500,462084000.0,177715100,64042500.0
2015-03-23,28.235843658447266,18.75550079345703,28.00204086303711,83.69503021240234,36.5621223449707,0.5457385778427124,174.23704528808594,13.308667182922363,150838800,44786000.0,30234000.0,27357300.0,26246100,426012000.0,71784500,39474000.0
2015-03-24,28.120426177978516,18.704500198364258,28.60480499267578,84.56736755371094,36.59624099731445,0.5382890701293945,173.25794982910156,13.447999954223633,131369200,44564000.0,79156000.0,32576500.0,25513300,330480000.0,77805300,54748500.0
2015-03-25,27.385726928710938,18.54800033569336,28.082773208618164,82.19816589355469,35.36784744262695,0.5056071877479553,170.71910095214844,12.953332901000977,206620800,68590000.0,53070000.0,37436100.0,43469900,542552000.0,159521700,85956000.0
2015-03-26,27.576616287231445,18.36750030517578,27.916357040405273,82.28738403320312,35.154571533203125,0.5039253830909729,170.31253051757812,12.694000244140625,190291600,58600000.0,49842000.0,32794800.0,37495600,311920000.0,153067200,61920000.0
2015-03-27,27.356870651245117,18.527999877929688,27.614727020263672,82.57487487792969,34.9498405456543,0.5137777328491211,170.70254516601562,12.333333015441895,158184800,52196000.0,34552000.0,18372600.0,34401400,318288000.0,118939000,129073500.0
2015-03-30,28.049394607543945,18.72949981689453,27.79253578186035,82.4757308959961,34.94129943847656,0.5159404277801514,172.78501892089844,12.704667091369629,188398800,36418000.0,24788000.0,24527700.0,35049700,253252000.0,96180400,151342500.0
2015-03-31,27.618783950805664,18.604999542236328,27.473569869995117,81.5042495727539,34.68538284301758,0.5029639005661011,171.27500915527344,12.584667205810547,168362400,50122000.0,34932000.0,19734300.0,34887200,357276000.0,126768700,75399000.0
2015-04-01,27.578834533691406,18.51300048828125,27.215526580810547,80.95904541015625,34.736572265625,0.5048863887786865,170.66929626464844,12.505999565124512,162485600,49162000.0,38902000.0,22058200.0,36865300,330768000.0,137303600,56919000.0
2015-04-02,27.81633186340332,18.612499237060547,26.810382843017578,80.85000610351562,34.36975860595703,0.5060878396034241,171.28330993652344,12.733332633972168,128880400,37506000.0,47760000.0,19664100.0,37487500,192204000.0,86900900,75156000.0
2015-04-06,28.266916275024414,18.851999282836914,26.941143035888672,81.72235870361328,35.444602966308594,0.5207468271255493,172.43658447265625,13.539999961853027,148776000,61014000.0,33718000.0,19062900.0,39223700,515864000.0,114368200,186837000.0
2015-04-07,27.969482421875,18.720500946044922,26.9862060546875,81.60338592529297,35.427547454833984,0.5253125429153442,171.980224609375,13.550000190734863,140049200,39098000.0,27318000.0,17467000.0,28809400,413964000.0,81236300,65218500.0
2015-04-08,27.87848472595215,19.059999465942383,27.183330535888672,81.5637435913086,35.333717346191406,0.5291575789451599,172.56106567382812,13.844667434692383,149316800,52728000.0,28386000.0,18966700.0,24753400,366432000.0,89351900,94546500.0
2015-04-09,28.091564178466797,19.177000045776367,27.142717361450195,81.45470428466797,35.384891510009766,0.5414133667945862,173.3243408203125,14.005999565124512,129936000,47846000.0,32366000.0,15927300.0,25723900,379432000.0,85548900,57003000.0
2015-04-10,28.21141815185547,19.13249969482422,27.16847038269043,81.32583618164062,35.58963394165039,0.546940267086029,174.2701873779297,14.0600004196167,160752000,51470000.0,26104000.0,12529700.0,28022000,258728000.0,72722900,61015500.0
2015-04-13,28.155929565429688,19.118000030517578,27.17342758178711,82.28738403320312,35.62375259399414,0.5418938994407654,173.48194885253906,13.985333442687988,145460400,37890000.0,29326000.0,26883100.0,30276700,236724000.0,74436600,56373000.0
2015-04-14,28.033859252929688,19.25550079345703,26.734603881835938,82.7929458618164,35.52991485595703,0.5373280644416809,173.8138885498047,13.830666542053223,102098400,51672000.0,47206000.0,19634200.0,24244400,220276000.0,75099900,45390000.0
2015-04-15,28.14039421081543,19.172500610351562,26.797006607055664,81.989990234375,36.05027389526367,0.5438162088394165,174.59376525878906,13.85533332824707,115881600,38664000.0,46962000.0,22390900.0,27343600,243560000.0,99529300,29286000.0
2015-04-16,28.0049991607666,19.302000045776367,26.91983985900879,81.5934829711914,35.964969635009766,0.5404517650604248,174.54400634765625,13.779999732971191,113476000,41608000.0,31722000.0,13769700.0,22509700,155284000.0,68934900,24886500.0
2015-04-17,27.689817428588867,18.777999877929688,26.38591957092285,80.0768051147461,35.504337310791016,0.53348308801651,172.53611755371094,13.78600025177002,207828000,76794000.0,49234000.0,24215000.0,42387600,293636000.0,191113200,37048500.0
2015-04-20,28.322412490844727,19.475500106811523,26.96986198425293,82.36668395996094,36.60477066040039,0.530839741230011,174.11257934570312,13.684666633605957,188217200,100322000.0,38508000.0,28796800.0,46057700,231624000.0,92189500,38389500.0
2015-04-21,28.169254302978516,19.55900001525879,26.890119552612305,82.89207458496094,36.374446868896484,0.5301187634468079,173.9051055908203,13.96066665649414,129740400,92870000.0,29128000.0,27171900.0,26013800,230456000.0,72559800,51487500.0
2015-04-22,28.548805236816406,19.489999771118164,27.20016860961914,83.89328002929688,36.67302322387695,0.536126434803009,174.759765625,14.629332542419434,150618000,69494000.0,31806000.0,45548000.0,25064300,207420000.0,78264600,117945000.0
2015-04-23,28.7818660736084,19.499500274658203,27.610267639160156,81.6926040649414,36.971588134765625,0.5339635610580444,175.199462890625,14.573332786560059,183083600,159600000.0,78184000.0,73728100.0,46309500,259380000.0,102585900,66168000.0
2015-04-24,28.917266845703125,22.2549991607666,28.412635803222656,80.82027435302734,40.83595275878906,0.5293976068496704,175.60597229003906,14.562000274658203,178103600,343538000.0,92168000.0,29660400.0,130933700,240960000.0,61327400,36417000.0
2015-04-27,29.443323135375977,21.92799949645996,28.039188385009766,81.19696807861328,40.972434997558594,0.53348308801651,174.8758544921875,15.436667442321777,387816800,108618000.0,48062000.0,25446000.0,59248200,248456000.0,79358100,175089000.0
2015-04-28,28.979419708251953,21.465499877929688,27.952512741088867,79.9776611328125,41.93639373779297,0.536126434803009,175.4317626953125,15.36533260345459,475696000,82810000.0,37178000.0,23775300.0,60730800,234484000.0,86863500,91281000.0
2015-04-29,28.553253173828125,21.4685001373291,27.804916381835938,79.76949310302734,41.85109329223633,0.5320412516593933,174.7099609375,15.49666690826416,253544400,72434000.0,33622000.0,26430300.0,47804600,195156000.0,125684900,59041500.0
2015-04-30,27.778600692749023,21.089000701904297,27.17986488342285,78.08428955078125,41.492801666259766,0.53348308801651,172.95928955078125,15.069999694824219,332781600,72958000.0,47240000.0,28999000.0,64725500,218844000.0,161304900,58678500.0
2015-05-01,28.62205696105957,21.14349937438965,27.298240661621094,78.30237579345703,41.50985336303711,0.5467000007629395,174.83441162109375,15.0686674118042,234050400,71316000.0,36572000.0,24136400.0,38937300,256968000.0,103399700,79225500.0
2015-05-04,28.566572189331055,21.152000427246094,27.381446838378906,78.12394714355469,41.15159225463867,0.543335497379303,175.33226013183594,15.36733341217041,203953200,45408000.0,35260000.0,14692000.0,34039500,200720000.0,70927200,66519000.0
2015-05-05,27.922876358032227,21.059499740600586,26.896066665649414,76.88482666015625,40.60562515258789,0.5293976068496704,173.3243408203125,15.529999732971191,197085600,57128000.0,28528000.0,22311300.0,50369200,292928000.0,113326200,86953500.0
2015-05-06,27.74751853942871,20.954999923706055,26.50181770324707,77.42013549804688,39.47956848144531,0.5310800075531006,172.61080932617188,15.362000465393066,288564000,51050000.0,39034000.0,28663000.0,52433000,316484000.0,135060200,79063500.0
2015-05-07,27.91914939880371,21.3439998626709,26.84653663635254,77.74726104736328,39.83786392211914,0.5404517650604248,173.29949951171875,15.786666870117188,175763600,55322000.0,31844000.0,19749400.0,32971700,534564000.0,88244900,141838500.0
2015-05-08,28.44516944885254,21.684499740600586,27.188777923583984,77.82655334472656,40.733558654785156,0.5005609393119812,175.5811767578125,15.77400016784668,222201600,58176000.0,28226000.0,19943600.0,35364900,1146552000.0,155877300,70023000.0
2015-05-11,28.155412673950195,21.642499923706055,27.031770706176758,77.33092498779297,40.40940856933594,0.4957547187805176,174.7431640625,15.965999603271484,168143200,47874000.0,21858000.0,18874100.0,24609400,544144000.0,75708100,85084500.0
2015-05-12,28.05510902404785,21.551000595092773,26.68259620666504,76.78569030761719,40.39234924316406,0.5005609393119812,174.22047424316406,16.31599998474121,192640000,38956000.0,35282000.0,21285300.0,29928300,388800000.0,119727600,95451000.0
2015-05-13,28.086315155029297,21.3435001373291,26.720239639282227,77.7571792602539,40.63121032714844,0.5034445524215698,174.25364685058594,16.211999893188477,138776800,39926000.0,24238000.0,21512300.0,34184600,308524000.0,94667900,81603000.0
2015-05-14,28.741619110107422,21.61400032043457,27.201160430908203,80.66167449951172,41.56103515625,0.5116150975227356,176.07070922851562,16.273332595825195,180814000,37770000.0,31736000.0,49438000.0,32980900,293052000.0,95934000,43438500.0
2015-05-15,28.701488494873047,21.299999237060547,27.066936492919922,79.71993255615234,41.202754974365234,0.5118552446365356,176.26148986816406,16.589332580566406,152832000,84806000.0,33440000.0,27069900.0,28642700,215824000.0,76510100,67914000.0
2015-05-18,29.01799201965332,21.261999130249023,27.07585334777832,80.17593383789062,40.955360412597656,0.5111342668533325,176.80906677246094,16.583332061767578,203531600,47804000.0,26706000.0,21613700.0,24136500,324972000.0,74549700,50298000.0
2015-05-19,28.991252899169922,21.085500717163086,27.20512580871582,79.9281005859375,40.85233688354492,0.5079476237297058,176.7510223388672,16.47599983215332,178532800,49284000.0,47126000.0,17955400.0,28574800,253808000.0,72114600,55113000.0
2015-05-20,28.98902130126953,21.19300079345703,27.365102767944336,79.84880828857422,40.85233688354492,0.5079476237297058,176.62655639648438,16.290000915527344,145819600,43924000.0,30840000.0,23056900.0,25047900,196824000.0,76857500,56334000.0
2015-05-21,29.28545570373535,21.581499099731445,27.578075408935547,79.77940368652344,40.7149658203125,0.5043265223503113,177.1409912109375,16.374666213989258,158921600,82428000.0,34170000.0,13402700.0,22410700,239692000.0,64764600,29559000.0
2015-05-22,29.541784286499023,21.381500244140625,27.46465492248535,79.83889770507812,40.268489837646484,0.503602147102356,176.71780395507812,16.51533317565918,182384000,40412000.0,24266000.0,19567900.0,25720600,212592000.0,57433500,33346500.0
2015-05-26,28.890953063964844,21.273500442504883,27.10161018371582,78.6394271850586,40.002323150634766,0.500463604927063,174.8177947998047,16.497333526611328,282790400,44884000.0,37474000.0,16321300.0,29581900,259732000.0,124308600,52480500.0
2015-05-27,29.430335998535156,21.570999145507812,27.451282501220703,79.84880828857422,40.87810134887695,0.5272612571716309,176.4771728515625,16.495332717895508,183332800,44622000.0,34844000.0,14160900.0,27335600,432332000.0,93214000,51123000.0
2015-05-28,29.37238883972168,21.328500747680664,27.447813034057617,79.45227813720703,40.740718841552734,0.5345039367675781,176.27806091308594,16.76333236694336,122933200,38248000.0,23544000.0,11982000.0,19283700,327656000.0,74974600,54709500.0
2015-05-29,29.03805160522461,21.46150016784668,27.008989334106445,78.5006332397461,40.23414611816406,0.5342622995376587,175.18292236328125,16.719999313354492,203538000,60322000.0,43446000.0,16134600.0,36519600,335168000.0,124919600,56839500.0
2015-06-01,29.09600257873535,21.54599952697754,27.201658248901367,79.591064453125,40.55181884765625,0.5402979850769043,175.5397186279297,16.6299991607666,128451200,45066000.0,33210000.0,18119000.0,28837300,372660000.0,93338800,37576500.0
2015-06-02,28.966732025146484,21.54949951171875,27.436424255371094,79.73976135253906,40.28565979003906,0.5296754837036133,175.3654327392578,16.55666732788086,134670400,33378000.0,31842000.0,18923300.0,21498300,224304000.0,91531000,32022000.0
2015-06-03,29.00239372253418,21.829500198364258,27.502792358398438,81.72235870361328,40.22555923461914,0.5238815546035767,175.83001708984375,16.599332809448242,123934000,54558000.0,26710000.0,31775000.0,28002200,250788000.0,87820900,26722500.0
2015-06-04,28.832992553710938,21.538999557495117,27.324487686157227,81.33574676513672,39.804847717285156,0.5332968831062317,174.34487915039062,16.39466667175293,153800400,50216000.0,26866000.0,20863900.0,27745500,323712000.0,151882800,36804000.0
2015-06-05,28.674747467041016,21.34749984741211,27.217506408691406,81.42496490478516,39.6159553527832,0.5374009609222412,174.0462188720703,16.609333038330078,142507200,38158000.0,24396000.0,16143100.0,25438100,313320000.0,121704700,45330000.0
2015-06-08,28.485292434692383,21.174999237060547,26.91786003112793,79.9677505493164,39.26393127441406,0.5250884890556335,172.9759063720703,17.086000442504883,210699200,43450000.0,27336000.0,16915500.0,22121600,342812000.0,89063300,75255000.0
2015-06-09,28.400590896606445,21.27400016784668,26.852479934692383,79.9677505493164,39.195247650146484,0.5277441740036011,172.9510040283203,17.066667556762695,224301600,45774000.0,30016000.0,16497500.0,24406100,256888000.0,105034700,39166500.0
2015-06-10,28.726009368896484,21.53849983215332,27.369556427001953,81.4448013305664,40.01949691772461,0.5183286070823669,175.02523803710938,16.713333129882812,156349200,43446000.0,30316000.0,21531200.0,28417400,529460000.0,134551300,51817500.0
2015-06-11,28.66136932373047,21.648500442504883,27.242765426635742,81.11767578125,39.8735237121582,0.5238815546035767,175.5894317626953,16.76066780090332,141563600,58450000.0,25872000.0,18656800.0,27347800,283052000.0,73876400,30661500.0
2015-06-12,28.34486961364746,21.496000289916992,27.115476608276367,80.82027435302734,39.469993591308594,0.5096374750137329,174.2453155517578,16.71266746520996,147544800,41088000.0,25468000.0,11417900.0,23931000,323728000.0,135382400,21334500.0
2015-06-15,28.289142608642578,21.183500289916992,26.894084930419922,80.00740814208984,39.04927062988281,0.5086718797683716,173.4986114501953,16.691999435424805,175955600,41020000.0,27150000.0,18805100.0,33254500,306548000.0,124384200,32793000.0
2015-06-16,28.440706253051758,21.363000869750977,26.98670196533203,80.35436248779297,39.34977340698242,0.5149487257003784,174.44442749023438,16.874666213989258,125976400,45928000.0,32526000.0,13693700.0,27070300,256892000.0,85308200,29770500.0
2015-06-17,28.37384605407715,21.390499114990234,27.072385787963867,81.07801818847656,39.469993591308594,0.520984411239624,174.72654724121094,17.360666275024414,131672400,43718000.0,24440000.0,18350300.0,28704100,233544000.0,126708600,82693500.0
2015-06-18,28.50311851501465,21.969499588012695,27.546873092651367,82.1882553100586,40.11394119262695,0.5296754837036133,176.54360961914062,17.459333419799805,141628800,67568000.0,41192000.0,26782600.0,32658300,299404000.0,165867900,41740500.0
2015-06-19,28.217823028564453,21.746000289916992,27.61324119567871,81.791748046875,39.58161926269531,0.5279855728149414,175.75985717773438,17.500667572021484,218867600,89902000.0,59290000.0,23353200.0,63837000,355656000.0,130478700,36945000.0
2015-06-22,28.44293785095215,21.81450080871582,27.720218658447266,84.0023193359375,39.6932258605957,0.525812566280365,176.6602783203125,17.319332122802734,136157200,36472000.0,34752000.0,29383100.0,20318100,514236000.0,70696000,68416500.0
2015-06-23,28.31366539001465,22.29949951171875,27.903972625732422,87.11498260498047,39.41846466064453,0.5122930407524109,176.78536987304688,17.844667434692383,121075600,64900000.0,31396000.0,50667900.0,25896500,414064000.0,68476800,58062000.0
2015-06-24,28.554380416870117,22.04199981689453,27.665245056152344,88.08647155761719,39.18666458129883,0.5072234272956848,175.50144958496094,17.67799949645996,221123600,52416000.0,28924000.0,41370200.0,34890900,253368000.0,92307300,36184500.0
2015-06-25,28.418426513671875,22.0049991607666,27.634538650512695,87.21412658691406,39.195247650146484,0.5110861659049988,174.9678192138672,17.91933250427246,127752400,44750000.0,26684000.0,27302000.0,20616000,350460000.0,97107400,42738000.0
2015-06-26,28.25125503540039,21.905000686645508,27.39234161376953,87.24385833740234,38.86036682128906,0.5007049441337585,174.93446350097656,17.805999755859375,176267200,52490000.0,43676000.0,38214600.0,49835300,421296000.0,104174800,57576000.0
2015-06-29,27.756441116333008,21.493000030517578,26.80740737915039,85.05310821533203,38.096214294433594,0.4857369661331177,171.2660675048828,17.468000411987305,196645600,55064000.0,37756000.0,35957900.0,34081700,391724000.0,202621300,52183500.0
2015-06-30,27.957042694091797,21.704500198364258,26.747480392456055,85.02335357666016,37.90734100341797,0.48549556732177734,171.62454223632812,17.884000778198242,177482800,51938000.0,34510000.0,23016500.0,35945400,315916000.0,182925100,46303500.0
2015-07-01,28.217823028564453,21.86949920654297,26.90894317626953,86.15343475341797,38.1649055480957,0.4924967288970947,173.00022888183594,17.94333267211914,120955200,39742000.0,30760000.0,25260000.0,28343900,302892000.0,135979900,31518000.0
2015-07-02,28.182157516479492,21.885499954223633,27.109041213989258,86.5301284790039,38.121978759765625,0.49297964572906494,172.84181213378906,18.667999267578125,108844000,26868000.0,28124000.0,16908800.0,21752000,145764000.0,104373700,107458500.0
2015-07-06,28.084087371826172,21.802000045776367,27.023847579956055,86.78787231445312,38.11339569091797,0.4869440197944641,172.3499298095703,18.648000717163086,112241600,38064000.0,25614000.0,24635900.0,23034000,214776000.0,117975400,61828500.0
2015-07-07,28.014997482299805,21.836000442504883,27.24226951599121,86.46073150634766,38.0361213684082,0.4777701497077942,173.43374633789062,17.858667373657227,187787200,69084000.0,33578000.0,33059900.0,36435800,594252000.0,173820200,91576500.0
2015-07-08,27.31957244873047,21.485000610351562,26.829696655273438,84.9044189453125,37.9846076965332,0.47439026832580566,170.52401733398438,16.997333526611328,243046400,47662000.0,27662000.0,24399300.0,39785900,332492000.0,164020100,93316500.0
2015-07-09,26.76235580444336,21.719499588012695,26.97580909729004,85.13240814208984,38.225013732910156,0.4685962498188019,170.83250427246094,17.19466781616211,314380000,45428000.0,29766000.0,23307400.0,32424700,357588000.0,144113100,50011500.0
2015-07-10,27.477828979492188,22.175500869750977,27.54340362548828,87.18437957763672,38.30228042602539,0.4768044948577881,172.98353576660156,17.27666664123535,245418000,48020000.0,43436000.0,23245900.0,25465800,216708000.0,129456900,39163500.0
2015-07-13,28.0083065032959,22.778499603271484,28.317045211791992,89.31568145751953,39.100791931152344,0.47994285821914673,174.89283752441406,17.477333068847656,165762000,79136000.0,41792000.0,29976700.0,28178300,212472000.0,106069400,44404500.0
2015-07-14,27.997159957885742,23.278499603271484,28.93367576599121,88.89932250976562,39.16948318481445,0.4801842272281647,175.65147399902344,17.709999084472656,127072400,94724000.0,74832000.0,26627800.0,22880300,249216000.0,81709600,28614000.0
2015-07-15,28.266857147216797,23.059499740600586,28.922780990600586,88.9786376953125,39.28968811035156,0.4768044948577881,175.5931396484375,17.542667388916016,134596800,59748000.0,41466000.0,30886600.0,26629600,265732000.0,97914100,30324000.0
2015-07-16,28.64354133605957,23.77400016784668,29.805381774902344,90.05913543701172,40.06243133544922,0.4874268174171448,177.00218200683594,17.778667449951172,144889600,81912000.0,112642000.0,21804100.0,26271700,282848000.0,106683300,24240000.0
2015-07-17,28.890953063964844,24.15049934387207,34.651268005371094,94.14326477050781,40.02806854248047,0.48452994227409363,177.1521759033203,18.310667037963867,184658800,98644000.0,257162000.0,54001600.0,29467100,220372000.0,89030000,75061500.0
2015-07-20,29.43702507019043,24.405000686645508,34.31546401977539,97.05768585205078,40.28565979003906,0.4755972921848297,177.2439727783203,18.817333221435547,235600800,95050000.0,102436000.0,54860500.0,30631900,188412000.0,70446800,74677500.0
2015-07-21,29.1428165435791,24.399999618530273,34.439781188964844,97.53349304199219,40.594764709472656,0.4777701497077942,176.54364013671875,17.784666061401367,307025600,63636000.0,75604000.0,39453300.0,42781900,149720000.0,77965000,91630500.0
2015-07-22,27.910232543945312,24.41349983215332,34.427398681640625,96.19526672363281,39.100791931152344,0.4685962498188019,176.22674560546875,17.857999801635742,461802400,62298000.0,83100000.0,28299500.0,59152400,356472000.0,88667900,46575000.0
2015-07-23,27.896860122680664,24.108999252319336,33.41850280761719,94.60918426513672,39.590187072753906,0.47439026832580566,175.23458862304688,17.81333351135254,203998000,187488000.0,76232000.0,29418800.0,33934000,169916000.0,90509100,33408000.0
2015-07-24,27.749753952026367,26.47100067138672,32.42990493774414,96.10602569580078,39.444236755371094,0.46883758902549744,173.4170684814453,17.694000244140625,168649200,438188000.0,82622000.0,33444900.0,32333200,188844000.0,117755000,42547500.0
2015-07-27,27.36414909362793,26.570499420166016,32.6032600402832,93.35023498535156,38.93764877319336,0.46618199348449707,172.4082489013672,16.867332458496094,177822000,149820000.0,58382000.0,38585400.0,39701400,192420000.0,132361100,70413000.0
2015-07-28,27.500120162963867,26.30150032043457,32.67210006713867,94.46048736572266,38.92906188964844,0.47632157802581787,174.5259552001953,17.654666900634766,134472400,105462000.0,34364000.0,35236000.0,34328900,198308000.0,123544800,58437000.0
2015-07-29,27.413188934326172,26.450000762939453,32.759761810302734,96.14569091796875,39.74473571777344,0.4821157455444336,175.7265167236328,17.58799934387207,148046800,75052000.0,36756000.0,64648300.0,40945900,232680000.0,105791300,41851500.0
2015-07-30,27.274991989135742,26.83799934387207,32.914791107177734,94.38119506835938,40.251319885253906,0.4833228290081024,175.76817321777344,17.785999298095703,134513200,74862000.0,39606000.0,86211300.0,39777900,190180000.0,91304400,30519000.0
2015-07-31,27.03650665283203,26.8075008392334,32.56512451171875,93.19163513183594,40.096763610839844,0.4816327691078186,175.50144958496094,17.74333381652832,171540000,60512000.0,34922000.0,46509000.0,31201500,218340000.0,103266900,33339000.0
2015-08-03,26.399049758911133,26.75149917602539,32.9227180480957,93.32050323486328,40.19121170043945,0.48984113335609436,174.90945434570312,17.332666397094727,279904000,60284000.0,31348000.0,29343100.0,24125900,397132000.0,113965700,38302500.0
2015-08-04,25.55205726623535,26.594999313354492,32.752342224121094,93.2412109375,40.817996978759766,0.49177253246307373,174.56764221191406,17.75200080871582,496554400,58692000.0,26188000.0,20136000.0,33403900,260100000.0,81820800,35287500.0
2015-08-05,25.721458435058594,26.850500106811523,33.3471794128418,95.60047912597656,40.85233688354492,0.4968423843383789,175.14291381835938,18.0086669921875,397250400,57788000.0,36448000.0,29813200.0,26959700,234628000.0,85786800,93214500.0
2015-08-06,25.777435302734375,26.472999572753906,33.19165802001953,94.2919692993164,40.02806854248047,0.49370402097702026,173.7089385986328,16.408666610717773,211612000,76410000.0,40660000.0,42271300.0,27368000,655676000.0,116030800,219357000.0
2015-08-07,25.8647518157959,26.131000518798828,32.906375885009766,93.4791030883789,40.131107330322266,0.5547829270362854,173.37539672851562,16.167333602905273,154681600,79384000.0,27544000.0,23199100.0,19163000,1405248000.0,117858000,76101000.0
2015-08-10,26.805131912231445,26.200000762939453,32.84446334838867,93.33042907714844,40.637699127197266,0.5740967392921448,175.559814453125,16.076000213623047,219806400,52318000.0,34458000.0,21624200.0,23079900,662304000.0,80270700,62788500.0
2015-08-11,25.410240173339844,26.37299919128418,34.189666748046875,92.8050308227539,39.847774505615234,0.5711996555328369,173.97564697265625,15.824666976928711,388331200,53532000.0,109880000.0,22491000.0,29237400,435008000.0,126081400,63973500.0
2015-08-12,25.80205535888672,26.295499801635742,34.24760818481445,93.37007141113281,40.131107330322266,0.5726482272148132,174.18411254882812,15.878000259399414,404870000,79246000.0,58498000.0,27050500.0,30181400,384048000.0,172123700,55920000.0
2015-08-13,25.781911849975586,26.482999801635742,34.001953125,92.61666870117188,40.12250900268555,0.5678198933601379,173.96734619140625,16.167333602905273,194143200,57904000.0,36354000.0,17451800.0,22627200,276884000.0,89383300,70338000.0
2015-08-14,25.963268280029297,26.576000213623047,34.14360809326172,93.5980453491211,40.35435104370117,0.5683027505874634,174.60101318359375,16.209999084472656,171718000,39896000.0,27598000.0,15929700.0,21473400,214652000.0,72786500,65472000.0
2015-08-17,26.231952667236328,26.76099967956543,34.37837600708008,93.11231994628906,40.629112243652344,0.5646815299987793,175.57647705078125,16.999332427978516,163538800,51634000.0,24680000.0,18313500.0,21099700,273880000.0,79072600,107650500.0
2015-08-18,26.084171295166016,26.750999450683594,34.111900329589844,94.3415298461914,40.85380554199219,0.5595417022705078,175.0679168701172,17.381332397460938,138242800,41426000.0,27710000.0,22278800.0,23574100,287084000.0,71692700,62925000.0
2015-08-19,25.750564575195312,26.645999908447266,34.374900817871094,94.48031616210938,40.28339767456055,0.5573599338531494,173.6838836669922,17.016666412353516,193146000,46480000.0,50194000.0,23251300.0,31485500,249248000.0,172946000,54064500.0
2015-08-20,25.222158432006836,25.788999557495117,33.65376281738281,89.77165985107422,39.46234893798828,0.5372373461723328,170.05715942382812,16.14533233642578,274006400,88160000.0,57798000.0,44598200.0,36238200,426932000.0,194327900,73587000.0
2015-08-21,23.679502487182617,24.723499298095703,31.897968292236328,85.31083679199219,37.223899841308594,0.5205094814300537,164.93792724609375,15.38466739654541,513102000,134130000.0,91880000.0,62778700.0,70053100,382664000.0,346588500,98853000.0
2015-08-24,23.08840560913086,23.168500900268555,30.614181518554688,81.3753890991211,36.0225715637207,0.5020843148231506,157.9929962158203,14.591333389282227,648825200,201952000.0,129788000.0,83710700.0,88753700,682284000.0,507244300,143724000.0
2015-08-25,23.227231979370117,23.318500518798828,30.334840774536133,82.27747344970703,34.976810455322266,0.4916597008705139,156.1337127685547,14.66866683959961,414406400,113586000.0,71430000.0,52021200.0,70616600,622684000.0,369833100,64909500.0
2015-08-26,24.55942153930664,25.03849983215332,32.676063537597656,86.43099975585938,36.91275405883789,0.5287522673606873,162.12831115722656,14.989333152770996,387098400,127172000.0,87740000.0,45124300.0,63408000,614976000.0,339257000,74445000.0
2015-08-27,25.28261375427246,25.918500900268555,33.08319091796875,88.94889068603516,37.94124984741211,0.5486321449279785,166.13858032226562,16.19933319091797,338464400,122290000.0,58974000.0,42431400.0,50943200,463764000.0,274143900,114840000.0
2015-08-28,25.36545753479004,25.90049934387207,32.673583984375,90.21774291992188,37.9671630859375,0.5510565042495728,166.14691162109375,16.565332412719727,212657600,54934000.0,38836000.0,33215900.0,28246700,320944000.0,160414400,82705500.0
2015-08-31,25.246795654296875,25.644500732421875,32.0856819152832,88.65150451660156,37.61280822753906,0.5449956059455872,164.80458068847656,16.604000091552734,224917200,60046000.0,38936000.0,32850700.0,34441700,219352000.0,163298800,70503000.0
2015-09-01,24.118345260620117,24.82699966430664,31.181291580200195,86.47064971923828,36.14357376098633,0.522691547870636,159.88552856445312,15.908666610717773,307383600,77290000.0,51458000.0,36097400.0,49688900,353408000.0,256000400,81822000.0
2015-09-02,25.152755737304688,25.52750015258789,31.941547393798828,89.10750579833984,37.47453308105469,0.5384496450424194,162.92039489746094,16.512666702270508,247555200,74142000.0,37630000.0,27190500.0,37671500,344044000.0,160269300,69438000.0
2015-09-03,24.7116756439209,25.236000061035156,31.552261352539062,87.38265228271484,37.59552764892578,0.5399044752120972,163.0370330810547,16.3713321685791,212935600,62994000.0,34572000.0,27048200.0,28285200,262556000.0,152087800,62922000.0
2015-09-04,24.46538734436035,24.950000762939453,31.15157127380371,87.49169158935547,36.826332092285156,0.527297854423523,160.5692138671875,16.1286678314209,199985200,53850000.0,40478000.0,27328700.0,37138800,287972000.0,207081000,55338000.0
2015-09-08,25.14603614807129,25.87700080871582,31.890541076660156,88.7506332397461,37.932586669921875,0.5498442649841309,164.60450744628906,16.544666290283203,219374400,76214000.0,39092000.0,27012500.0,32469800,238448000.0,116025700,47073000.0
2015-09-09,24.66242027282715,25.844499588012695,31.867263793945312,89.6527099609375,37.223899841308594,0.538934588432312,162.40341186523438,16.5939998626709,340043200,87414000.0,40978000.0,32551100.0,33469500,289392000.0,149347700,50862000.0
2015-09-10,25.204252243041992,26.11199951171875,32.24714279174805,91.17930603027344,37.414039611816406,0.547420084476471,163.28720092773438,16.565332412719727,251571200,51520000.0,27850000.0,26437400.0,31366600,357076000.0,158611100,40635000.0
2015-09-11,25.571447372436523,26.472000122070312,32.456153869628906,91.24869537353516,37.57823944091797,0.5491169691085815,164.02920532226562,16.682666778564453,199662000,64558000.0,34892000.0,21185000.0,27132500,301584000.0,119691200,35262000.0
2015-09-14,25.817731857299805,26.069000244140625,32.31599044799805,91.50643157958984,37.19796371459961,0.5500868558883667,163.42054748535156,16.87933349609375,233453600,62604000.0,29942000.0,20127900.0,23656000,192460000.0,79452000,43363500.0
2015-09-15,26.034915924072266,26.118499755859375,32.9400520324707,92.09130859375,38.010372161865234,0.5561473965644836,165.46322631835938,16.904666900634766,173364800,57318000.0,35546000.0,18859400.0,28882200,327976000.0,113806200,44002500.0
2015-09-16,26.064023971557617,26.36949920654297,32.96234130859375,92.63651275634766,38.286949157714844,0.5600265860557556,166.89727783203125,17.483333587646484,148694000,45056000.0,26252000.0,16321200.0,23372200,173508000.0,99581600,66256500.0
2015-09-17,25.506511688232422,26.943500518798828,33.26694107055664,93.51875305175781,38.24372863769531,0.5651177167892456,166.52212524414062,17.471332550048828,256450400,83390000.0,47752000.0,27841800.0,32768200,268712000.0,276046600,53787000.0
2015-09-18,25.40128517150879,27.01300048828125,32.73451232910156,93.57823944091797,37.57823944091797,0.5646331310272217,163.80088806152344,17.374666213989258,297141200,123202000.0,72544000.0,62300000.0,63143700,326412000.0,223657500,56446500.0
2015-09-21,25.79534339904785,27.41950035095215,33.03464889526367,94.7182388305664,38.12274169921875,0.5704512000083923,164.64732360839844,17.613332748413086,200888000,65666000.0,39094000.0,28790000.0,26177200,281840000.0,105726200,91803000.0
2015-09-22,25.39008331298828,26.920000076293945,32.35214614868164,92.15077209472656,37.94124984741211,0.5549354553222656,162.51025390625,17.395999908447266,201384800,76834000.0,54362000.0,36888900.0,28085900,228356000.0,153890900,54966000.0
2015-09-23,25.59607696533203,26.803499221801758,32.35660934448242,93.15198516845703,37.915313720703125,0.5576022863388062,162.25045776367188,17.40399932861328,143026800,44752000.0,29160000.0,21701400.0,17145200,161632000.0,92790600,39012000.0
2015-09-24,25.74832534790039,26.6875,32.43684387207031,93.58815002441406,37.94987869262695,0.5682695508003235,161.66380310058594,17.541332244873047,200878000,70020000.0,38692000.0,29106000.0,27905600,382440000.0,159378800,51723000.0
2015-09-25,25.683387756347656,26.212499618530273,31.70579719543457,91.96241760253906,37.975807189941406,0.5723907351493835,161.62191772460938,17.12733268737793,224607600,80620000.0,48480000.0,28961600.0,29384600,369692000.0,155054800,56601000.0
2015-09-28,25.175148010253906,25.202999114990234,30.91828727722168,88.43341064453125,37.414039611816406,0.5648752450942993,157.56565856933594,16.562000274658203,208436000,108690000.0,47646000.0,41199900.0,27613800,395584000.0,178515900,73516500.0
2015-09-29,24.418367385864258,24.803499221801758,30.837066650390625,85.91553497314453,37.54368591308594,0.5748150944709778,157.6577911376953,16.44333267211914,293461600,89150000.0,42130000.0,42281800.0,32763600,380736000.0,159045600,55548000.0
2015-09-30,24.696002960205078,25.594499588012695,31.617637634277344,89.117431640625,38.25238037109375,0.5976041555404663,160.5994415283203,16.559999465942383,265892000,80094000.0,52954000.0,36169100.0,34958900,556380000.0,163452000,73944000.0
2015-10-01,24.534793853759766,26.035999298095703,31.79743003845215,90.15826416015625,38.55485916137695,0.5859672427177429,161.01844787597656,15.991999626159668,255716400,75370000.0,42506000.0,29283700.0,28657900,489296000.0,131079000,68595000.0
2015-10-02,24.713912963867188,26.62700080871582,32.53986358642578,91.26851654052734,39.384559631347656,0.6012405753135681,163.4237518310547,16.504667282104492,232079200,91956000.0,48788000.0,37881700.0,41839000,386144000.0,211003300,66360000.0
2015-10-05,24.80347442626953,27.18400001525879,33.267433166503906,93.19163513183594,40.30068588256836,0.6162715554237366,166.33181762695312,16.40999984741211,208258800,67828000.0,37960000.0,27292500.0,34369300,482024000.0,126320800,55348500.0
2015-10-06,24.92214584350586,26.874000549316406,33.26546096801758,91.99215698242188,40.404388427734375,0.6242721676826477,165.76193237304688,16.097333908081055,192787200,90056000.0,42774000.0,22172800.0,27017200,453216000.0,110274500,78378000.0
2015-10-07,24.80347442626953,27.097000122070312,33.18423080444336,91.59564971923828,40.447608947753906,0.6308180093765259,167.11962890625,15.46399974822998,187062400,76242000.0,44354000.0,24129300.0,27711500,310152000.0,124307300,102210000.0
2015-10-08,24.516887664794922,26.658000946044922,33.035640716552734,91.66503143310547,41.00937271118164,0.6344544887542725,168.62818908691406,15.114666938781738,247918400,93528000.0,39308000.0,27290500.0,33772700,460068000.0,153055200,91998000.0
2015-10-09,25.103498458862305,26.989999771118164,33.24563980102539,92.4283447265625,40.71553421020508,0.6320300698280334,168.72874450683594,14.712667465209961,211064400,70748000.0,32124000.0,20012900.0,28600600,423248000.0,107069200,92376000.0
2015-10-12,24.987070083618164,27.50950050354004,33.50269317626953,93.43944549560547,40.62045669555664,0.6388181447982788,168.8879852294922,14.371999740600586,121868800,55522000.0,26684000.0,18449600.0,19769100,227588000.0,56395600,57544500.0
2015-10-13,25.029613494873047,27.44499969482422,33.83652114868164,93.30066680908203,40.52538299560547,0.6400306224822998,167.82362365722656,14.616666793823242,132197200,58760000.0,42446000.0,19480300.0,19987800,298444000.0,88038700,77572500.0
2015-10-14,24.675846099853516,27.241500854492188,33.6998291015625,93.25112915039062,40.34388732910156,0.6633040904998779,167.01902770996094,14.458666801452637,177849600,71642000.0,31292000.0,19253400.0,24697800,612148000.0,99106200,46566000.0
2015-10-15,25.045286178588867,28.121999740600586,34.324378967285156,95.1246566772461,40.62910842895508,0.6650014519691467,169.58349609375,14.753999710083008,150694000,98740000.0,47156000.0,27557500.0,27189400,526048000.0,134142200,42663000.0
2015-10-16,24.861682891845703,28.538000106811523,34.43829345703125,96.69091796875,41.061222076416016,0.6754260659217834,170.35462951660156,15.133999824523926,156930400,86316000.0,36316000.0,25412900.0,26450300,448396000.0,114580100,65017500.0
2015-10-19,25.016176223754883,28.657499313354492,34.6676139831543,97.61280059814453,41.15629196166992,0.6742137670516968,170.43836975097656,15.206666946411133,119036800,87508000.0,30172000.0,23729900.0,29387600,294712000.0,76523900,37618500.0
2015-10-20,25.472925186157227,28.04400062561035,33.67951965332031,96.15560150146484,41.28593826293945,0.6732439994812012,170.2205047607422,14.20199966430664,195871200,86924000.0,52434000.0,30881800.0,30802200,264824000.0,78448500,223500000.0
2015-10-21,25.470687866210938,27.78849983215332,33.273380279541016,96.2646484375,40.79330825805664,0.6645163893699646,169.16453552246094,14.005999565124512,167180800,66872000.0,31952000.0,21917800.0,25144300,386280000.0,102038000,62272500.0
2015-10-22,25.86027717590332,28.195499420166016,33.73598098754883,98.80236053466797,41.510643005371094,0.6885173320770264,172.0223846435547,14.114666938781738,166616400,155588000.0,88632000.0,26392100.0,56637100,306884000.0,174911700,42378000.0
2015-10-23,26.661832809448242,29.951499938964844,35.62749099731445,101.30042266845703,45.69369125366211,0.6931238770484924,173.90798950195312,13.939332962036133,237467600,213854000.0,126726000.0,42809700.0,135227100,381776000.0,144442300,63532500.0
2015-10-26,25.81102180480957,30.430500030517578,36.21141815185547,102.86666870117188,46.886390686035156,0.6899721026420593,173.48057556152344,14.350666999816895,265335200,85394000.0,48776000.0,25961200.0,64633300,247436000.0,69033000,50871000.0
2015-10-27,25.647573471069336,30.550500869750977,36.29561996459961,102.79727172851562,46.40238571166992,0.6894873976707458,173.14537048339844,14.023332595825195,279537600,75742000.0,38778000.0,23795500.0,50999900,208268000.0,77905800,52791000.0
2015-10-28,26.70436668395996,30.854999542236328,36.498695373535156,103.29292297363281,46.653038024902344,0.6950633525848389,175.1148223876953,14.197333335876465,342205600,78524000.0,39604000.0,24081500.0,47000800,217036000.0,135906700,40929000.0
2015-10-29,26.98648452758789,31.327499389648438,36.891448974609375,103.96699523925781,46.1171989440918,0.671062171459198,175.0142822265625,14.108667373657227,204909200,77920000.0,36520000.0,20316700.0,30202100,327168000.0,90525500,27075000.0
2015-10-30,26.755868911743164,31.295000076293945,36.52196502685547,101.08234405517578,45.494911193847656,0.6877903342247009,174.25997924804688,13.795332908630371,197461200,77488000.0,39984000.0,33487100.0,46619800,301160000.0,131076900,66583500.0
2015-11-02,27.13201904296875,31.417499542236328,37.03459548950195,102.4106674194336,46.01346969604492,0.6957904696464539,176.3216552734375,14.252667427062988,128813200,56330000.0,39914000.0,24003900.0,30285000,190088000.0,86270800,58918500.0
2015-11-03,27.443233489990234,31.265499114990234,37.08808135986328,101.68702697753906,46.799957275390625,0.6909419298171997,176.8328857421875,13.890000343322754,182076000,64938000.0,36306000.0,21242300.0,36596900,376768000.0,95246100,124987500.0
2015-11-04,27.31561279296875,32.04750061035156,37.409523010253906,103.03518676757812,47.01603317260742,0.6795476078987122,176.2964630126953,15.442000389099121,179544400,96810000.0,41840000.0,43469300.0,37087800,442264000.0,96224500,190896000.0
2015-11-05,27.189693450927734,32.782501220703125,37.674991607666016,107.81324005126953,46.99872589111328,0.6717895269393921,176.1205291748047,15.451333045959473,158210800,94476000.0,45486000.0,63232900.0,31468500,478800000.0,78408700,67452000.0
2015-11-06,27.221172332763672,32.96849822998047,37.7210578918457,106.16768646240234,47.46543884277344,0.7648848295211792,176.0283203125,15.490667343139648,132169200,81844000.0,33544000.0,35084300.0,32851200,1172272000.0,110471500,36679500.0
2015-11-09,27.110994338989258,32.77450180053711,37.382774353027344,105.56298828125,46.808597564697266,0.7614906430244446,174.38568115234375,15.022000312805176,135485600,80976000.0,35538000.0,26383500.0,32513100,492568000.0,131008700,57763500.0
2015-11-10,26.256542205810547,32.98400115966797,37.55562210083008,106.97062683105469,46.2468147277832,0.7469444274902344,174.78802490234375,14.433333396911621,236511600,69790000.0,29798000.0,25031700.0,55283700,552260000.0,75874600,69255000.0
2015-11-11,26.108135223388672,33.662498474121094,37.901832580566406,108.0610580444336,46.36782455444336,0.7396714091300964,174.1007537841797,14.60533332824707,180872000,107746000.0,41866000.0,25057100.0,36516300,619896000.0,67846000,50217000.0
2015-11-12,26.020442962646484,33.279998779296875,37.469947814941406,107.07966613769531,46.08261489868164,0.7370046973228455,171.67034912109375,14.196000099182129,130102400,85694000.0,35452000.0,20924700.0,35361100,291080000.0,121315200,43738500.0
2015-11-13,25.260421752929688,32.11750030517578,36.65470504760742,103.04509735107422,45.66777801513672,0.7224584817886353,169.74273681640625,13.812666893005371,183249600,125222000.0,48188000.0,30278400.0,36848200,292940000.0,153577100,51454500.0
2015-11-16,25.674165725708008,32.390499114990234,37.167327880859375,103.13430786132812,46.47154235839844,0.7370046973228455,172.3240509033203,14.287332534790039,152426800,148718000.0,50704000.0,49309200.0,32165200,344280000.0,117645200,43881000.0
2015-11-17,25.563980102539062,32.165000915527344,36.947425842285156,104.21482849121094,46.088687896728516,0.7370046973228455,172.1983642578125,14.266667366027832,110467600,86404000.0,38864000.0,26807200.0,31551300,257048000.0,121123700,32230500.0
2015-11-18,26.37346649169922,33.176998138427734,37.64230728149414,106.83182525634766,46.854373931884766,0.7551347017288208,174.9304656982422,14.73799991607666,186698800,89396000.0,36266000.0,23836500.0,29710000,350216000.0,121342500,42178500.0
2015-11-19,26.70849609375,33.063499450683594,37.63883972167969,105.33499145507812,46.93268585205078,0.7573248744010925,174.7796173095703,14.786666870117188,173183200,94104000.0,28078000.0,25520600.0,28149200,254072000.0,88220500,37566000.0
2015-11-20,26.825420379638672,33.42250061035156,38.48379898071289,106.3857650756836,47.150211334228516,0.7638955116271973,175.41653442382812,14.667332649230957,137148400,77922000.0,55478000.0,22129600.0,37147600,239744000.0,94011500,66010500.0
2015-11-23,26.476892471313477,33.949501037597656,38.46894454956055,106.01897430419922,47.150211334228516,0.7524576783180237,175.2154083251953,14.516667366027832,129930000,87702000.0,34648000.0,19897200.0,28235900,242552000.0,64931200,37893000.0
2015-11-24,26.730993270874023,33.557498931884766,38.1187744140625,104.81952667236328,47.202415466308594,0.7585417032241821,175.45004272460938,14.550000190734863,171212800,90868000.0,47880000.0,23577300.0,24600000,195428000.0,98874400,37204500.0
2015-11-25,26.53985595703125,33.766998291015625,38.10044860839844,104.4924087524414,46.71515655517578,0.7575680017471313,175.42494201660156,15.309332847595215,85553200,53958000.0,23612000.0,15150800.0,21005100,138300000.0,51980100,59862000.0
2015-11-27,26.490385055541992,33.66299819946289,38.23466873168945,104.53203582763672,46.92398452758789,0.7638955116271973,175.62600708007812,15.440667152404785,52185600,39336000.0,14434000.0,5913100.0,9009100,86996000.0,37317800,29241000.0
2015-11-30,26.60057258605957,33.2400016784668,37.7829704284668,103.33258819580078,47.28942108154297,0.7719263434410095,174.8969268798828,15.350666999816895,156721200,113864000.0,33586000.0,20383200.0,56241400,327244000.0,112822700,39897000.0
2015-12-01,26.38470458984375,33.952999114990234,38.82010269165039,106.1875,48.04640197753906,0.7969920635223389,176.56466674804688,15.812666893005371,139409600,95024000.0,40398000.0,22781900.0,39952800,409496000.0,97858400,56010000.0
2015-12-02,26.146358489990234,33.800498962402344,38.52590560913086,105.14665985107422,48.037696838378906,0.79090815782547,174.76283264160156,15.465999603271484,133546400,85470000.0,46876000.0,24429100.0,47274900,294240000.0,108441300,44722500.0
2015-12-03,25.903512954711914,33.3125,38.047950744628906,103.47135162353516,47.15892028808594,0.7892045378684998,172.31568908691406,15.513999938964844,166278000,101294000.0,41950000.0,23236500.0,38627800,246656000.0,166224200,44094000.0
2015-12-04,26.764713287353516,33.63199996948242,38.5932502746582,105.25569915771484,48.646766662597656,0.8213277459144592,175.67633056640625,15.358667373657227,231108000,90696000.0,49800000.0,21224700.0,43963700,458756000.0,192913900,38604000.0
2015-12-07,26.596078872680664,33.49150085449219,38.28519058227539,104.6906509399414,48.55974578857422,0.8057529330253601,174.6119842529297,15.408666610717773,128336800,74656000.0,36626000.0,15474900.0,30709800,333588000.0,102027100,47163000.0
2015-12-08,26.58483123779297,33.86650085449219,38.39167785644531,105.56298828125,48.5423583984375,0.8167039155960083,173.43865966796875,15.114666938781738,137238000,73038000.0,31082000.0,20401800.0,32878000,314488000.0,103372400,40314000.0
2015-12-09,25.997955322265625,33.239498138427734,37.76810836791992,103.68944549560547,47.837589263916016,0.796018660068512,172.08937072753906,14.968000411987305,185445600,103164000.0,46550000.0,23517300.0,36373200,372676000.0,162401500,45867000.0
2015-12-10,26.12162208557129,33.11600112915039,37.6437873840332,104.50231170654297,48.08990478515625,0.8025893568992615,172.53350830078125,15.137999534606934,116850800,69110000.0,32458000.0,17454300.0,31775800,236596000.0,116128900,31075500.0
2015-12-11,25.449302673339844,32.00749969482422,37.167327880859375,101.23104095458984,47.03709030151367,0.7906646728515625,169.1896514892578,14.468000411987305,187544800,109488000.0,43184000.0,26427700.0,39549500,227320000.0,211173300,49030500.0
2015-12-14,25.291898727416992,32.89550018310547,37.767608642578125,103.7489242553711,47.97679901123047,0.7926116585731506,170.0445098876953,14.571999549865723,257274800,86594000.0,53864000.0,24648100.0,46768900,275892000.0,182385200,42406500.0
2015-12-15,24.844440460205078,32.93199920654297,37.64627456665039,103.63987731933594,48.02900314331055,0.8023459911346436,171.82958984375,14.739333152770996,213292400,95068000.0,49386000.0,21764300.0,39843000,307296000.0,154069600,33666000.0
2015-12-16,25.035564422607422,33.78850173950195,38.46349334716797,105.8603744506836,48.83818817138672,0.8072128891944885,174.3437957763672,15.633999824523926,224954000,79290000.0,53120000.0,22680500.0,37503300,236356000.0,197017000,76564500.0
2015-12-17,24.504901885986328,33.532501220703125,38.1286735534668,105.29534149169922,48.46404266357422,0.7950449585914612,171.6870880126953,15.559332847595215,179091200,73632000.0,36510000.0,21675700.0,41280900,254160000.0,173092500,49479000.0
2015-12-18,23.841577529907227,33.207000732421875,37.48579788208008,103.13430786132812,47.097999572753906,0.7821471691131592,168.6285400390625,15.36400032043457,385813200,136826000.0,67794000.0,35994200.0,84684200,395896000.0,251393500,45213000.0
2015-12-21,24.133893966674805,33.22549819946289,37.681427001953125,103.85796356201172,47.70706558227539,0.800642192363739,170.01953125,15.503999710083008,190362400,65018000.0,34848000.0,16138800.0,37246300,284216000.0,99094300,29298000.0
2015-12-22,24.111404418945312,33.157501220703125,37.99494934082031,104.59152221679688,48.159515380859375,0.8013723492622375,171.56236267089844,15.329999923706055,131157600,53356000.0,36338000.0,14597100.0,28322200,130012000.0,111026200,29422500.0
2015-12-23,24.421703338623047,33.185001373291016,38.063297271728516,103.71917724609375,48.56845474243164,0.8045362234115601,173.6868438720703,15.313332557678223,130629600,54458000.0,30594000.0,19599700.0,27279800,122524000.0,110987200,23325000.0
2015-12-24,24.291288375854492,33.13949966430664,37.93105697631836,104.10579681396484,48.43793869018555,0.8072128891944885,173.40020751953125,15.371333122253418,54281600,21824000.0,10412000.0,6501800.0,9558500,52448000.0,48539600,10620000.0
2015-12-28,24.019216537475586,33.7599983215332,38.74333190917969,105.00788116455078,48.68156051635742,0.8064828515052795,173.0039520263672,15.263333320617676,106816800,75672000.0,31156000.0,13069700.0,22458300,142024000.0,65899900,28519500.0
2015-12-29,24.450944900512695,34.69850158691406,39.32380676269531,106.3262939453125,49.20363235473633,0.8196239471435547,174.85023498535156,15.812666893005371,123724800,114700000.0,38430000.0,17179900.0,27731400,203660000.0,92640700,36094500.0
2015-12-30,24.13163948059082,34.45349884033203,39.14253234863281,105.29534149169922,48.99479293823242,0.8125666379928589,173.6109619140625,15.87266731262207,100855200,70380000.0,28566000.0,13115000.0,21704500,180344000.0,63317700,55468500.0
2015-12-31,23.668437957763672,33.794498443603516,38.53382110595703,103.7489242553711,48.272621154785156,0.8021024465560913,171.87429809570312,16.000667572021484,163649200,74992000.0,32752000.0,18391100.0,27334100,148528000.0,114877900,40725000.0
2016-01-04,23.68867301940918,31.84950065612793,37.614078521728516,101.33015441894531,47.68096160888672,0.7877442836761475,169.47149658203125,14.894000053405762,270597600,186290000.0,67382000.0,37912400.0,53778000,358076000.0,222353500,102406500.0
2016-01-05,23.095048904418945,31.68950080871582,37.71759796142578,101.83572387695312,47.89848327636719,0.8003990650177002,169.75819396972656,14.895333290100098,223164000,116452000.0,45216000.0,23258200.0,34079700,490272000.0,110845800,47802000.0
2016-01-06,22.643091201782227,31.63249969482422,37.60862731933594,102.07363891601562,47.02838897705078,0.7673025727272034,167.61683654785156,14.602666854858398,273829600,106584000.0,48206000.0,25096200.0,39518900,449344000.0,152112600,56686500.0
2016-01-07,21.68744659423828,30.39699935913086,36.70075988769531,97.06759643554688,45.39262771606445,0.7368829846382141,163.59544372558594,14.376667022705078,324377600,141498000.0,63132000.0,45172900.0,56564900,645304000.0,213436100,53314500.0
2016-01-08,21.8021240234375,30.352500915527344,36.201019287109375,96.48272705078125,45.531837463378906,0.7210646271705627,161.7997283935547,14.066666603088379,283192000,110258000.0,47506000.0,35402300.0,48754000,398472000.0,209817200,54421500.0
2016-01-11,22.155155181884766,30.886999130249023,36.30800247192383,96.66117858886719,45.50574493408203,0.7222815752029419,161.95989990234375,13.856666564941406,198957600,97832000.0,50896000.0,29932400.0,36943800,409372000.0,187941300,61371000.0
2016-01-12,22.476699829101562,30.894500732421875,36.91572570800781,98.5049819946289,45.92338562011719,0.7344493269920349,163.26669311523438,13.998000144958496,196616800,94482000.0,46816000.0,28395400.0,36095500,469356000.0,172330500,46378500.0
2016-01-13,21.898813247680664,29.090499877929688,35.639366149902344,94.60918426513672,44.93147277832031,0.7120606303215027,159.19467163085938,13.354000091552734,249758400,153104000.0,51728000.0,33410600.0,66883600,481672000.0,221168900,61896000.0
2016-01-14,22.37775993347168,29.649999618530273,36.22479248046875,97.513671875,46.21050262451172,0.6977027654647827,161.80816650390625,13.745332717895508,252680400,144760000.0,55558000.0,48658600.0,52381900,600236000.0,240795600,97360500.0
2016-01-15,21.840356826782227,28.509000778198242,35.189640045166016,94.14326477050781,44.36592102050781,0.6597389578819275,158.33473205566406,13.666000366210938,319335600,155690000.0,76676000.0,46132800.0,71820700,841452000.0,324846400,83679000.0
2016-01-19,21.734664916992188,28.724000930786133,35.6151008605957,94.43074035644531,43.99177169799805,0.6650930643081665,158.54544067382812,13.64799976348877,212350800,96144000.0,48724000.0,30998300.0,43564500,457140000.0,195244400,60580500.0
2016-01-20,21.763898849487305,28.588499069213867,35.58934783935547,93.5286636352539,44.1919059753418,0.6687431931495667,156.51377868652344,13.24666690826416,289337600,159328000.0,82440000.0,59051400.0,63273000,481180000.0,286547800,87579000.0
2016-01-21,21.653715133666992,28.750999450683594,35.99102020263672,93.34033966064453,43.92217254638672,0.6765308380126953,157.39048767089844,13.33133316040039,208646000,99044000.0,51938000.0,30518900.0,40191200,481456000.0,195772900,47493000.0
2016-01-22,22.804981231689453,29.819000244140625,36.921669006347656,97.08740997314453,45.497039794921875,0.6923486590385437,160.61944580078125,13.50333309173584,263202000,102402000.0,47146000.0,30495400.0,37555800,257996000.0,168319600,46861500.0
2016-01-25,22.359764099121094,29.826499938964844,36.33524703979492,96.16551971435547,45.06198501586914,0.6916188597679138,158.19146728515625,13.092000007629395,207178000,87922000.0,45340000.0,32482000.0,34707700,270728000.0,130371700,40480500.0
2016-01-26,22.48343849182129,30.0625,36.343658447265625,96.49264526367188,45.39262771606445,0.6984326839447021,160.3496551513672,12.904000282287598,300308000,75314000.0,30940000.0,26877100.0,28900800,227944000.0,141036800,74463000.0
2016-01-27,21.00612449645996,29.167499542236328,35.54080581665039,93.62779998779297,44.56603240966797,0.6901586055755615,158.6045684814453,12.538000106811523,533478800,103058000.0,42428000.0,58699400.0,36775200,231700000.0,185681700,54258000.0
2016-01-28,21.15678596496582,31.767499923706055,37.06232452392578,108.1601791381836,45.29691696166992,0.6826143860816956,159.43072509765625,12.646666526794434,222715200,280304000.0,62104000.0,107475300.0,62513800,276776000.0,143798800,68892000.0
2016-01-29,21.887569427490234,29.350000381469727,37.70867919921875,111.23319244384766,47.93328094482422,0.7127907872200012,163.31719970703125,12.74666690826416,257666000,293552000.0,75808000.0,62739500.0,83611700,310504000.0,210529300,42784500.0
2016-02-01,21.682952880859375,28.74049949645996,38.17523193359375,114.0881118774414,47.6026611328125,0.7130340337753296,163.25820922851562,13.129332542419434,163774000,127102000.0,111522000.0,46132700.0,44208500,289884000.0,136061600,79464000.0
2016-02-02,21.244474411010742,27.604999542236328,38.67746353149414,113.6123046875,46.11479568481445,0.6828578114509583,160.3159637451172,12.185333251953125,149428800,126240000.0,135846000.0,59778600.0,56313800,341908000.0,182564900,86604000.0
2016-02-03,21.664960861206055,26.553499221801758,37.115821838378906,111.70902252197266,45.383934020996094,0.6862649321556091,161.2770538330078,11.565333366394043,183857200,200974000.0,131114000.0,56919300.0,57559800,326772000.0,205054900,118971000.0
2016-02-04,21.83904266357422,26.812999725341797,36.15744400024414,109.5281753540039,45.24469757080078,0.6865084171295166,161.5299530029297,11.688667297363281,185886800,123982000.0,104922000.0,38890200.0,46987100,348140000.0,139531800,65781000.0
2016-02-05,21.25575828552246,25.10650062561035,34.8563232421875,103.16407012939453,43.64374542236328,0.6431909799575806,158.45277404785156,10.84000015258789,185672400,194178000.0,109556000.0,76894700.0,62009000,600428000.0,180788300,141564000.0
2016-02-08,21.47956657409668,24.405000686645508,34.87612533569336,98.88166046142578,42.991172790527344,0.6137445569038391,156.31982421875,9.866000175476074,216085600,196510000.0,89410000.0,71229700.0,59290500,608852000.0,191526700,139695000.0
2016-02-09,21.475059509277344,24.103500366210938,34.72060775756836,98.67349243164062,42.87807083129883,0.6203153133392334,156.32823181152344,9.883333206176758,177324800,141558000.0,84300000.0,62709000.0,46740500,425372000.0,184513100,129774000.0
2016-02-10,21.312274932861328,24.52400016784668,35.00936508178711,100.12078857421875,43.2522087097168,0.6188552379608154,156.1934356689453,9.57800006866455,169374400,135724000.0,60314000.0,45179400.0,38237000,335800000.0,148214100,156097500.0
2016-02-11,21.183408737182617,25.19099998474121,34.98509216308594,101.02286529541016,43.23479461669922,0.6156915426254272,154.16160583496094,10.031332969665527,200298800,147948000.0,65004000.0,43670600.0,48878600,340144000.0,219058900,213786000.0
2016-02-12,21.248981475830078,25.354000091552734,35.01134490966797,101.12199401855469,43.939571380615234,0.6261557340621948,157.33995056152344,10.06933307647705,161405600,107696000.0,46538000.0,36176800.0,34243300,340816000.0,127632400,108537000.0
2016-02-16,21.84809112548828,26.05500030517578,35.54377365112305,100.7254867553711,44.7720947265625,0.6568187475204468,159.99554443359375,10.344667434692383,196231600,102370000.0,43444000.0,45687200.0,37291200,485352000.0,120250700,83907000.0
2016-02-17,22.182674407958984,26.704999923706055,36.25352478027344,104.28422546386719,45.93761444091797,0.6731234788894653,162.60903930664062,11.245332717895508,179452800,96480000.0,49154000.0,44073400.0,40789000,771468000.0,136009500,87378000.0
2016-02-18,21.76216697692871,26.25,35.53733825683594,102.56927490234375,45.73607635498047,0.7310423254966736,161.9430389404297,11.118000030517578,156084000,94700000.0,47276000.0,29593500.0,27176000,1068660000.0,102343000,58314000.0
2016-02-19,21.712444305419922,26.7450008392334,35.765167236328125,103.65970611572266,45.411827087402344,0.7407768964767456,161.8671875,11.10533332824707,141496800,99494000.0,34918000.0,32404500.0,33559100,525628000.0,114793000,44391000.0
2016-02-22,21.902339935302734,27.975000381469727,36.1088981628418,106.22715759277344,46.139183044433594,0.7670592069625854,164.21087646484375,11.849332809448242,137123200,111332000.0,37516000.0,35709700.0,25008300,449668000.0,103640300,75901500.0
2016-02-23,21.407230377197266,27.64699935913086,35.526432037353516,104.54194641113281,44.85095977783203,0.7690060138702393,162.136962890625,11.814000129699707,127770400,81016000.0,41332000.0,25319300.0,28895300,369380000.0,111455300,89766000.0
2016-02-24,21.726003646850586,27.70199966430664,35.70523452758789,105.94959259033203,45.00871276855469,0.7743600010871887,162.87884521484375,11.933333396911621,145022800,124634000.0,37092000.0,34412400.0,33014500,336852000.0,150812200,80934000.0
2016-02-25,21.875205993652344,27.75749969482422,36.11236572265625,107.1292495727539,45.65717697143555,0.776063084602356,164.85159301757812,12.495332717895508,110330800,90510000.0,36146000.0,29906300.0,26939500,349616000.0,110728300,86260500.0
2016-02-26,21.90912437438965,27.761499404907227,35.9013786315918,106.98053741455078,44.956119537353516,0.7709527015686035,164.4722137451172,12.689332962036133,115964400,97540000.0,42474000.0,26686200.0,35975900,361964000.0,129833700,90976500.0
2016-02-29,21.859390258789062,27.625999450683594,35.522972106933594,105.9892578125,44.58806610107422,0.7659459114074707,163.18235778808594,12.795332908630371,140865200,82908000.0,45068000.0,32779000.0,31654000,323344000.0,125918100,67485000.0
2016-03-01,22.727519989013672,28.95199966430664,36.75872039794922,108.864013671875,46.077842712402344,0.7998956441879272,167.0182342529297,12.423333168029785,201628400,100770000.0,60112000.0,26817300.0,33024500,348700000.0,141799700,100683000.0
2016-03-02,22.777263641357422,29.010499954223633,36.62548065185547,108.99287414550781,46.40209197998047,0.8045362830162048,167.76858520507812,12.555999755859375,132678400,91644000.0,36292000.0,25670200.0,29289900,233812000.0,102415000,72936000.0
2016-03-03,22.946821212768555,28.874500274658203,36.23469543457031,108.6260986328125,45.876277923583984,0.7974532246589661,168.4261932373047,13.049332618713379,147822800,54826000.0,40534000.0,21353100.0,24427800,302004000.0,95172200,72435000.0
2016-03-04,23.288188934326172,28.756999969482422,36.166847229003906,107.44645690917969,45.59584045410156,0.7950107455253601,168.97409057617188,13.402667045593262,184220400,68330000.0,48516000.0,24938900.0,33034200,175304000.0,129293600,97336500.0
2016-03-07,23.03046417236328,28.139999389648438,35.30406188964844,104.80961608886719,44.719512939453125,0.789881706237793,169.1090545654297,13.685999870300293,143315600,98538000.0,61690000.0,31436400.0,38407800,239968000.0,100219000,79941000.0
2016-03-08,22.840566635131836,28.01300048828125,35.340213775634766,105.00788116455078,45.262847900390625,0.7754713892936707,167.2626953125,13.506667137145996,126247600,94600000.0,52530000.0,25617000.0,33835100,274940000.0,123974900,62680500.0
2016-03-09,22.860912322998047,27.973499298095703,35.928611755371094,106.5741195678711,46.305686950683594,0.7749828696250916,168.0889892578125,13.914667129516602,108806800,87546000.0,39544000.0,20493300.0,28251600,222788000.0,94801200,48129000.0
2016-03-10,22.87221336364746,27.946500778198242,36.26343536376953,106.3857650756836,45.61338424682617,0.773761510848999,168.22386169433594,13.678667068481445,134054400,78398000.0,44616000.0,24854300.0,38387800,286084000.0,156838700,77887500.0
2016-03-11,23.118635177612305,28.480499267578125,36.89244079589844,108.45758056640625,46.507232666015625,0.7869507074356079,170.93844604492188,13.833333015441895,109632800,75426000.0,35380000.0,20697600.0,32275700,277400000.0,137964500,50146500.0
2016-03-14,23.177412033081055,28.668500900268555,37.158416748046875,108.93339538574219,46.59487533569336,0.7889048457145691,170.71934509277344,14.34333324432373,100304400,69084000.0,32824000.0,17249400.0,24083600,190312000.0,73612000,60985500.0
2016-03-15,23.64313316345215,28.85099983215332,37.17475891113281,109.70659637451172,46.96294403076172,0.784996747970581,170.44107055664062,14.555999755859375,160270800,77536000.0,29832000.0,17618500.0,21104800,226216000.0,93169100,47707500.0
2016-03-16,23.95738410949707,28.713499069213867,37.51105880737305,111.20346069335938,47.62894821166992,0.8084442019462585,171.42747497558594,14.795332908630371,153214000,70754000.0,29306000.0,24744800.0,31691700,363644000.0,129303200,52750500.0
2016-03-17,23.918947219848633,27.972000122070312,37.5665283203125,110.05355072021484,47.900630950927734,0.8016054034233093,172.51498413085938,15.092000007629395,137682800,118562000.0,44564000.0,24241200.0,28223900,353680000.0,134278500,56743500.0
2016-03-18,23.946073532104492,27.604000091552734,37.41447448730469,110.47980499267578,46.875308990478516,0.8257854580879211,173.19297790527344,15.515999794006348,176820800,145938000.0,56222000.0,36256900.0,67625500,545512000.0,138372400,70677000.0
2016-03-21,23.94381332397461,27.698999404907227,37.74879837036133,110.8763427734375,47.19954299926758,0.8282275199890137,173.43865966796875,15.887999534606934,142010800,103114000.0,28774000.0,18448000.0,23925700,337780000.0,72926700,79617000.0
2016-03-22,24.126934051513672,28.02400016784668,37.644287109375,111.27283477783203,47.38358688354492,0.8267624974250793,173.345458984375,15.616000175476074,129777600,80012000.0,22096000.0,19001100.0,23124100,242012000.0,97471900,64740000.0
2016-03-23,23.99355125427246,28.48150062561035,37.52096176147461,111.5603256225586,47.29595947265625,0.8409285545349121,172.2014923095703,14.838666915893555,102814000,79674000.0,24678000.0,18562000.0,20129000,429008000.0,81052500,74232000.0
2016-03-24,23.88956069946289,29.147499084472656,37.38624572753906,112.06588745117188,47.50627136230469,0.8421496152877808,172.12515258789062,15.183333396911621,104532000,103710000.0,31116000.0,17839100.0,19950000,244956000.0,84360900,74413500.0
2016-03-28,23.78104019165039,28.993499755859375,37.30897903442383,112.7003173828125,46.91912841796875,0.8506979942321777,172.2268829345703,15.350666999816895,77645600,62430000.0,21676000.0,21351800.0,17025100,265388000.0,62408200,58885500.0
2016-03-29,24.343963623046875,29.69300079345703,37.933536529541016,115.12898254394531,47.94443893432617,0.8643757104873657,173.81996154785156,15.342000007629395,124760400,87852000.0,40062000.0,29825300.0,23924300,261812000.0,92922900,60214500.0
2016-03-30,24.769004821777344,29.934499740600586,38.05488586425781,113.70150756835938,48.24238967895508,0.8734127879142761,174.58267211914062,15.12600040435791,182404400,77810000.0,40396000.0,33235200.0,23008300,376700000.0,86365300,60495000.0
2016-03-31,24.640132904052734,29.68199920654297,37.78544235229492,113.10675048828125,48.40012741088867,0.870237410068512,174.15895080566406,15.317999839782715,103553600,53636000.0,32554000.0,21207500.0,26360500,379884000.0,94584100,120193500.0
2016-04-01,24.866209030151367,29.924999237060547,38.120758056640625,115.04969024658203,48.698089599609375,0.8829382658004761,175.3453369140625,15.839332580566406,103496000,58348000.0,31674000.0,24760500.0,24399200,348292000.0,114423500,239962500.0
2016-04-04,25.121679306030273,29.659500122070312,37.8953971862793,111.57024383544922,48.57539367675781,0.8743898272514343,174.77757263183594,16.465999603271484,149424800,49416000.0,26924000.0,48487900.0,18928800,393940000.0,63497000,202129500.0
2016-04-05,24.825515747070312,29.30699920654297,37.57099151611328,111.24311828613281,47.812984466552734,0.8731687068939209,173.03189086914062,17.031333923339844,106314800,46178000.0,24478000.0,22962400.0,19272300,339568000.0,99662200,149230500.0
2016-04-06,25.08551025390625,30.104000091552734,38.04151153564453,112.72013854980469,48.30373764038086,0.8743898272514343,174.921630859375,17.69466781616211,105616400,56998000.0,25312000.0,20814600.0,21188700,453376000.0,91839800,175582500.0
2016-04-07,24.53839874267578,29.571500778198242,37.64775466918945,112.65076446533203,47.72535705566406,0.8653527498245239,172.8285369873047,17.14666748046875,127207600,63780000.0,25498000.0,20714500.0,19225100,378104000.0,113859000,132843000.0
2016-04-08,24.56552505493164,29.729999542236328,37.61555862426758,109.66694641113281,47.69029998779297,0.8709702491760254,173.2946014404297,16.67133331298828,94326800,51838000.0,23434000.0,48497800.0,22167200,255936000.0,95040600,110458500.0
2016-04-11,24.646907806396484,29.796499252319336,37.51996994018555,108.0412368774414,47.593910217285156,0.8763434886932373,172.88784790039062,16.661333084106445,117630000,54086000.0,31774000.0,39762300.0,21414200,387524000.0,83757500,137425500.0
2016-04-12,24.96794319152832,30.15850067138672,37.855770111083984,109.64712524414062,47.8918571472168,0.8753668665885925,174.4979248046875,16.521333694458008,108929200,52822000.0,27388000.0,26248100.0,24944300,292764000.0,115350600,86448000.0
2016-04-13,25.329669952392578,30.740999221801758,38.231693267822266,109.54798889160156,48.505287170410156,0.8973487615585327,176.26051330566406,16.968666076660156,133029200,84566000.0,35426000.0,88227400.0,20818000,350716000.0,96336400,73884000.0
2016-04-14,25.34322738647461,31.037500381469727,38.40406036376953,109.87511444091797,48.51405334472656,0.8997909426689148,176.26898193359375,16.790666580200195,101895600,70242000.0,26992000.0,28473300.0,20877100,416564000.0,65212900,61983000.0
2016-04-15,24.834558486938477,31.29450035095215,38.632381439208984,108.6855697631836,48.76820373535156,0.9068740606307983,176.07411193847656,16.96733283996582,187756000,57754000.0,31712000.0,20922800.0,28793800,436972000.0,75761600,56286000.0
2016-04-18,24.298757553100586,31.767499923706055,39.01276397705078,109.48851776123047,49.4780387878418,0.9029662609100342,177.31129455566406,16.92533302307129,243286000,87218000.0,33540000.0,21167200.0,23786000,307320000.0,82531000,64071000.0
2016-04-19,24.16990089416504,31.395000457763672,38.446651458740234,111.3125,49.41668701171875,0.8868462443351746,177.87060546875,16.4913330078125,129539600,81118000.0,43952000.0,30210500.0,29596800,309152000.0,88316100,95362500.0
2016-04-20,24.219629287719727,31.649499893188477,38.380775451660156,111.44136047363281,48.71561813354492,0.8902655839920044,178.04005432128906,16.6646671295166,122444000,52188000.0,34262000.0,21027900.0,36195700,200172000.0,81100300,77911500.0
2016-04-21,23.95738410949707,31.549999237060547,38.632381439208984,112.4524917602539,48.882110595703125,0.8892884850502014,177.08248901367188,16.55266761779785,126210000,51926000.0,77628000.0,20875200.0,38909100,178280000.0,85695000,41746500.0
2016-04-22,23.891813278198242,31.024999618530273,36.54079055786133,109.59754943847656,45.37675857543945,0.8858692049980164,177.08248901367188,16.916667938232422,134732400,101678000.0,140798000.0,38458200.0,126834100,223540000.0,99251700,56794500.0
2016-04-25,23.75617218017578,31.309999465942383,36.76069259643555,109.14156341552734,45.66596984863281,0.8902655839920044,176.77745056152344,16.788000106811523,112126400,53658000.0,49442000.0,21017900.0,33226900,191972000.0,66166500,55054500.0
2016-04-26,23.591135025024414,30.8439998626709,35.926639556884766,107.81324005126953,45.07881546020508,0.890998363494873,177.04013061523438,16.916000366210938,224064800,50428000.0,55864000.0,22521500.0,33532600,214536000.0,75864200,48357000.0
2016-04-27,22.114858627319336,30.328500747680664,35.73298263549805,107.94210052490234,44.6406364440918,0.9112704992294312,177.40457153320312,16.764667510986328,458408400,81376000.0,66262000.0,52213100.0,43369300,352396000.0,77329400,48087000.0
2016-04-28,21.438884735107422,30.100000381469727,34.92070388793945,115.7138442993164,43.729251861572266,0.884159505367279,175.79443359375,16.513999938964844,328970800,157452000.0,62590000.0,87110100.0,43134800,381224000.0,97216200,37785000.0
2016-04-29,21.192462921142578,32.97949981689453,35.06037902832031,116.55644989013672,43.702964782714844,0.8677952885627747,174.84535217285156,16.05066680908203,274126000,206214000.0,58278000.0,37140600.0,48411700,321904000.0,142424100,81207000.0
2016-05-02,21.16985511779785,34.192501068115234,35.38380432128906,117.53783416748047,44.35145950317383,0.879274845123291,176.23509216308594,16.1200008392334,192640400,131570000.0,33476000.0,28095200.0,33114500,256076000.0,62188000,57658500.0
2016-05-03,21.51801300048828,33.566001892089844,35.08810806274414,116.40776062011719,43.62409591674805,0.8687719702720642,174.70130920410156,15.48799991607666,227325200,98468000.0,38620000.0,24117500.0,26460200,224024000.0,106422100,64533000.0
2016-05-04,21.294200897216797,33.54499816894531,35.23323059082031,117.03227996826172,43.702964782714844,0.8489884734153748,173.72674560546875,14.837332725524902,164102000,92710000.0,34172000.0,23448400.0,24257600,525764000.0,92243800,130507500.0
2016-05-05,21.207761764526367,32.954498291015625,35.398651123046875,116.7844467163086,43.76430130004883,0.8541175127029419,173.69293212890625,14.10200023651123,143562000,97682000.0,29668000.0,22056700.0,25390700,246884000.0,67619200,168822000.0
2016-05-06,21.089488983154297,33.6974983215332,35.91722106933594,118.44981384277344,44.158660888671875,0.8629102110862732,174.32847595214844,14.328666687011719,174799600,87306000.0,39952000.0,26395600.0,24787300,183240000.0,89315000,85278000.0
2016-05-09,21.10540771484375,33.98749923706055,36.11285400390625,118.20199584960938,43.878238677978516,0.8616891503334045,174.47250366210938,13.928000450134277,131745600,79644000.0,38074000.0,21138100.0,17951600,333336000.0,74374900,71646000.0
2016-05-10,21.24870491027832,35.153499603271484,36.62053298950195,119.45103454589844,44.710750579833984,0.8782976269721985,176.64181518554688,13.912667274475098,134747200,122112000.0,32634000.0,23220000.0,22891000,269676000.0,77472200,61059000.0
2016-05-11,21.041723251342773,35.6614990234375,36.18319320678711,118.47955322265625,44.73704147338867,0.8807401061058044,174.9893798828125,13.93066692352295,114876400,146764000.0,29834000.0,22038400.0,24039100,328176000.0,81727000,77428500.0
2016-05-12,20.54814910888672,35.89649963378906,36.060359954833984,119.23294067382812,45.14016342163086,0.8687719702720642,175.04026794433594,13.8186674118042,305258800,100964000.0,27094000.0,22035500.0,24102800,670540000.0,89586300,54757500.0
2016-05-13,20.58908462524414,35.49599838256836,35.89988708496094,118.76702117919922,44.76333236694336,1.0009078979492188,173.51486206054688,13.840666770935059,177571200,95268000.0,25244000.0,18124300.0,22592300,2110256000.0,96474600,42342000.0
2016-05-16,21.35333824157715,35.53300094604492,36.170806884765625,117.63695526123047,45.42057418823242,1.030461072921753,175.22662353515625,13.88599967956543,245039200,108658000.0,22538000.0,31247800.0,20032000,973032000.0,77486800,44241000.0
2016-05-17,21.26462745666504,34.76350021362305,35.67007827758789,116.32844543457031,44.57341384887695,1.0326590538024902,173.59120178222656,13.644000053405762,187667600,102428000.0,33404000.0,21328600.0,27803500,628392000.0,114924900,42654000.0
2016-05-18,21.507997512817383,34.872501373291016,35.74882507324219,116.62584686279297,44.83816146850586,1.0590370893478394,173.64205932617188,14.07800006866455,168249600,85664000.0,32536000.0,21642300.0,24907500,541072000.0,120062100,84262500.0
2016-05-19,21.42611312866211,34.92599868774414,35.428367614746094,115.79315185546875,44.405757904052734,1.06367826461792,173.04037475585938,14.347332954406738,121768400,60512000.0,30598000.0,20544100.0,23842400,398880000.0,115430500,102994500.0
2016-05-20,21.658119201660156,35.13999938964844,35.745357513427734,116.32844543457031,44.67048263549805,1.0827289819717407,174.13351440429688,14.685333251953125,128104000,58324000.0,34798000.0,18944800.0,23905800,391084000.0,104990400,135106500.0
2016-05-23,21.933338165283203,34.837501525878906,35.52446365356445,114.96047973632812,44.14983367919922,1.0844385623931885,173.8962860107422,14.414667129516602,152074400,51902000.0,24816000.0,20441000.0,26118700,413636000.0,58682600,76537500.0
2016-05-24,22.2677001953125,35.209999084472656,36.306026458740234,116.6754150390625,45.526485443115234,1.1107630729675293,176.15029907226562,14.52733325958252,140560800,60676000.0,37884000.0,20183600.0,34757900,415788000.0,93537800,45207000.0
2016-05-25,22.658910751342773,35.41749954223633,36.55713653564453,116.86376190185547,45.99419021606445,1.1061099767684937,177.34518432617188,14.638667106628418,152675200,65354000.0,32216000.0,20019800.0,24040200,458076000.0,76621400,46902000.0
2016-05-26,22.83860206604004,35.74549865722656,36.499183654785156,118.42999267578125,45.79122543334961,1.1178640127182007,177.39608764648438,15.008000373840332,225324800,48934000.0,27202000.0,18481300.0,24335200,309964000.0,55280700,61086000.0
2016-05-27,22.82495880126953,35.61199951171875,37.02766418457031,118.34077453613281,46.17068862915039,1.123986005783081,178.15870666503906,14.869333267211914,145364800,44984000.0,34802000.0,13493600.0,17721400,277416000.0,64211200,54754500.0
2016-05-31,22.7134952545166,36.13949966430664,37.089569091796875,117.7757339477539,46.770748138427734,1.1440660953521729,177.81973266601562,14.881999969482422,169228800,72366000.0,42484000.0,23547600.0,37653100,412524000.0,109879400,41835000.0
2016-06-01,22.395069122314453,35.97200012207031,37.07025909423828,117.74600219726562,46.63838577270508,1.1462702751159668,178.18411254882812,14.637332916259766,116693200,65262000.0,20788000.0,15029500.0,25324800,387132000.0,69936200,44740500.0
2016-06-02,22.226755142211914,36.4119987487793,36.86272430419922,117.89470672607422,46.31188201904297,1.154350996017456,178.7264862060547,14.597332954406738,160766400,60532000.0,33916000.0,13228300.0,22840800,329208000.0,63044700,30492000.0
2016-06-03,22.272239685058594,36.277000427246094,36.44618225097656,117.43871307373047,45.70298767089844,1.1381888389587402,178.19259643554688,14.599332809448242,114019600,67346000.0,24608000.0,14135100.0,23368300,461076000.0,101757100,33435000.0
2016-06-06,22.433734893798828,36.33649826049805,36.158912658691406,117.75592041015625,46.003013610839844,1.1323117017745972,179.09930419921875,14.711999893188477,93170000,54096000.0,29992000.0,12744700.0,18243300,322512000.0,64887000,33742500.0
2016-06-07,22.52471160888672,36.1870002746582,36.209938049316406,116.7348861694336,45.976539611816406,1.134515643119812,179.3789520263672,15.489333152770996,89638000,54650000.0,24314000.0,17103000.0,20866800,193400000.0,60974800,93204000.0
2016-06-08,22.504247665405273,36.332000732421875,36.79636001586914,117.35939025878906,45.92359924316406,1.1308430433273315,179.96365356445312,15.701333045959473,83392400,44468000.0,32314000.0,14505600.0,21149400,234616000.0,66170900,89580000.0
2016-06-09,22.665742874145508,36.38249969482422,36.77605056762695,117.52792358398438,45.552947998046875,1.1602281332015991,179.71795654296875,15.290666580200195,106405600,43406000.0,19180000.0,13859200.0,20305700,472168000.0,73786900,67381500.0
2016-06-10,22.47922706604004,35.89550018310547,36.31394577026367,115.60481262207031,45.42940902709961,1.1313326358795166,178.01466369628906,14.586000442504883,126851600,68514000.0,29050000.0,18510800.0,25833200,400024000.0,113829200,90399000.0
2016-06-13,22.140323638916016,35.762001037597656,36.24906921386719,112.95804595947266,44.24689865112305,1.1457808017730713,176.64181518554688,14.524666786193848,152082000,67044000.0,23354000.0,31718200.0,83217800,475588000.0,117751200,62895000.0
2016-06-14,22.16761589050293,35.96500015258789,36.31690979003906,113.93942260742188,43.97333526611328,1.147984504699707,176.29444885253906,14.330666542053223,127727600,50138000.0,26584000.0,17618500.0,42577100,298344000.0,125059300,53703000.0
2016-06-15,22.09482192993164,35.7130012512207,36.26441192626953,113.6023941040039,43.84978485107422,1.1597386598587036,176.0486602783203,14.513333320617676,117780800,54188000.0,23234000.0,19819400.0,33757600,301036000.0,109124500,43627500.0
2016-06-16,22.188085556030273,35.8754997253418,35.87116241455078,113.39421081542969,44.467525482177734,1.1643911600112915,176.57403564453125,14.528667449951172,125307200,61960000.0,45002000.0,19236300.0,31188600,246456000.0,149533100,36604500.0
2016-06-17,21.683134078979492,35.31949996948242,34.880592346191406,112.03614044189453,44.23808288574219,1.1440660953521729,175.9164581298828,14.364666938781738,244032800,117956000.0,82262000.0,24644300.0,45710500,471000000.0,117055700,46689000.0
2016-06-20,21.630823135375977,35.70050048828125,34.97370529174805,112.38311004638672,44.185142517089844,1.1646355390548706,177.0493927001953,14.646666526794434,137647600,73544000.0,45654000.0,20785400.0,35607900,293768000.0,82789600,53332500.0
2016-06-21,21.8150577545166,35.79100036621094,35.109901428222656,113.38430786132812,45.17348861694336,1.1575345993041992,177.55194091796875,14.640666961669922,142185600,42750000.0,30318000.0,19166300.0,34097800,212508000.0,72461700,67935000.0
2016-06-22,21.733177185058594,35.529998779296875,35.188655853271484,112.91840362548828,44.997005462646484,1.1565552949905396,177.2623291015625,13.11066722869873,116876400,45210000.0,29058000.0,14846300.0,28816800,202620000.0,95560500,356136000.0
2016-06-23,21.858278274536133,36.104000091552734,35.40658187866211,114.07820129394531,45.808876037597656,1.187409520149231,179.5707244873047,13.09333324432373,128960800,56500000.0,42500000.0,16176900.0,29028800,297880000.0,102731400,151960500.0
2016-06-24,21.24415397644043,34.948001861572266,33.93706512451172,111.10432434082031,43.97333526611328,1.1198234558105469,173.12252807617188,12.876667022705078,301245600,152650000.0,95436000.0,40643100.0,133503000,1017684000.0,333444400,105397500.0
2016-06-27,20.93482208251953,34.56800079345703,33.73598098754883,108.02139282226562,42.737884521484375,1.107824683189392,170.02188110351562,13.236666679382324,181958400,111360000.0,58146000.0,36130400.0,50216300,449088000.0,230775800,108081000.0
2016-06-28,21.28737449645996,35.397499084472656,34.237213134765625,111.71892547607422,43.6291618347168,1.123986005783081,173.08847045898438,13.452667236328125,161779600,80740000.0,38246000.0,26813800.0,38140700,381920000.0,159382400,93186000.0
2016-06-29,21.471609115600586,35.779998779296875,34.43185043334961,113.16622924804688,44.59989547729492,1.1423523426055908,176.0357208251953,14.012666702270508,146124000,61402000.0,43124000.0,20968300.0,31304000,318932000.0,137328600,89923500.0
2016-06-30,21.744552612304688,35.78099822998047,34.84492492675781,113.28517150878906,45.155845642089844,1.1511675119400024,178.4378662109375,14.152000427246094,143345600,57102000.0,42250000.0,23192700.0,28527800,430940000.0,165021900,72646500.0
2016-07-01,21.810510635375977,36.284000396728516,35.177757263183594,113.19596099853516,45.14701843261719,1.1425964832305908,178.81260681152344,14.433333396911621,104106000,58408000.0,30984000.0,14980000.0,21400400,218488000.0,106055300,81000000.0
2016-07-05,21.60580825805664,36.404998779296875,34.91228103637695,113.20587158203125,45.155845642089844,1.159493327140808,177.5263671875,14.26533317565918,110820800,48628000.0,28440000.0,14207000.0,24806400,371084000.0,109803700,77629500.0
2016-07-06,21.7286319732666,36.88050079345703,35.11436080932617,115.68411254882812,45.341163635253906,1.1668397188186646,178.59117126464844,14.295999526977539,123796400,78764000.0,28902000.0,24337600.0,28167500,273104000.0,96021500,73798500.0
2016-07-07,21.82188606262207,36.82849884033203,35.029666900634766,114.84150695800781,45.341163635253906,1.197204351425171,178.48043823242188,14.395999908447266,100558400,58916000.0,21174000.0,16630200.0,19585200,395400000.0,85593800,54180000.0
2016-07-08,21.990198135375977,37.29050064086914,35.55071258544922,116.21941375732422,46.153038024902344,1.2452006340026855,181.1381072998047,14.45199966430664,115648400,68584000.0,29946000.0,18142600.0,28391000,481932000.0,133971000,61122000.0
2016-07-11,22.058439254760742,37.68899917602539,36.017269134521484,116.84393310546875,46.4089469909668,1.2738513946533203,181.7769775390625,14.985333442687988,95179600,63906000.0,28822000.0,17711600.0,22269200,448776000.0,73633900,81447000.0
2016-07-12,22.15851402282715,37.410499572753906,36.280269622802734,116.90341186523438,46.95607376098633,1.2929519414901733,183.09727478027344,14.976667404174805,96670000,112474000.0,26468000.0,15217700.0,27317600,436760000.0,101275600,68569500.0
2016-07-13,22.03342056274414,37.131500244140625,36.13019561767578,115.76342010498047,47.2208137512207,1.292461633682251,183.07168579101562,14.835332870483398,103568800,82846000.0,20436000.0,16207700.0,25356800,324604000.0,87324100,53506500.0
2016-07-14,22.470129013061523,37.060001373291016,36.44321823120117,116.26898193359375,47.42377471923828,1.30568528175354,184.0938720703125,14.768667221069336,155676000,47810000.0,21408000.0,14579700.0,24545500,316892000.0,91230900,40137000.0
2016-07-15,22.467853546142578,36.77199935913086,36.4348030090332,115.84272766113281,47.388484954833984,1.2905025482177734,183.84681701660156,14.69333267211914,120548000,62428000.0,32342000.0,16646000.0,32024400,428616000.0,107155400,33513000.0
2016-07-18,22.706689834594727,36.80350112915039,37.305015563964844,118.33088684082031,47.61792755126953,1.2971142530441284,184.34088134765625,15.083333015441895,145975600,59098000.0,38698000.0,20868400.0,31433900,252992000.0,58725900,51181500.0
2016-07-19,22.715778350830078,36.997501373291016,37.31542205810547,119.56006622314453,46.85017395019531,1.3105825185775757,184.15347290039062,15.017333030700684,95119600,44336000.0,30436000.0,21541300.0,53336500,382652000.0,54345700,46726500.0
2016-07-20,22.736244201660156,37.2859992980957,37.49718475341797,120.85867309570312,49.3387336730957,1.327723741531372,184.92018127441406,15.223999977111816,105104000,44280000.0,22502000.0,20046500.0,89893300,296460000.0,58159500,38527500.0
2016-07-21,22.615705490112305,37.221500396728516,37.36494827270508,119.56006622314453,49.24166488647461,1.3032358884811401,184.2216339111328,14.699999809265137,130808000,46342000.0,19062000.0,17801700.0,32776700,361308000.0,67777300,66430500.0
2016-07-22,22.44055938720703,37.24300003051758,37.60615158081055,119.94668579101562,49.921165466308594,1.338743805885315,185.04791259765625,14.817999839782715,113254800,45554000.0,20920000.0,18422400.0,32157200,315768000.0,62787500,38695500.0
2016-07-25,22.140323638916016,36.980499267578125,37.518978118896484,120.5711898803711,50.06235885620117,1.363476037979126,184.54534912109375,15.333999633789062,161531600,53586000.0,21466000.0,18487400.0,25610600,312528000.0,55873100,67360500.0
2016-07-26,21.987926483154297,36.77949905395508,37.525421142578125,120.16476440429688,50.08883285522461,1.3867391347885132,184.63050842285156,15.300666809082031,224959200,50594000.0,23792000.0,17612000.0,28079000,514508000.0,70080500,51450000.0
2016-07-27,23.41633415222168,36.833499908447266,37.7393798828125,122.26630401611328,49.58583068847656,1.3727818727493286,184.43460083007812,15.232666969299316,369379200,58262000.0,32172000.0,52654200.0,32327500,446676000.0,84083900,43335000.0
2016-07-28,23.732492446899414,37.63050079345703,37.93105697631836,123.91185760498047,49.60347366333008,1.3757197856903076,184.64759826660156,15.37399959564209,159479200,152352000.0,73464000.0,78955800.0,37550400,221916000.0,65035700,36286500.0
2016-07-29,23.702932357788086,37.94049835205078,39.19404602050781,122.86109161376953,50.018245697021484,1.3982492685317993,184.94573974609375,15.652667045593262,110934800,135542000.0,101810000.0,35058800.0,30558700,409588000.0,79519400,46062000.0
2016-08-01,24.121437072753906,38.387001037597656,39.669517517089844,123.22786712646484,49.929988861083984,1.389188289642334,184.79234313964844,15.333999633789062,152671600,71564000.0,60594000.0,25006900.0,26003400,301120000.0,73311400,60244500.0
2016-08-02,23.764345169067383,38.02899932861328,39.628902435302734,122.01847839355469,49.929988861083984,1.3722918033599854,183.6083221435547,15.146666526794434,135266400,72066000.0,39928000.0,23968400.0,35122000,282748000.0,92295500,59016000.0
2016-08-03,24.06230926513672,37.731998443603516,39.56946563720703,121.44353485107422,50.27416229248047,1.3759651184082031,184.1449737548828,15.052666664123535,120810400,71630000.0,29206000.0,18525300.0,22075600,299828000.0,53993600,58317000.0
2016-08-04,24.2109432220459,38.03850173950195,39.48674774169922,123.27743530273438,50.64478302001953,1.4014322757720947,184.34088134765625,15.37399959564209,109634800,63564000.0,21520000.0,21066000.0,26587700,272712000.0,46585500,62205000.0
2016-08-05,24.57913589477539,38.29899978637695,39.9661979675293,124.06055450439453,51.14780807495117,1.4251853227615356,185.84857177734375,15.335332870483398,162213600,54088000.0,36146000.0,20184000.0,29335200,371588000.0,71892200,48078000.0
2016-08-08,24.78266143798828,38.327999114990234,39.881996154785156,124.16960906982422,51.23604202270508,1.438408613204956,185.7378692626953,15.077333450317383,112148800,39726000.0,24426000.0,15233900.0,19473500,305064000.0,39906500,33954000.0
2016-08-09,24.883281707763672,38.41550064086914,39.99343490600586,123.97132873535156,51.35959243774414,1.4420818090438843,185.84857177734375,15.272000312805176,105260800,37522000.0,32154000.0,19621000.0,16920700,372344000.0,51251700,33117000.0
2016-08-10,24.698049545288086,38.428001403808594,40.043453216552734,123.79290008544922,51.200740814208984,1.4327759742736816,185.38861083984375,15.043333053588867,96034000,32086000.0,18370000.0,10670100.0,15756900,375740000.0,57941100,35074500.0
2016-08-11,24.682043075561523,38.5620002746582,40.02909851074219,123.81272888183594,51.44783401489258,1.461916446685791,186.24896240234375,14.994000434875488,109938000,40394000.0,25646000.0,11729500.0,18162300,681064000.0,72504300,28213500.0
2016-08-12,24.739213943481445,38.62799835205078,39.972137451171875,123.79290008544922,51.130149841308594,1.5437058210372925,186.0871124267578,15.040666580200195,74641600,31266000.0,17946000.0,12159000.0,21655200,1425744000.0,61313500,27202500.0
2016-08-15,25.036500930786133,38.42449951171875,39.91815185546875,122.82142639160156,51.288978576660156,1.5422369241714478,186.62376403808594,15.03933334350586,103472800,42370000.0,18596000.0,19295100.0,19283900,573304000.0,49813500,30514500.0
2016-08-16,25.01363182067871,38.20199966430664,39.68190383911133,122.2266616821289,51.004844665527344,1.5329309701919556,185.66122436523438,14.907333374023438,135177600,32092000.0,21158000.0,14222400.0,20523500,287652000.0,53213600,34006500.0
2016-08-17,24.977046966552734,38.23149871826172,39.89141082763672,123.28734588623047,51.11140060424805,1.4974241256713867,186.0104522705078,14.88266658782959,101424000,37822000.0,21322000.0,13794200.0,18856400,595212000.0,75134300,26806500.0
2016-08-18,24.94503402709961,38.222999572753906,39.7591667175293,122.83135223388672,51.14691162109375,1.520687222480774,186.42784118652344,14.900667190551758,87938800,29176000.0,17292000.0,12400800.0,14214300,331684000.0,52989300,25717500.0
2016-08-19,25.00905990600586,37.865501403808594,39.605621337890625,122.4843978881836,51.16468048095703,1.5246049165725708,186.15528869628906,15.0,101472400,46864000.0,22416000.0,11688300.0,17271000,291560000.0,75443000,24892500.0
2016-08-22,24.814680099487305,37.9739990234375,39.47189712524414,123.06925201416016,51.209075927734375,1.5309722423553467,186.14675903320312,14.862000465393066,103280800,33586000.0,17056000.0,14386400.0,15221900,244748000.0,61368800,30982500.0
2016-08-23,24.892433166503906,38.122501373291016,39.45406723022461,123.28734588623047,51.4044189453125,1.5433610677719116,186.5215606689453,14.989333152770996,85030800,30482000.0,18350000.0,13309500.0,18732400,339764000.0,53399200,71766000.0
2016-08-24,24.704904556274414,37.86249923706055,39.30597686767578,122.40509796142578,51.45770263671875,1.5195643901824951,185.56753540039062,14.841333389282227,94700400,34882000.0,25672000.0,12243700.0,18151500,298448000.0,71728900,38560500.0
2016-08-25,24.599716186523438,37.96099853515625,39.192054748535156,122.81151580810547,51.653045654296875,1.5095058679580688,185.4397430419922,14.730667114257812,100344800,32460000.0,24054000.0,10730800.0,18552600,406032000.0,69224800,26437500.0
2016-08-26,24.45564079284668,38.45000076293945,39.28715896606445,123.87220764160156,51.52873611450195,1.5217722654342651,185.09051513671875,14.666000366210938,111065200,55536000.0,24978000.0,17504800.0,20971200,300024000.0,122506300,33585000.0
2016-08-29,24.42819595336914,38.56449890136719,39.41592788696289,125.4384536743164,51.59088897705078,1.5207911729812622,186.00192260742188,14.346667289733887,99881200,43972000.0,15474000.0,15925900.0,16417200,274652000.0,70502200,48994500.0
2016-08-30,24.240684509277344,38.37900161743164,39.22277069091797,124.74456787109375,51.4044189453125,1.511959195137024,185.69528198242188,14.089332580566406,99455600,34184000.0,23348000.0,17804300.0,16930200,285544000.0,58114500,47533500.0
2016-08-31,24.263547897338867,38.45800018310547,39.12024688720703,125.0221176147461,51.0225944519043,1.5048445463180542,185.16714477539062,14.133999824523926,118649600,32676000.0,21428000.0,14200600.0,20860300,388544000.0,85269500,49147500.0
2016-09-01,24.40761947631836,38.53099822998047,39.19701385498047,125.07169342041016,51.13804244995117,1.5492490530014038,185.17568969726562,13.38466739654541,106806000,35846000.0,26070000.0,13536100.0,26075400,428492000.0,97844200,119146500.0
2016-09-02,24.636302947998047,38.62200164794922,39.467933654785156,125.40872192382812,51.209075927734375,1.5340383052825928,186.0104522705078,13.185333251953125,107210000,43636000.0,26998000.0,12118800.0,18900500,323148000.0,79293900,89661000.0
2016-09-06,24.629444122314453,39.44350051879883,40.020179748535156,128.60067749023438,51.155799865722656,1.548513412475586,186.57266235351562,13.522000312805176,107521600,74396000.0,39790000.0,26278400.0,16278400,306812000.0,56702100,65859000.0
2016-09-07,24.780370712280273,39.2239990234375,40.018699645996094,129.90919494628906,51.2002067565918,1.5256977081298828,186.55564880371094,13.447333335876465,169457200,48492000.0,22906000.0,27990800.0,17493400,397988000.0,76554900,54613500.0
2016-09-08,24.130910873413086,39.202999114990234,39.76361846923828,129.13600158691406,50.995948791503906,1.536737322807312,186.12966918945312,13.157333374023438,212008000,40610000.0,23554000.0,15676600.0,20146100,315808000.0,74102900,50668500.0
2016-09-09,23.584348678588867,38.00699996948242,39.05238342285156,125.99358367919922,49.91263961791992,1.4601948261260986,181.67471313476562,12.964667320251465,186228000,85146000.0,37752000.0,27100700.0,35113900,697760000.0,221589100,56355000.0
2016-09-12,24.112613677978516,38.574501037597656,39.56452178955078,127.56973266601562,50.65852737426758,1.4903701543807983,184.28125,13.220000267028809,181171200,62494000.0,37274000.0,21252800.0,29303000,598260000.0,168110900,55728000.0
2016-09-13,24.68661117553711,38.050498962402344,39.06428146362305,126.10260009765625,50.19679260253906,1.4687817096710205,181.6321258544922,13.069999694824219,248704800,62344000.0,36180000.0,18016200.0,30130200,471768000.0,182828800,53841000.0
2016-09-14,25.56018829345703,38.054500579833984,39.150455474853516,126.6577377319336,49.957027435302734,1.4817837476730347,181.56398010253906,13.093999862670898,443554800,50460000.0,25842000.0,15691100.0,24062500,319048000.0,134185500,33817500.0
2016-09-15,26.4292049407959,38.484500885009766,39.68387985229492,127.23269653320312,50.7828483581543,1.537964105606079,183.37838745117188,13.361332893371582,359934400,60680000.0,31144000.0,15077200.0,26847000,515212000.0,134427900,46158000.0
2016-09-16,26.28055763244629,38.92599868774414,39.52241897583008,127.9464340209961,50.83612823486328,1.5416439771652222,182.66949462890625,13.69333267211914,319547600,109984000.0,42612000.0,24119200.0,44607000,902444000.0,155236400,46617000.0
2016-09-19,25.974111557006836,38.755001068115234,39.39463424682617,127.53007507324219,50.551963806152344,1.5620063543319702,182.70372009277344,13.755999565124512,188092000,45944000.0,22990000.0,14958800.0,20937100,417128000.0,80250500,34492500.0
2016-09-20,25.971830368041992,39.01100158691406,39.612064361572266,127.52019500732422,50.44542694091797,1.5477771759033203,182.71231079101562,13.642666816711426,138057200,38744000.0,20984000.0,11083800.0,17384000,331112000.0,69665300,36157500.0
2016-09-21,25.967252731323242,39.48699951171875,39.872093200683594,128.80885314941406,51.288978576660156,1.5912001132965088,184.7669677734375,13.6813325881958,144012800,54372000.0,26970000.0,14068300.0,33707300,336212000.0,110284400,39502500.0
2016-09-22,26.21194076538086,40.23500061035156,40.41294479370117,128.94764709472656,51.34225845336914,1.5951255559921265,185.93128967285156,13.76200008392334,124296000,81578000.0,35186000.0,15538300.0,19822200,308732000.0,76678700,35743500.0
2016-09-23,25.77515983581543,40.287498474121094,40.363914489746094,126.8460922241211,50.995948791503906,1.5934083461761475,184.9125213623047,13.829999923706055,209924800,47070000.0,28234000.0,28326300.0,19955300,276132000.0,73630900,43578000.0
2016-09-26,25.814029693603516,39.95800018310547,39.75420379638672,126.20174407958984,50.52534484863281,1.578443169593811,183.41432189941406,13.932666778564453,119477600,53028000.0,29454000.0,15064900.0,21688700,230040000.0,89827300,35916000.0
2016-09-27,25.862058639526367,40.80550003051758,40.15439987182617,127.56973266601562,51.45770263671875,1.632415533065796,184.5529327392578,13.720666885375977,98429600,76392000.0,27346000.0,15637100.0,28065100,402752000.0,78494800,50598000.0
2016-09-28,26.058725357055664,41.43600082397461,40.121219635009766,128.1050262451172,51.52873611450195,1.6383033990859985,185.46900939941406,13.751333236694336,118564400,88442000.0,29406000.0,12047600.0,20536400,319788000.0,87411000,31326000.0
2016-09-29,25.653955459594727,41.45249938964844,39.75370788574219,126.97496032714844,50.96932601928711,1.6535139083862305,183.7909698486328,13.380000114440918,143548000,98444000.0,27000000.0,14532200.0,25463500,336684000.0,128070600,40905000.0
2016-09-30,25.85291290283203,41.865501403808594,39.82404327392578,127.15340423583984,51.14691162109375,1.6809906959533691,185.17791748046875,13.60200023651123,145516400,88612000.0,33204000.0,18402900.0,29910800,429932000.0,117202900,38794500.0
2016-10-03,25.731708526611328,41.83700180053711,39.64178466796875,127.64905548095703,50.9870719909668,1.6792738437652588,184.73272705078125,14.24666690826416,86807200,55388000.0,29784000.0,13156900.0,19189500,242596000.0,83512100,89998500.0
2016-10-04,25.84147071838379,41.701499938964844,39.761146545410156,127.0740966796875,50.82724380493164,1.675593376159668,183.7909698486328,14.093999862670898,118947200,59006000.0,25174000.0,14307500.0,20085900,281624000.0,119948100,53122500.0
2016-10-05,25.85291290283203,42.21799850463867,39.68387985229492,127.3516616821289,51.18242645263672,1.673876166343689,184.6042938232422,13.897333145141602,85812400,69382000.0,24276000.0,12386800.0,16726400,305440000.0,72816000,28162500.0
2016-10-06,26.045007705688477,42.08300018310547,39.77550506591797,127.61931610107422,51.27122116088867,1.6520417928695679,184.73272705078125,13.399999618530273,115117200,53680000.0,21998000.0,11682700.0,16212600,360212000.0,62927400,70551000.0
2016-10-07,26.083877563476562,41.971500396728516,39.65812301635742,127.8670883178711,51.32450485229492,1.6400203704833984,184.09921264648438,13.107333183288574,97433600,48524000.0,23262000.0,12804400.0,20089000,286260000.0,89788300,52395000.0
2016-10-10,26.538965225219727,42.08549880981445,40.32477951049805,129.10626220703125,51.53761672973633,1.6461538076400757,185.05799865722656,13.396666526794434,144944000,36542000.0,29922000.0,15138700.0,18196500,287876000.0,51855000,49744500.0
2016-10-11,26.596139907836914,41.54999923706055,40.09695053100586,127.75809478759766,50.7828483581543,1.6223570108413696,182.72085571289062,13.34000015258789,256164000,71764000.0,34432000.0,17537900.0,26497400,388540000.0,130367400,34926000.0
2016-10-12,26.833972930908203,41.704498291015625,40.20591354370117,127.92660522460938,50.71179962158203,1.6297171115875244,182.9605255126953,13.434000015258789,150347200,47608000.0,18158000.0,11073000.0,22177500,419920000.0,73866100,29560500.0
2016-10-13,26.751646041870117,41.4640007019043,39.82503890991211,126.70732879638672,50.543087005615234,1.6032215356826782,182.36123657226562,13.349332809448242,140769600,61828000.0,27380000.0,17139300.0,25313700,390116000.0,101357000,37419000.0
2016-10-14,26.90028953552246,41.14799880981445,39.85079574584961,126.76678466796875,50.9870719909668,1.618922233581543,182.4554443359375,13.100666999816895,142608800,59996000.0,22238000.0,13345300.0,27402500,330636000.0,93346200,64048500.0
2016-10-17,26.881999969482422,40.647499084472656,39.961734771728516,126.42974853515625,50.80948257446289,1.6096000671386719,181.82188415527344,12.93066692352295,94499600,67230000.0,21128000.0,11351700.0,23830000,195328000.0,58275700,68311500.0
2016-10-18,26.863704681396484,40.88249969482422,40.68732833862305,127.45081329345703,51.2002067565918,1.6341325044631958,182.9605255126953,13.273332595825195,98214000,50250000.0,45786000.0,13504000.0,19149500,269372000.0,76869700,85207500.0
2016-10-19,26.783666610717773,40.884498596191406,40.95231246948242,128.97740173339844,51.08475112915039,1.6306978464126587,183.4485626220703,13.570667266845703,80138400,41814000.0,30002000.0,16752300.0,22878400,199060000.0,66519200,104868000.0
2016-10-20,26.769947052001953,40.51599884033203,40.69426727294922,128.86834716796875,50.83612823486328,1.6616096496582031,183.1061248779297,13.273332595825195,96503200,63040000.0,27878000.0,13167500.0,49455600,312084000.0,73639800,76093500.0
2016-10-21,26.66474151611328,40.949501037597656,40.81462097167969,130.92030334472656,52.97612762451172,1.656948208808899,183.19174194335938,13.339332580566406,92770800,55860000.0,32316000.0,19088800.0,80032200,279508000.0,89089100,44151000.0
2016-10-24,26.904863357543945,41.90449905395508,41.39311981201172,132.11978149414062,54.16598892211914,1.7347174882888794,183.97076416015625,13.517333030700684,94154800,81218000.0,28952000.0,17470200.0,54067000,339836000.0,60146600,41274000.0
2016-10-25,27.042078018188477,41.75899887084961,41.03699493408203,131.1383819580078,54.15712356567383,1.7631756067276,183.35438537597656,13.489333152770996,192516000,64968000.0,37814000.0,13336800.0,35137200,397460000.0,66542300,36675000.0
2016-10-26,26.43377113342285,41.12950134277344,40.7175407409668,129.89930725097656,53.83746337890625,1.7702902555465698,182.98622131347656,13.482666969299316,264536800,79962000.0,35898000.0,13084700.0,29911600,333792000.0,75705500,84492000.0
2016-10-27,26.179933547973633,40.917999267578125,40.48228454589844,128.56105041503906,53.366817474365234,1.7339816093444824,182.49827575683594,13.600666999816895,138248000,148128000.0,59470000.0,16741400.0,28479900,388664000.0,77220200,196405500.0
2016-10-28,26.006135940551758,38.816001892089844,40.59174728393555,130.14710998535156,53.1625862121582,1.7310373783111572,181.95889282226562,13.33133316040039,151446800,216822000.0,87098000.0,24545500.0,33574700,290856000.0,140623200,64201500.0
2016-10-31,25.964963912963867,39.49100112915039,40.11328887939453,129.84971618652344,53.20699691772461,1.7457571029663086,181.9674835205078,13.182000160217285,105677600,108266000.0,44854000.0,15669000.0,26434700,252388000.0,61272500,70384500.0
2016-11-01,25.496164321899414,39.27050018310547,39.894371032714844,128.37271118164062,53.10043716430664,1.6939928531646729,180.6490020751953,12.719332695007324,175303200,106108000.0,47118000.0,22077800.0,24533000,473224000.0,122781800,105900000.0
2016-11-02,25.519023895263672,38.27799987792969,39.04942321777344,126.06297302246094,52.77189254760742,1.6868783235549927,179.56178283691406,12.534667015075684,113326800,100530000.0,47014000.0,39640900.0,22147000,295848000.0,103330800,63801000.0
2016-11-03,25.24549674987793,38.35150146484375,38.74085998535156,118.95537567138672,52.576541900634766,1.6672520637512207,178.7399444580078,12.494667053222656,107730400,77450000.0,43504000.0,63766300.0,21600400,309664000.0,88939300,39795000.0
2016-11-04,25.01793670654297,37.752498626708984,38.686866760253906,119.69886779785156,52.1325569152832,1.657684326171875,178.5430450439453,12.704000473022461,123348000,102442000.0,39412000.0,30545500.0,28697000,328780000.0,109122100,77190000.0
2016-11-07,25.378826141357422,39.246498107910156,39.72349548339844,121.086669921875,53.650970458984375,1.74845552444458,182.48114013671875,12.880666732788086,130240000,119688000.0,39852000.0,23008900.0,31664800,487580000.0,109794900,58051500.0
2016-11-08,25.52821922302246,39.38750076293945,40.216312408447266,123.1386489868164,53.69538497924805,1.7457571029663086,183.30300903320312,12.996000289916992,97016800,68252000.0,35382000.0,19460800.0,22935400,429884000.0,106772100,49014000.0
2016-11-09,25.486852645874023,38.59400177001953,39.89982223510742,122.10771179199219,53.428993225097656,1.716317892074585,185.24644470214844,12.670666694641113,236705600,171258000.0,61970000.0,31916000.0,49632500,456532000.0,258429000,122596500.0
2016-11-10,24.77658462524414,37.11899948120117,38.64674758911133,119.7484130859375,52.12367630004883,1.6625909805297852,185.70863342285156,12.356666564941406,228538000,254940000.0,118192000.0,67846700.0,57822400,869280000.0,172113300,101254500.0
2016-11-11,24.923696517944336,36.95050048828125,38.223777770996094,117.9839096069336,52.40782928466797,2.1581547260284424,185.2806396484375,12.570667266845703,136575600,132456000.0,71852000.0,32840100.0,38767800,2175344000.0,100552700,59827500.0
2016-11-14,24.298465728759766,35.95349884033203,37.306007385253906,114.07820129394531,51.608646392822266,2.051927328109741,185.42616271972656,12.096667289733887,204702000,146426000.0,73766000.0,51377000.0,41328400,1348796000.0,94580000,98283000.0
2016-11-15,24.620283126831055,37.1619987487793,38.39266586303711,116.17976379394531,52.62778091430664,2.114485502243042,186.87298583984375,12.251333236694336,129058000,135116000.0,58878000.0,34681400.0,35904100,626092000.0,91652600,58530000.0
2016-11-16,25.28227424621582,37.324501037597656,38.631404876708984,115.3272476196289,53.32508087158203,2.247943639755249,186.5220184326172,12.26200008392334,235362000,72976000.0,35968000.0,32397900.0,27332500,987984000.0,65617700,51516000.0
2016-11-17,25.273086547851562,37.81999969482422,38.93748474121094,116.76463317871094,54.21009063720703,2.266589403152466,187.48085021972656,12.577333450317383,110528000,73802000.0,30674000.0,18597800.0,32132700,832988000.0,69797200,73306500.0
2016-11-18,25.298362731933594,38.007999420166016,38.43278503417969,116.00132751464844,53.95085906982422,2.290386915206909,187.06137084960938,12.334667205810547,113715600,87468000.0,36126000.0,22879300.0,27686300,576060000.0,86265800,78154500.0
2016-11-21,25.682235717773438,39.0,38.870121002197266,120.7099838256836,54.40676498413086,2.2810635566711426,188.4739227294922,12.3013334274292,117058400,92292000.0,32616000.0,35415400.0,19652600,436436000.0,72402600,65415000.0
2016-11-22,25.69832420349121,39.26649856567383,38.880027770996094,120.41259002685547,54.63919448852539,2.2975008487701416,188.84205627441406,12.744667053222656,103862000,106226000.0,27884000.0,26089200.0,23206700,330368000.0,67429000,84051000.0
2016-11-23,25.567302703857422,39.00600051879883,38.58285903930664,119.7880630493164,53.99555206298828,2.3088035583496094,188.94482421875,12.87600040435791,109705600,70806000.0,26260000.0,15672100.0,21848900,443236000.0,56620200,73378500.0
2016-11-25,25.696025848388672,39.01850128173828,38.64377975463867,119.33206939697266,54.111759185791016,2.3134713172912598,189.64682006835938,13.109999656677246,45903600,36742000.0,12270000.0,8658600.0,8409600,195564000.0,37872300,35491500.0
2016-11-28,25.645456314086914,38.3385009765625,38.91916275024414,119.36183166503906,54.18328094482422,2.3122425079345703,188.75653076171875,13.074666976928711,108776000,88776000.0,51508000.0,18101300.0,20732600,278736000.0,76572500,67938000.0
2016-11-29,25.620166778564453,38.125999450683594,39.099937438964844,119.81781768798828,54.61238098144531,2.2911128997802734,189.1245880126953,12.637999534606934,114115200,65446000.0,31240000.0,18891000.0,22366700,444568000.0,69886700,66589500.0
2016-11-30,25.404098510742188,37.528499603271484,38.42832565307617,117.3891372680664,53.87040710449219,2.2653143405914307,188.67083740234375,12.626667022705078,144649200,92518000.0,45582000.0,30188900.0,34655400,440500000.0,113291800,53206500.0
2016-12-01,25.16735076904297,37.182498931884766,37.85626983642578,114.09803009033203,52.92278289794922,2.153278112411499,187.9774169921875,12.125332832336426,148347600,93320000.0,57342000.0,43277000.0,34542100,1035524000.0,79040500,76896000.0
2016-12-02,25.26158905029297,37.016998291015625,37.86271286010742,114.39543914794922,52.96748733520508,2.1731786727905273,188.0715789794922,12.097999572753906,106112000,71226000.0,34376000.0,25070400.0,25515700,478292000.0,74840300,60634500.0
2016-12-05,25.079992294311523,37.96799850463867,38.54422378540039,116.40776062011719,53.83464813232422,2.2574517726898193,189.20164489746094,12.453332901000977,137298000,86294000.0,33770000.0,20201500.0,23552700,602284000.0,67837800,61083000.0
2016-12-06,25.273086547851562,38.236000061035156,38.44319152832031,116.28880310058594,53.5932731628418,2.294553518295288,189.8009490966797,12.390000343322754,104782000,75894000.0,34682000.0,19131200.0,19907000,498796000.0,59877400,50874000.0
2016-12-07,25.521329879760742,38.520999908447266,39.20048522949219,116.92323303222656,54.86269760131836,2.335829734802246,192.28366088867188,12.876667022705078,119994800,73698000.0,40588000.0,21913700.0,30809000,480804000.0,110738100,81928500.0
2016-12-08,25.771881103515625,38.36650085449219,39.38373947143555,117.87487030029297,54.540870666503906,2.2967636585235596,192.7545623779297,12.81933307647705,108273200,63792000.0,32250000.0,22442800.0,21220800,381544000.0,99714400,47911500.0
2016-12-09,26.19251823425293,38.43299865722656,40.09100341796875,118.63818359375,55.39907455444336,2.2559783458709717,193.9187774658203,12.812000274658203,137610400,49418000.0,38090000.0,17464700.0,27349400,382312000.0,88005800,40837500.0
2016-12-12,26.043107986450195,38.00600051879883,40.01423263549805,116.74479675292969,55.5778694152832,2.2011876106262207,193.69625854492188,12.828666687011719,105497600,59278000.0,32572000.0,17805500.0,20198100,601332000.0,102016100,36583500.0
2016-12-13,26.4775447845459,38.71699905395508,40.38272476196289,119.26268768310547,56.30198287963867,2.240007162094116,194.98895263671875,13.210000038146973,174935200,105706000.0,42564000.0,29768000.0,35718900,387796000.0,110477500,102358500.0
2016-12-14,26.4775447845459,38.441001892089844,40.509029388427734,119.16355895996094,56.03377914428711,2.3697354793548584,193.37953186035156,13.246000289916992,136127200,109096000.0,35994000.0,25913100.0,30352700,983980000.0,142501800,62263500.0
2016-12-15,26.622356414794922,38.04999923706055,40.39807891845703,119.52042388916016,55.944393157958984,2.425262928009033,194.17567443847656,13.17199993133545,186098000,76038000.0,35394000.0,20139600.0,27669900,746548000.0,124972600,48294000.0
2016-12-16,26.656835556030273,37.88850021362305,40.110328674316406,118.8265151977539,55.69407653808594,2.467031478881836,193.7958984375,13.499333381652832,177404400,96964000.0,51978000.0,25324300.0,42453100,1089528000.0,156420200,56953500.0
2016-12-19,26.810836791992188,38.29999923706055,40.2420654296875,118.20199584960938,56.87411880493164,2.4970061779022217,194.21786499023438,13.51533317565918,111117600,62264000.0,25272000.0,15918100.0,34338200,744656000.0,90341100,52321500.0
2016-12-20,26.882099151611328,38.56100082397461,40.37579345703125,118.05329895019531,56.8026123046875,2.5839827060699463,194.9671173095703,13.919333457946777,85700000,54072000.0,25438000.0,13684400.0,26028400,848056000.0,89838800,70336500.0
2016-12-21,26.907384872436523,38.529998779296875,40.227210998535156,118.00374603271484,56.8026123046875,2.6001992225646973,194.42457580566406,13.846667289733887,95132800,40892000.0,29192000.0,10767600.0,17096300,576136000.0,67909000,78114000.0
2016-12-22,26.73038673400879,38.31700134277344,40.10240173339844,116.37802124023438,56.81153106689453,2.6316471099853516,194.08871459960938,13.896666526794434,104343600,50872000.0,22632000.0,16258600.0,22176600,718612000.0,56219100,46666500.0
2016-12-23,26.78325653076172,38.02949905395508,40.009281158447266,116.24916076660156,56.53441619873047,2.697248697280884,194.3729248046875,14.22266674041748,56998000,39632000.0,15310000.0,10890000.0,12403800,647692000.0,36697800,70057500.0
2016-12-27,26.953351974487305,38.56999969482422,40.114784240722656,116.98271179199219,56.57017517089844,2.882503032684326,194.8551483154297,14.635333061218262,73187600,52774000.0,19520000.0,12051500.0,11763200,1194272000.0,42672500,88735500.0
2016-12-28,26.838428497314453,38.60649871826172,39.849308013916016,115.9021987915039,56.31092071533203,2.6842257976531982,193.2447052001953,14.649333000183105,83623600,66020000.0,24296000.0,12087400.0,14653300,2295764000.0,64095000,56737500.0
2016-12-29,26.83152961730957,38.25749969482422,39.76560592651367,115.337158203125,56.23046875,2.737787961959839,193.2017059326172,14.312000274658203,60158000,63166000.0,21148000.0,9934900.0,10250600,2175368000.0,48696100,60675000.0
2016-12-30,26.622356414794922,37.493499755859375,39.2490234375,114.04847717285156,55.551055908203125,2.622556686401367,192.4955596923828,14.246000289916992,122345200,82788000.0,34718000.0,18684100.0,25579900,1212932000.0,108998300,69639000.0
2017-01-03,26.698209762573242,37.68349838256836,40.01968765258789,115.84272766113281,55.944393157958984,2.506342649459839,193.96817016601562,14.465999603271484,115127600,70422000.0,39180000.0,20663900.0,20694100,1501996000.0,91366500,88849500.0
2017-01-04,26.6683292388916,37.85900115966797,40.00780487060547,117.65679168701172,55.69407653808594,2.5648176670074463,195.1221466064453,15.13266658782959,84472400,50210000.0,30306000.0,19630900.0,21340000,1199220000.0,78744400,168202500.0
2017-01-05,26.8039493560791,39.022499084472656,40.267826080322266,119.61956024169922,55.69407653808594,2.499708652496338,194.9671173095703,15.116666793823242,88774400,116602000.0,26810000.0,19492200.0,24876000,984296000.0,78379000,88675500.0
2017-01-06,27.102766036987305,39.79949951171875,40.87157440185547,122.33570098876953,56.17681884765625,2.533123731613159,195.66464233398438,15.267333030700684,127007600,119724000.0,40342000.0,28545300.0,19922900,822856000.0,71559900,82918500.0
2017-01-09,27.351016998291016,39.84600067138672,40.96915054321289,123.81272888183594,55.99802780151367,2.6358234882354736,195.018798828125,15.41866683959961,134247600,68922000.0,28178000.0,22880400.0,20382700,916248000.0,46939700,59692500.0
2017-01-10,27.378597259521484,39.79499816894531,40.91120147705078,123.26752471923828,55.98016357421875,2.6159231662750244,195.018798828125,15.324666976928711,97848400,51168000.0,23948000.0,17324600.0,18593000,880920000.0,63771900,54900000.0
2017-01-11,27.52570152282715,39.95100021362305,41.10188674926758,124.99237823486328,56.489707946777344,2.5837371349334717,195.56993103027344,15.315333366394043,110354400,59856000.0,26508000.0,18356500.0,21517300,525664000.0,74650000,54762000.0
2017-01-12,27.410778045654297,40.68199920654297,41.08554458618164,125.51776123046875,55.971214294433594,2.5414774417877197,195.07907104492188,15.305999755859375,108344800,97478000.0,26990000.0,18653900.0,20968200,625616000.0,72113200,56853000.0
2017-01-13,27.362503051757812,40.856998443603516,41.15538787841797,127.22278594970703,56.05167007446289,2.541231870651245,195.52687072753906,15.850000381469727,104447600,75838000.0,25804000.0,24884300.0,19422300,457820000.0,62717900,91395000.0
2017-01-17,27.58316993713379,40.486000061035156,40.98301696777344,126.75688171386719,55.89968490600586,2.4842288494110107,194.83792114257812,15.70533275604248,137759200,73410000.0,28818000.0,15294500.0,20664000,580612000.0,61240800,69262500.0
2017-01-18,27.58087730407715,40.374000549316406,41.060279846191406,126.80644226074219,55.87287521362305,2.5294370651245117,195.26849365234375,15.890666961669922,94852000,47084000.0,20554000.0,13145900.0,19670100,654424000.0,54793300,56535000.0
2017-01-19,27.532604217529297,40.45199966430664,40.82997512817383,126.43966674804688,55.69407653808594,2.5837371349334717,194.54510498046875,16.250667572021484,102389200,50816000.0,21410000.0,12195500.0,18451700,644872000.0,66608800,115984500.0
2017-01-20,27.58316993713379,40.416500091552734,41.01818084716797,125.93408966064453,56.08742141723633,2.55548095703125,195.2598876953125,16.315332412719727,130391600,67524000.0,26124000.0,19097200.0,30213500,492024000.0,129168600,63064500.0
2017-01-23,27.60155487060547,40.89400100708008,41.823524475097656,127.80766296386719,56.28410339355469,2.582016706466675,194.75180053710938,16.594667434692383,88200800,55950000.0,49148000.0,16593600.0,23097600,369904000.0,75061600,93943500.0
2017-01-24,27.576271057128906,41.12200164794922,42.07611846923828,128.24378967285156,56.78472137451172,2.637052059173584,196.00048828125,16.974000930786133,92844000,59434000.0,33768000.0,15162700.0,24672900,428052000.0,95555300,74482500.0
2017-01-25,28.015304565429688,41.82600021362305,42.51791000366211,130.33546447753906,56.92776107788086,2.64835524559021,197.69700622558594,16.96466636657715,129510400,78452000.0,33108000.0,18731300.0,23672700,522760000.0,84437700,77139000.0
2017-01-26,28.029102325439453,41.95750045776367,42.44510269165039,131.62413024902344,57.45519256591797,2.694053888320923,197.4903106689453,16.833999633789062,105350400,71726000.0,69866000.0,20020100.0,43554600,458800000.0,59970700,47281500.0
2017-01-27,28.031396865844727,41.78850173950195,41.853240966796875,131.0293731689453,58.80508041381836,2.746140718460083,197.18023681640625,16.863332748413086,82251600,59974000.0,75050000.0,19539500.0,44818000,471996000.0,59711100,47494500.0
2017-01-30,27.957839965820312,41.51900100708008,40.80323028564453,129.83982849121094,58.22402572631836,2.7031450271606445,195.95738220214844,16.708667755126953,121510000,74946000.0,70338000.0,18956100.0,31651400,496004000.0,79737300,57016500.0
2017-01-31,27.89348030090332,41.17399978637695,40.62295150756836,129.185546875,57.7949104309082,2.682506561279297,195.9402313232422,16.795333862304688,196804000,62744000.0,40404000.0,19790500.0,25270500,362756000.0,75880800,61741500.0
2017-02-01,29.594438552856445,41.61750030517578,40.37778091430664,132.07020568847656,56.838375091552734,2.7997031211853027,196.01771545410156,16.615999221801758,447940000,77004000.0,45020000.0,50139800.0,39671500,590004000.0,79117700,59382000.0
2017-02-02,29.54387092590332,41.997501373291016,40.52735137939453,129.70101928710938,56.471839904785156,2.835083246231079,196.14691162109375,16.770000457763672,134841600,147010000.0,33784000.0,54366400.0,45827000,483240000.0,69657600,37497000.0
2017-02-03,29.670303344726562,40.5099983215332,40.61996841430664,129.83982849121094,56.92776107788086,2.810267686843872,197.49893188476562,16.755332946777344,98029200,217376000.0,30562000.0,24804900.0,30301800,372744000.0,80563200,32800500.0
2017-02-06,29.948421478271484,40.38199996948242,40.69377136230469,130.91041564941406,56.89199447631836,2.8822569847106934,197.14584350585938,17.184667587280273,107383600,77946000.0,27018000.0,17058500.0,19796400,506768000.0,57790100,53437500.0
2017-02-07,30.233457565307617,40.625,41.070682525634766,130.69232177734375,56.704261779785156,2.926973581314087,197.15438842773438,17.165332794189453,152735200,69322000.0,33332000.0,14596400.0,20277200,746224000.0,57931200,63672000.0
2017-02-08,30.35068130493164,40.98550033569336,41.102874755859375,133.03176879882812,56.623809814453125,2.9141976833343506,197.41275024414062,17.472000122070312,92016400,57160000.0,26044000.0,22390600.0,18096400,449580000.0,51566200,58995000.0
2017-02-09,30.569990158081055,41.06800079345703,41.111793518066406,132.9722900390625,57.267452239990234,2.859405994415283,198.58395385742188,17.946666717529297,113399600,49698000.0,23884000.0,16470600.0,22644400,842568000.0,65955200,117303000.0
2017-02-10,30.500741958618164,41.37300109863281,41.349029541015625,133.0218505859375,57.213829040527344,2.7915947437286377,199.3676300048828,17.948667526245117,80262000,48592000.0,28302000.0,15061900.0,18170700,1651092000.0,66015900,54295500.0
2017-02-13,30.770832061767578,41.826499938964844,41.55259704589844,132.88308715820312,57.85747146606445,2.6628499031066895,200.4526824951172,18.706666946411133,92141600,83452000.0,25914000.0,13526200.0,22920100,1180724000.0,55182100,105444000.0
2017-02-14,31.170217514038086,41.81949996948242,41.605587005615234,132.684814453125,58.07334518432617,2.672677993774414,201.25355529785156,18.73200035095215,132904800,55848000.0,27266000.0,14364900.0,23108400,850632000.0,71109000,110178000.0
2017-02-15,31.2833309173584,42.1349983215332,41.471370697021484,132.27841186523438,58.03736877441406,2.678083896636963,202.30419921875,18.650667190551758,142492400,59378000.0,27144000.0,13226500.0,17005200,373020000.0,86785800,74218500.0
2017-02-16,31.246417999267578,42.207000732421875,41.711585998535156,132.67491149902344,58.028358459472656,2.6350884437561035,202.1319580078125,17.93000030517578,90338400,54294000.0,20102000.0,12831100.0,20546300,647176000.0,84722400,106159500.0
2017-02-17,31.331823348999023,42.253501892089844,41.92852020263672,132.36758422851562,58.1182861328125,2.6345958709716797,202.45057678222656,18.148666381835938,88792800,62246000.0,29224000.0,12276500.0,21248800,563740000.0,77204100,93856500.0
2017-02-21,31.558073043823242,42.821998596191406,42.06324005126953,132.55593872070312,58.00136947631836,2.72894287109375,203.65621948242188,18.492666244506836,98028800,70154000.0,25206000.0,14759100.0,20655900,551952000.0,88946100,85150500.0
2017-02-22,31.6527099609375,42.78049850463867,42.16675567626953,134.93505859375,57.88447189331055,2.724760055541992,203.47537231445312,18.233999252319336,83347600,52340000.0,24488000.0,27360100.0,19292700,433772000.0,62115200,131325000.0
2017-02-23,31.518808364868164,42.609500885009766,42.14892578125,134.18167114257812,58.1182861328125,2.4721131324768066,203.61314392089844,17.06599998474121,83152800,69240000.0,27734000.0,18422500.0,20273100,1592888000.0,74615900,223728000.0
2017-02-24,31.5488224029541,42.262001037597656,41.990928649902344,134.260986328125,58.1182861328125,2.4959754943847656,203.87149047851562,17.133333206176758,87106400,73760000.0,26924000.0,12625700.0,21796800,1029904000.0,82381600,122574000.0
2017-02-27,31.611146926879883,42.43199920654297,42.08304977416992,135.2225341796875,57.767539978027344,2.568546772003174,204.19012451171875,16.415332794189453,81029600,54272000.0,20206000.0,14306700.0,15871500,715400000.0,56515400,171912000.0
2017-02-28,31.625009536743164,42.25199890136719,41.84828567504883,134.360107421875,57.54269790649414,2.496466636657715,203.63900756835938,16.666000366210938,93931600,55874000.0,27662000.0,16112100.0,23239800,625360000.0,96961900,91171500.0
2017-03-01,32.271400451660156,42.65399932861328,42.4337158203125,136.2237548828125,58.40611267089844,2.5286941528320312,206.48944091796875,16.667999267578125,145658400,55202000.0,36374000.0,16257000.0,26937500,504804000.0,149158200,72142500.0
2017-03-02,32.07979965209961,42.445499420166016,42.09197235107422,135.5695037841797,57.569671630859375,2.435457706451416,205.18905639648438,16.698667526245117,104844000,42642000.0,25018000.0,12294800.0,24539600,754332000.0,70246000,50277000.0
2017-03-03,32.26908874511719,42.49399948120117,42.0538330078125,135.97592163085938,57.785526275634766,2.4214353561401367,205.31825256347656,16.771333694458008,84432400,38822000.0,20100000.0,11160600.0,18135900,864692000.0,81974300,43791000.0
2017-03-06,32.167503356933594,42.330501556396484,41.96417999267578,136.2237548828125,57.80351638793945,2.4027388095855713,204.70681762695312,16.747333526611328,87000000,52208000.0,20958000.0,12748200.0,18750300,883568000.0,55391500,50332500.0
2017-03-07,32.209083557128906,42.30099868774414,42.15635299682617,136.10479736328125,57.92043685913086,2.4290614128112793,204.09542846679688,16.57266616821289,69785200,44952000.0,20774000.0,13527100.0,18521000,603400000.0,65103700,51892500.0
2017-03-08,32.089027404785156,42.525001525878906,42.27967834472656,136.5211181640625,58.451080322265625,2.424633026123047,203.71649169921875,16.45800018310547,74828800,45730000.0,20576000.0,10184500.0,21510900,638712000.0,78168800,55878000.0
2017-03-09,32.01515197753906,42.650001525878906,42.487701416015625,137.03662109375,58.217247009277344,2.4241416454315186,203.97483825683594,16.32666778564453,88623600,40964000.0,26954000.0,15535300.0,19846800,478060000.0,90683900,58189500.0
2017-03-10,32.1213493347168,42.62300109863281,42.664520263671875,137.58181762695312,58.39712142944336,2.4384098052978516,204.6895751953125,16.246000289916992,78451200,48728000.0,26732000.0,16314100.0,19538200,499740000.0,81991700,45994500.0
2017-03-13,32.13520431518555,42.72949981689453,42.82152557373047,138.38478088378906,58.199249267578125,2.5055694580078125,204.79295349121094,16.411333084106445,69686800,38194000.0,23332000.0,10955500.0,20100000,774136000.0,57256800,45339000.0
2017-03-14,32.086727142333984,42.62649917602539,42.88740158081055,138.10723876953125,57.92943572998047,2.503847360610962,204.00927734375,17.200000762939453,61236400,42612000.0,21234000.0,12944000.0,14280200,522016000.0,59880800,113976000.0
2017-03-15,32.42608642578125,42.64849853515625,43.01022720336914,138.5037384033203,58.2352180480957,2.5227904319763184,205.77471923828125,17.048667907714844,102767200,51244000.0,26658000.0,19344800.0,24833800,615036000.0,96081800,79962000.0
2017-03-16,32.47918701171875,42.67100143432617,43.08997344970703,138.77134704589844,58.136287689208984,2.5537874698638916,205.3699188232422,17.469999313354492,76928000,36846000.0,22090000.0,13612900.0,20674300,523100000.0,78344000,106983000.0
2017-03-17,32.31758499145508,42.615501403808594,43.20735168457031,138.62269592285156,58.3431396484375,2.609384059906006,205.00926208496094,17.433332443237305,175540000,67688000.0,37366000.0,20592800.0,49219700,1119688000.0,89002100,97462500.0
2017-03-20,32.65693664550781,42.8484992980957,42.9864501953125,138.72181701660156,58.39712142944336,2.6925339698791504,204.7843780517578,17.461332321166992,86168000,45654000.0,30844000.0,12099500.0,14598100,748568000.0,52537000,54214500.0
2017-03-21,32.2829475402832,42.15999984741211,42.10633087158203,137.3042449951172,57.74955368041992,2.605448007583618,202.1551055908203,16.711999893188477,158119600,87658000.0,50760000.0,29894800.0,26640500,913484000.0,131809300,103629000.0
2017-03-22,32.647701263427734,42.40299987792969,42.0894889831543,138.37484741210938,58.48705291748047,2.658585786819458,202.63075256347656,17.000667572021484,103440800,53174000.0,27334000.0,17055400.0,20680000,616764000.0,97569200,60889500.0
2017-03-23,32.53227996826172,42.36899948120117,41.58677673339844,138.3153839111328,58.3431396484375,2.63447642326355,202.41456604003906,16.985332489013672,81385200,39060000.0,65754000.0,13022800.0,19269200,533940000.0,100410300,49803000.0
2017-03-24,32.46764373779297,42.28049850463867,41.363399505615234,139.1183319091797,58.442081451416016,2.643824577331543,202.2675323486328,17.54400062561035,89582400,42766000.0,42114000.0,16664700.0,22617100,439500000.0,112504900,84709500.0
2017-03-27,32.523040771484375,42.340999603271484,41.530303955078125,139.0985107421875,58.55000686645508,2.6630136966705322,202.05992126464844,18.014667510986328,94300400,55116000.0,38692000.0,12800500.0,18614700,506644000.0,87454500,93462000.0
2017-03-28,33.1971435546875,42.79999923706055,41.635311126708984,140.52593994140625,58.720882415771484,2.6492369174957275,203.53030395507812,18.496667861938477,133499200,60832000.0,30384000.0,14679400.0,20080400,432444000.0,93483900,119814000.0
2017-03-29,33.27102279663086,43.715999603271484,42.092952728271484,141.40818786621094,58.88277053833008,2.6406261920928955,203.7205352783203,18.492000579833984,116760000,89716000.0,29146000.0,16527600.0,13618400,349992000.0,61950400,55143000.0
2017-03-30,33.22714614868164,43.81700134277344,42.073638916015625,141.17030334472656,59.098628997802734,2.691303253173828,204.36927795410156,18.527999877929688,84829200,55254000.0,18988000.0,12404000.0,15122800,525532000.0,56737900,62226000.0
2017-03-31,33.164825439453125,44.32699966430664,41.99043273925781,140.8134307861328,59.23355484008789,2.679741382598877,203.89356994628906,18.553333282470703,78646800,79152000.0,28820000.0,11478300.0,21040300,440808000.0,73733100,49419000.0
2017-04-03,33.1740608215332,44.57550048828125,42.4337158203125,141.04144287109375,58.95473861694336,2.666210651397705,203.53887939453125,19.90133285522461,79942800,68446000.0,39388000.0,13564000.0,20400900,445232000.0,85546500,208329000.0
2017-04-04,33.42107009887695,45.34149932861328,42.226688385009766,140.4962158203125,59.11662292480469,2.4792466163635254,203.6686553955078,20.246667861938477,79565600,99694000.0,26970000.0,12948600.0,12997400,1271280000.0,56466200,152019000.0
2017-04-05,33.2479248046875,45.4640007019043,42.045406341552734,140.6151885986328,58.96372604370117,2.4607961177825928,203.06321716308594,19.666667938232422,110871600,150168000.0,37104000.0,17158100.0,21448600,747048000.0,108800600,118213500.0
2017-04-06,33.164825439453125,44.91400146484375,41.8567008972168,139.9410858154297,59.11662292480469,2.478754758834839,203.6340789794922,19.913333892822266,84596000,126882000.0,30672000.0,15103400.0,18103500,635120000.0,69135800,82809000.0
2017-04-07,33.09093475341797,44.74399948120117,41.70811462402344,139.55447387695312,59.07164764404297,2.4681763648986816,203.42648315429688,20.16933250427246,66688800,74218000.0,22232000.0,11818300.0,14108500,429068000.0,74412300,68694000.0
2017-04-10,33.05170822143555,45.35200119018555,41.68830490112305,139.81222534179688,58.93675994873047,2.4051990509033203,203.547607421875,20.826000213623047,75733600,63686000.0,20924000.0,9039400.0,17952700,756332000.0,67615300,114967500.0
2017-04-11,32.696189880371094,45.11800003051758,41.59817123413086,138.7019805908203,58.891780853271484,2.4138095378875732,203.30538940429688,20.58066749572754,121517600,60254000.0,19486000.0,16638100.0,18791500,618148000.0,88045300,85869000.0
2017-04-12,32.73543167114258,44.811500549316406,41.676422119140625,138.36495971679688,58.66693878173828,2.393882989883423,202.41456604003906,19.78933334350586,81400000,49122000.0,22716000.0,11612500.0,17108500,414092000.0,81864400,90760500.0
2017-04-13,32.562286376953125,44.23350143432617,41.61301803588867,138.1765899658203,58.415096282958984,2.3491101264953613,201.09988403320312,20.266666412353516,71291600,63492000.0,21474000.0,10965600.0,17896500,506892000.0,92880400,139269000.0
2017-04-17,32.742347717285156,45.0994987487793,42.35347366333008,140.18890380859375,58.891780853271484,2.4411160945892334,202.881591796875,20.09600067138672,66328400,57094000.0,20982000.0,11519700.0,16689300,497292000.0,68405400,62080500.0
2017-04-18,32.59690856933594,45.18899917602539,42.29701232910156,139.73292541503906,58.81084060668945,2.442592144012451,202.2761688232422,20.016666412353516,58790000,59984000.0,18724000.0,14807500.0,15155600,370116000.0,83225800,45535500.0
2017-04-19,32.47686004638672,44.959999084472656,42.42183303833008,141.03152465820312,58.49605941772461,2.452186346054077,201.904296875,20.368000030517578,69313600,57404000.0,21606000.0,15563900.0,26992800,380828000.0,68699900,58470000.0
2017-04-20,32.88317108154297,45.10300064086914,42.5986442565918,142.54823303222656,58.90975570678711,2.491055488586426,203.547607421875,20.167333602905273,93278400,56288000.0,23776000.0,15968200.0,22299500,404016000.0,92572200,92241000.0
2017-04-21,32.84392547607422,44.92649841308594,42.54267120361328,142.42922973632812,59.719215393066406,2.5013883113861084,202.89891052246094,20.373332977294922,69283600,48410000.0,23458000.0,12382000.0,32522600,341896000.0,110389800,67647000.0
2017-04-24,33.160194396972656,45.37049865722656,43.53226089477539,144.20367431640625,60.73550796508789,2.53262996673584,205.1303253173828,20.53533363342285,68537200,62458000.0,33930000.0,14407200.0,29770000,371820000.0,119209900,76252500.0
2017-04-25,33.365665435791016,45.38100051879883,44.02308654785156,145.2147979736328,61.086273193359375,2.5766654014587402,206.3238983154297,20.91933250427246,75486000,67612000.0,40760000.0,17767500.0,30242700,388440000.0,76698300,101065500.0
2017-04-26,33.16944122314453,45.464500427246094,44.0379524230957,145.28419494628906,61.00532150268555,2.558952808380127,206.1941375732422,20.67799949645996,80164800,52178000.0,26466000.0,12395000.0,26190800,327004000.0,84702500,70425000.0
2017-04-27,33.19482421875,45.91899871826172,44.1518669128418,146.4142608642578,61.40104293823242,2.5988056659698486,206.36717224121094,20.575332641601562,56985200,106110000.0,46846000.0,11275100.0,34971000,319700000.0,57410300,52029000.0
2017-04-28,33.162513732910156,46.2495002746582,45.7902717590332,148.94204711914062,61.57195281982422,2.565840482711792,205.9174346923828,20.937999725341797,83441600,147294000.0,76918000.0,30652200.0,39548800,348248000.0,63532800,67582500.0
2017-05-01,33.83892822265625,47.4114990234375,46.20136642456055,151.1328125,62.426353454589844,2.623406410217285,206.43637084960938,21.52199935913086,134411600,109330000.0,46556000.0,25218300.0,31954400,307732000.0,66882500,132444000.0
2017-05-02,34.0536003112793,47.34700012207031,46.412845611572266,151.45004272460938,62.32743835449219,2.545668601989746,206.51419067382812,21.25933265686035,181408800,76976000.0,35026000.0,21870400.0,23906100,629972000.0,57375700,80742000.0
2017-05-03,33.94972610473633,47.05149841308594,46.97549819946289,150.47857666015625,62.12956237792969,2.564610004425049,206.26339721679688,20.73466682434082,182788000,71654000.0,36496000.0,29782500.0,28928000,336904000.0,73137700,107001000.0
2017-05-04,33.827388763427734,46.87649917602539,47.28603744506836,149.53684997558594,61.88673400878906,2.5547702312469482,206.5055389404297,19.69733238220215,93487600,48368000.0,38752000.0,36225500.0,21749400,209788000.0,61462700,212280000.0
2017-05-05,34.38835906982422,46.70750045776367,47.06613540649414,148.93214416503906,62.0576057434082,2.55501651763916,207.3185272216797,20.55666732788086,109310800,57328000.0,32310000.0,17148500.0,19128800,228428000.0,62001300,122659500.0
2017-05-08,35.32333755493164,47.45199966430664,47.482669830322266,149.74501037597656,62.003639221191406,2.528202772140503,207.28399658203125,20.479333877563477,195009600,68314000.0,37534000.0,15827500.0,18566100,365240000.0,48385700,105097500.0
2017-05-09,35.54956817626953,47.64099884033203,47.38459777832031,149.17002868652344,62.093589782714844,2.5323846340179443,207.09368896484375,21.417333602905273,156521600,65242000.0,33758000.0,17453900.0,22858400,847672000.0,51363200,145147500.0
2017-05-10,35.381038665771484,47.4474983215332,47.29198455810547,148.98171997070312,62.33641052246094,2.98380446434021,207.46563720703125,21.681333541870117,103222800,41930000.0,22920000.0,12080700.0,17977800,2129096000.0,54293800,86124000.0
2017-05-11,35.687034606933594,47.38100051879883,47.343990325927734,148.73385620117188,61.57195281982422,3.1119744777679443,207.0417938232422,21.540000915527344,109020400,43882000.0,20622000.0,11841900.0,28789400,1939792000.0,62358300,71307000.0
2017-05-12,36.185428619384766,48.067501068115234,47.30684280395508,149.02134704589844,61.4999885559082,3.1461682319641113,206.6958465576172,21.65399932861328,130108000,72518000.0,24298000.0,9598200.0,18714100,962620000.0,53912700,61824000.0
2017-05-15,36.092689514160156,47.89849853515625,47.5089225769043,148.882568359375,61.54497528076172,3.304103374481201,207.83755493164062,21.058666229248047,104038800,85412000.0,26754000.0,15064700.0,31530300,1087540000.0,61918900,114330000.0
2017-05-16,36.03938674926758,48.30350112915039,47.775875091552734,148.47613525390625,62.78418731689453,3.365604877471924,207.64724731445312,21.134000778198242,80194000,62522000.0,22030000.0,14550800.0,34956000,1120700000.0,51241800,62287500.0
2017-05-17,34.829345703125,47.237998962402344,46.664459228515625,143.5890655517578,61.038414001464844,3.1419858932495117,203.96275329589844,20.407333374023438,203070800,102912000.0,48982000.0,28300100.0,30548800,1271368000.0,172174100,100678500.0
2017-05-18,35.360172271728516,47.92449951171875,47.077030181884766,146.37461853027344,61.246463775634766,3.273599863052368,204.7843780517578,20.87066650390625,134272800,78786000.0,36010000.0,23031600.0,25201300,1156032000.0,107047700,84807000.0
2017-05-19,35.48072052001953,47.992000579833984,47.282569885253906,146.7711181640625,61.228397369384766,3.349203109741211,206.11634826660156,20.722000122070312,107843200,79442000.0,27206000.0,16187900.0,26961100,1018372000.0,115011400,70314000.0
2017-05-22,35.6963005065918,48.53350067138672,47.74913787841797,146.94956970214844,61.915836334228516,3.4206204414367676,207.16287231445312,20.690000534057617,91865600,52844000.0,27748000.0,12586700.0,16237600,836608000.0,61010600,64938000.0
2017-05-23,35.65226745605469,48.57699966430664,48.07007598876953,146.7810516357422,62.12388610839844,3.3745687007904053,207.62127685546875,20.257333755493164,79675600,48312000.0,30908000.0,12817800.0,15425800,681248000.0,48341700,64776000.0
2017-05-24,35.54562759399414,49.01750183105469,48.41975402832031,148.73385620117188,62.20527648925781,3.4124932289123535,208.1056365966797,20.681333541870117,76712000,48920000.0,22660000.0,17862400.0,14593900,815996000.0,46927700,75499500.0
2017-05-25,35.668487548828125,49.66899871826172,49.12553787231445,150.63714599609375,62.97415542602539,3.4048590660095215,209.10028076171875,21.121999740600586,76942400,96440000.0,39082000.0,19891400.0,21854100,608228000.0,64071700,75210000.0
2017-05-26,35.608211517333984,49.78900146484375,49.195377349853516,150.80567932128906,63.281673431396484,3.4930219650268555,209.05706787109375,21.676000595092773,87710400,69384000.0,32728000.0,14996200.0,19827900,779140000.0,46629900,117033000.0
2017-05-30,35.62211608886719,49.834999084472656,49.3390007019043,151.05349731445312,63.68874740600586,3.5676403045654297,208.8754119873047,22.34000015258789,80507600,65262000.0,30324000.0,13226000.0,17072800,989652000.0,35201900,116743500.0
2017-05-31,35.41117858886719,49.73099899291992,48.889286041259766,150.1415557861328,63.17313766479492,3.5548338890075684,208.82351684570312,22.733999252319336,97804800,78262000.0,34482000.0,18023900.0,30436400,887316000.0,91796000,149451000.0
2017-06-01,35.50853729248047,49.79750061035156,48.9487190246582,150.21092224121094,63.408294677734375,3.5550801753997803,210.484130859375,22.691333770751953,65616400,49096000.0,26128000.0,14530600.0,21603600,503340000.0,68962000,114120000.0
2017-06-02,36.034759521484375,50.33649826049805,49.33653259277344,152.27281188964844,64.90985870361328,3.5373494625091553,211.1846466064453,22.656667709350586,111082800,75046000.0,34710000.0,16854400.0,34770300,487456000.0,88666100,83853000.0
2017-06-05,35.682395935058594,50.56700134277344,49.72086715698242,152.29261779785156,65.38018798828125,3.6449666023254395,211.029052734375,23.154666900634766,101326800,54398000.0,27578000.0,12520400.0,33316800,817376000.0,44698800,101766000.0
2017-06-06,35.80292510986328,50.150001525878906,49.3642692565918,151.479736328125,65.59732055664062,3.628467321395874,210.3544464111328,23.523332595825195,106499600,66928000.0,31042000.0,13457100.0,31511100,758728000.0,50375400,166302000.0
2017-06-07,36.016197204589844,50.503501892089844,49.60299301147461,151.78704833984375,65.4797134399414,3.672302484512329,210.7436065673828,23.976667404174805,84278400,56460000.0,27482000.0,12066700.0,22301800,612612000.0,54144300,140970000.0
2017-06-08,35.9281005859375,50.51350021362305,49.740684509277344,153.36322021484375,65.08171844482422,3.9387614727020264,210.84739685058594,24.666667938232422,85003200,55358000.0,33758000.0,17799400.0,24588300,1161744000.0,65950700,135922500.0
2017-06-09,34.534950256347656,48.91550064086914,48.04878234863281,148.2977294921875,63.6072998046875,3.6841225624084473,210.5273895263672,23.821332931518555,259530800,152954000.0,72958000.0,35577700.0,49187400,3692928000.0,132256400,258921000.0
2017-06-12,33.709693908691406,48.24549865722656,47.63719940185547,147.14781188964844,63.11887741088867,3.69323468208313,210.484130859375,23.93400001525879,289229200,188944000.0,84042000.0,33170200.0,47761700,1697532000.0,86108100,157765500.0
2017-06-13,33.98090744018555,49.03950119018555,48.06760787963867,149.36830139160156,63.905784606933594,3.7284510135650635,211.5133819580078,25.06333351135254,136661600,91600000.0,40108000.0,20483400.0,25258600,1672504000.0,60067000,177118500.0
2017-06-14,33.64942169189453,48.82350158691406,47.94031524658203,148.94204711914062,63.56206130981445,3.7363314628601074,211.24530029296875,25.37733268737793,126124800,79498000.0,30110000.0,20808800.0,25510700,1184640000.0,78602300,192276000.0
2017-06-15,33.447750091552734,48.208499908447266,47.556461334228516,148.4959716796875,63.227413177490234,3.7523391246795654,210.8387908935547,25.022666931152344,128661600,107478000.0,48552000.0,18994200.0,26068700,963824000.0,66464900,156397500.0
2017-06-16,32.9795036315918,49.385501861572266,47.47920608520508,149.32864379882812,63.317848205566406,3.7338693141937256,210.8848114013672,24.760000228881836,201444400,229454000.0,51184000.0,22882400.0,48345100,924960000.0,84553100,100965000.0
2017-06-19,33.9229621887207,49.75849914550781,48.3013801574707,151.5392608642578,64.10482025146484,3.874239683151245,212.6404571533203,24.65333366394043,130165600,100868000.0,29376000.0,19026500.0,23798300,778176000.0,65123800,98239500.0
2017-06-20,33.614646911621094,49.62950134277344,47.99281692504883,150.92465209960938,63.2364387512207,3.8685755729675293,211.2063751220703,24.81599998474121,99600400,81536000.0,25946000.0,14743900.0,21512200,1095444000.0,56906400,111580500.0
2017-06-21,33.813995361328125,50.11149978637695,48.468292236328125,152.5701904296875,63.56206130981445,3.9271867275238037,211.1542205810547,25.093332290649414,85063200,58450000.0,23232000.0,15039800.0,19891100,682652000.0,55977600,73848000.0
2017-06-22,33.75837707519531,50.064998626708984,48.370723724365234,152.0646209716797,63.553035736083984,3.900096893310547,211.05860900878906,25.507333755493164,76425200,45068000.0,20190000.0,13005500.0,22965700,469132000.0,44148100,112947000.0
2017-06-23,33.9090576171875,50.1870002746582,48.839759826660156,153.72010803222656,64.41233825683594,3.7882933616638184,211.31072998046875,25.56333351135254,141757600,57582000.0,31280000.0,18027000.0,27617300,1088588000.0,66986800,96687000.0
2017-06-26,33.80242156982422,49.69900131225586,48.1463508605957,152.2529754638672,63.79727554321289,3.7469208240509033,211.4497528076172,25.166000366210938,102769600,67724000.0,30358000.0,18049700.0,19607000,1063960000.0,56700500,99061500.0
2017-06-27,33.31793975830078,48.8390007019043,46.95766067504883,149.26919555664062,62.603294372558594,3.6097512245178223,209.74623107910156,24.158000946044922,99047600,75648000.0,48872000.0,19360800.0,25215100,999492000.0,82247700,104946000.0
2017-06-28,33.80473709106445,49.51649856567383,47.59757614135742,151.9060516357422,63.136966705322266,3.737070083618164,211.62355041503906,24.749332427978516,88329600,74752000.0,54912000.0,16719100.0,25806200,994948000.0,70042600,94537500.0
2017-06-29,33.306358337402344,48.79650115966797,46.449005126953125,149.7251739501953,61.952022552490234,3.6122140884399414,209.76364135742188,24.049999237060547,125997600,86060000.0,64134000.0,23973500.0,28918700,1064424000.0,106949700,123315000.0
2017-06-30,33.385162353515625,48.400001525878906,46.045841217041016,149.66566467285156,62.34999465942383,3.5600063800811768,210.1547393798828,24.107332229614258,92096400,67806000.0,45754000.0,17666000.0,24161100,731060000.0,86820700,87727500.0
2017-07-03,33.26462173461914,47.68299865722656,45.53965759277344,147.13790893554688,61.66255187988281,3.431208610534668,210.51109313964844,23.507999420166016,57111200,58182000.0,33896000.0,13862700.0,16165500,709072000.0,39153800,94581000.0
2017-07-05,33.40138626098633,48.56999969482422,46.173622131347656,149.0312957763672,62.48569869995117,3.5228192806243896,210.99781799316406,21.805999755859375,86278400,73060000.0,41882000.0,14334300.0,21176300,820188000.0,54427600,255700500.0
2017-07-06,33.08613967895508,48.25699996948242,45.94727325439453,147.52452087402344,62.02436065673828,3.5334088802337646,209.06834411621094,20.588666915893555,96515200,65192000.0,40298000.0,14951800.0,21117600,746284000.0,65400800,289867500.0
2017-07-07,33.4222526550293,48.9379997253418,46.59709167480469,150.1217041015625,62.82940673828125,3.6141841411590576,210.42420959472656,20.881332397460938,76806800,52868000.0,33266000.0,13615900.0,16878300,654972000.0,57972300,212653500.0
2017-07-10,33.626243591308594,49.82350158691406,47.10179901123047,152.16375732421875,63.29977035522461,3.7850918769836426,210.65016174316406,21.06999969482422,84362400,70926000.0,29030000.0,13378700.0,15014500,958492000.0,36663300,207313500.0
2017-07-11,33.735198974609375,49.70650100708008,47.22709655761719,153.91836547851562,63.308815002441406,3.838778495788574,210.4937286376953,21.814666748046875,79127200,59654000.0,29224000.0,13667700.0,17460000,757956000.0,50354600,173391000.0
2017-07-12,33.78387451171875,50.32550048828125,47.92694091796875,157.51673889160156,64.35808563232422,4.002053260803223,212.07554626464844,21.968000411987305,99538000,72172000.0,32042000.0,22739400.0,17750900,1145208000.0,59610400,155191500.0
2017-07-13,34.254451751708984,50.03150177001953,47.98588180541992,157.87359619140625,64.91890716552734,3.9557530879974365,212.4318084716797,21.560667037963867,100797600,57616000.0,30492000.0,13929200.0,20269800,1369132000.0,39471600,128917500.0
2017-07-14,34.54884719848633,50.09049987792969,48.38508605957031,158.5774688720703,65.83246612548828,4.062140941619873,213.42263793945312,21.851999282836914,80528400,42050000.0,21592000.0,16371200.0,25868100,941948000.0,60262700,84378000.0
2017-07-17,34.66939926147461,50.50199890136719,48.33803176879883,158.3395233154297,66.34807586669922,4.044902324676514,213.3965606689453,21.30466651916504,95174000,74252000.0,33210000.0,12858800.0,21803900,930792000.0,33531900,148153500.0
2017-07-18,34.78992462158203,51.22249984741211,48.882347106933594,161.4422607421875,66.30281829833984,4.087011814117432,213.50955200195312,21.882667541503906,71475200,80152000.0,28266000.0,23722900.0,26435300,776640000.0,42742500,95605500.0
2017-07-19,35.0078239440918,51.34349822998047,49.17060089111328,162.71115112304688,66.80940246582031,4.065832614898682,214.66549682617188,21.68400001525879,83692000,59280000.0,28242000.0,26273600.0,22416200,687044000.0,51034300,95355000.0
2017-07-20,34.85019302368164,51.435001373291016,49.141876220703125,163.09774780273438,67.13504791259766,4.124936580657959,214.7611083984375,21.994667053222656,68974800,61950000.0,28368000.0,18523100.0,42361000,699596000.0,47135200,77493000.0
2017-07-21,34.83396911621094,51.28350067138672,49.223594665527344,162.99862670898438,66.74608612060547,4.139713287353516,214.56988525390625,21.893333435058594,105010400,54692000.0,29266000.0,14744000.0,46717100,648332000.0,82340800,73524000.0
2017-07-24,35.2558708190918,51.9474983215332,49.44499588012695,164.55494689941406,66.57421112060547,4.091690540313721,214.5177764892578,22.834667205810547,85972800,65760000.0,79690000.0,17367000.0,21394800,652524000.0,46622300,129556500.0
2017-07-25,35.40653610229492,51.993499755859375,47.99479293823242,163.84120178222656,67.1078872680664,4.0719895362854,215.0392303466797,22.639999389648438,75415600,48952000.0,118672000.0,15383200.0,22018700,496556000.0,54915600,104838000.0
2017-07-26,35.57344055175781,52.63999938964844,47.810543060302734,164.1683807373047,66.98127746582031,4.119024276733398,215.04794311523438,22.92333221435547,63124000,58426000.0,44432000.0,35236900.0,16252200,640404000.0,47575400,72312000.0
2017-07-27,34.90119552612305,52.29999923706055,47.176578521728516,168.956298828125,66.17621612548828,3.9830901622772217,214.84803771972656,22.297332763671875,129905200,219834000.0,74358000.0,68910700.0,36844200,782856000.0,70766600,124536000.0
2017-07-28,34.65547180175781,51.00199890136719,47.46483612060547,170.94882202148438,66.06767272949219,4.048348426818848,214.59597778320312,22.33799934387207,68854800,154188000.0,36276000.0,24557600.0,18306700,513348000.0,50088400,73206000.0
2017-07-31,34.47697448730469,49.388999938964844,46.82938766479492,167.7766571044922,65.76011657714844,4.002053260803223,214.47434997558594,21.564666748046875,79383600,147042000.0,45670000.0,25478900.0,23600100,559672000.0,65838700,128026500.0
2017-08-01,34.78297805786133,49.80950164794922,46.88188552856445,168.38136291503906,65.65156555175781,4.050810813903809,214.95236206054688,21.30466651916504,141474400,91452000.0,28052000.0,14385000.0,22132300,431384000.0,55050400,124546500.0
2017-08-02,36.42649459838867,49.794498443603516,46.93537902832031,167.8262176513672,65.36212158203125,4.048348426818848,215.0565948486328,21.72599983215332,279747200,81400000.0,40788000.0,17433800.0,26499200,478444000.0,47211200,196372500.0
2017-08-03,36.06255340576172,49.34600067138672,46.57183837890625,167.12240600585938,65.26263427734375,4.099819183349609,214.6394805908203,23.139333724975586,108389200,65116000.0,22478000.0,10793800.0,18214400,442420000.0,40856000,203025000.0
2017-08-04,36.25263595581055,49.37900161743164,46.84375,168.14344787597656,65.74202728271484,4.117796421051025,215.03053283691406,23.79400062561035,82239600,54606000.0,25092000.0,10777700.0,22579000,589096000.0,60191800,139033500.0
2017-08-07,36.81362533569336,49.61349868774414,46.841766357421875,170.48291015625,65.4887466430664,4.244375228881836,215.4303436279297,23.67799949645996,87481200,53532000.0,28916000.0,12787800.0,18705700,717412000.0,31995000,94867500.0
2017-08-08,37.108028411865234,49.492000579833984,46.76451110839844,169.73941040039062,65.841552734375,4.193892478942871,214.90016174316406,24.347999572753906,144823600,58056000.0,30102000.0,14393500.0,22044600,755336000.0,61719400,111747000.0
2017-08-09,37.33518600463867,49.10049819946289,46.560935974121094,169.6898651123047,65.55207061767578,4.238466262817383,214.89146423339844,24.235332489013672,104526000,71394000.0,28018000.0,10815000.0,22213400,530784000.0,62632600,103381500.0
2017-08-10,36.14598083496094,47.84600067138672,45.74420928955078,165.94271850585938,64.59327697753906,4.0569682121276855,211.8582000732422,23.69333267211914,163217200,113682000.0,54148000.0,20832700.0,24734500,1328088000.0,120479500,106393500.0
2017-08-11,36.64866256713867,48.39950180053711,46.06615447998047,166.61685180664062,65.5792007446289,3.840747356414795,212.1710968017578,23.857999801635742,105028400,69360000.0,32334000.0,13791200.0,21443700,1497196000.0,74869900,65487000.0
2017-08-14,37.20022964477539,49.165000915527344,46.50398254394531,169.2635955810547,66.56517028808594,4.14709997177124,214.27439880371094,24.253332138061523,88490800,63458000.0,23012000.0,12954200.0,20096600,1279020000.0,73291900,67788000.0
2017-08-15,37.60748291015625,49.137001037597656,46.46187973022461,169.5114288330078,66.58334350585938,4.112131595611572,214.24835205078125,24.155332565307617,117862000,50986000.0,22130000.0,8729200.0,19181400,764532000.0,55242700,46276500.0
2017-08-16,37.45620346069336,48.909000396728516,46.76845932006836,168.52015686035156,66.9743881225586,4.067065238952637,214.62203979492188,24.194000244140625,110686400,62642000.0,26906000.0,15779900.0,18150400,596632000.0,56715500,51207000.0
2017-08-17,36.73711013793945,48.028499603271484,45.945796966552734,165.45704650878906,65.83769989013672,3.9764397144317627,211.27587890625,23.461332321166992,111762400,70248000.0,33914000.0,17216000.0,22977500,525444000.0,128490400,75415500.0
2017-08-18,36.65332794189453,47.923500061035156,45.87248611450195,165.95269775390625,65.91952514648438,3.9771790504455566,210.9456787109375,23.163999557495117,109712400,65696000.0,26748000.0,15093600.0,18761500,601204000.0,136748000,81123000.0
2017-08-21,36.585838317871094,47.66450119018555,45.609493255615234,166.31944274902344,65.6103515625,3.9193062782287598,211.11074829101562,22.52400016784668,105474000,63290000.0,26024000.0,11907500.0,17734800,623672000.0,65469700,97431000.0
2017-08-22,37.18392562866211,48.345001220703125,46.57678985595703,168.16323852539062,66.52880096435547,4.0065598487854,213.31834411621094,22.75666618347168,86418400,55000000.0,35502000.0,11391000.0,14343700,450456000.0,63140100,64830000.0
2017-08-23,37.23048782348633,47.900001525878906,46.68476104736328,167.24134826660156,66.12867736816406,4.086667060852051,212.55352783203125,23.51799964904785,77596400,53366000.0,22690000.0,9856500.0,13766500,579520000.0,50203800,74317500.0
2017-08-24,37.06523513793945,47.622501373291016,46.40294647216797,166.27980041503906,66.10138702392578,4.0716328620910645,212.05813598632812,23.528667449951172,79275600,103914000.0,25892000.0,14030400.0,17098300,469700000.0,50741700,68770500.0
2017-08-25,37.202545166015625,47.26300048828125,46.086456298828125,164.87216186523438,66.2196044921875,4.0376176834106445,212.55352783203125,23.203332901000977,101920400,66496000.0,23746000.0,12614500.0,12794300,357200000.0,64445900,52260000.0
2017-08-28,37.57723617553711,47.30099868774414,45.969078063964844,165.78414916992188,66.22871398925781,4.066209316253662,212.562255859375,23.04400062561035,103864000,51934000.0,20988000.0,8553700.0,14569700,389496000.0,40565600,56460000.0
2017-08-29,37.91233825683594,47.702999114990234,46.34648895263672,166.58709716796875,66.42875671386719,4.0595550537109375,212.80560302734375,23.157333374023438,118067600,57486000.0,23172000.0,11121000.0,11478400,324096000.0,51135700,61105500.0
2017-08-30,38.014732360839844,48.37950134277344,46.73676681518555,168.44082641601562,67.30176544189453,4.083707809448242,213.81373596191406,23.545333862304688,109078400,58092000.0,22406000.0,11138300.0,16897800,384400000.0,62030800,51193500.0
2017-08-31,38.16600799560547,49.029998779296875,47.311790466308594,170.4729766845703,67.99285125732422,4.176385879516602,215.10008239746094,23.726667404174805,107140400,66630000.0,33866000.0,17226500.0,27652800,612684000.0,103803900,61092000.0
2017-09-01,38.17763900756836,48.912498474121094,47.150821685791016,170.52256774902344,67.23807525634766,4.201526165008545,215.40426635742188,23.69333267211914,66364400,50718000.0,20858000.0,11677600.0,21736200,445432000.0,62007000,45742500.0
2017-09-05,37.71919631958008,48.26350021362305,46.630279541015625,169.23387145996094,66.93803405761719,4.089377403259277,213.85720825195312,23.305999755859375,117874000,57664000.0,29148000.0,13210900.0,21556000,695364000.0,91398800,57526500.0
2017-09-06,37.67961502075195,48.38999938964844,46.65702819824219,170.59194946289062,66.74703216552734,4.086914539337158,214.58731079101562,22.968666076660156,86606800,42598000.0,27830000.0,13906300.0,16535800,397672000.0,57916900,61371000.0
2017-09-07,37.528350830078125,48.9734992980957,47.04681396484375,171.7022247314453,67.60181427001953,4.105894088745117,214.5612030029297,23.374000549316406,87714000,51336000.0,22332000.0,18049500.0,17471200,352868000.0,58034700,63588000.0
2017-09-08,36.91630172729492,48.29499816894531,46.626808166503906,169.46185302734375,67.27449035644531,4.034659385681152,214.30917358398438,22.893333435058594,114446000,52106000.0,19998000.0,10998500.0,14703800,498856000.0,63832800,48952500.0
2017-09-11,37.58420944213867,48.89799880981445,46.71992492675781,171.99957275390625,67.98377227783203,4.165541172027588,216.594970703125,24.246000289916992,126323200,43734000.0,26748000.0,12372000.0,17910400,567444000.0,71364800,115006500.0
2017-09-12,37.435264587402344,49.12900161743164,46.886348724365234,171.45437622070312,67.9110107421875,4.180577278137207,217.32505798339844,24.183332443237305,286856000,49622000.0,25696000.0,11186300.0,14394900,411488000.0,56896000,89593500.0
2017-09-13,37.15366744995117,49.97999954223633,47.07405090332031,171.54360961914062,68.39298248291016,4.199311256408691,217.42935180664062,24.415332794189453,179629600,67494000.0,21908000.0,9119300.0,13380800,580960000.0,59228000,62778000.0
2017-09-14,36.8348503112793,49.61050033569336,46.563419342041016,169.47177124023438,67.99285125732422,4.175400733947754,217.3597412109375,25.176000595092773,95042800,78266000.0,28548000.0,15615700.0,15733900,513712000.0,95446300,108037500.0
2017-09-15,37.20719909667969,49.339500427246094,46.32369613647461,170.14585876464844,68.4839096069336,4.439383506774902,217.6524200439453,25.320667266845703,196458400,75204000.0,39886000.0,15660500.0,38578400,1364792000.0,95432400,81307500.0
2017-09-18,36.92561721801758,48.70949935913086,46.04930877685547,168.530029296875,68.34754180908203,4.622765064239502,218.11529541015625,25.666667938232422,113077600,68226000.0,29474000.0,12954000.0,23307000,1684460000.0,46235200,107820000.0
2017-09-19,36.9395637512207,48.49300003051758,46.401458740234375,171.01820373535156,68.60212707519531,4.617835521697998,218.33372497558594,25.00666618347168,83242400,53422000.0,24854000.0,13168600.0,16093300,874280000.0,47108100,96778500.0
2017-09-20,36.32052993774414,48.660499572753906,46.930423736572266,170.67123413085938,68.14744567871094,4.5806145668029785,218.41226196289062,24.92733383178711,211805600,57776000.0,40080000.0,12264100.0,21587900,724920000.0,59574100,73786500.0
2017-09-21,35.696842193603516,48.23249816894531,46.93092346191406,169.62046813964844,67.48362731933594,4.4554057121276855,217.82711791992188,24.43199920654297,150046800,46752000.0,27414000.0,11161400.0,19186100,1075600000.0,48211400,69273000.0
2017-09-22,35.34775924682617,47.755001068115234,46.718441009521484,169.05543518066406,67.66551208496094,4.412023544311523,217.8707733154297,23.4060001373291,186581600,52836000.0,21496000.0,12097100.0,14111400,491232000.0,51214000,122391000.0
2017-09-25,35.03593063354492,46.989498138427734,46.273677825927734,161.45220947265625,66.61974334716797,4.214837551116943,217.42529296875,22.999332427978516,177549200,102480000.0,37468000.0,41251600.0,24149200,874580000.0,57064400,114088500.0
2017-09-26,35.638668060302734,46.93000030517578,46.429683685302734,162.780517578125,66.61974334716797,4.238500118255615,217.55633544921875,23.016666412353516,146640000,71296000.0,33454000.0,23363300.0,18019600,1125620000.0,54082000,107344500.0
2017-09-27,35.892333984375,47.54349899291992,47.5426025390625,166.22032165527344,67.15625,4.331425189971924,218.40359497070312,22.731332778930664,102016800,62978000.0,46692000.0,19242500.0,19565100,713720000.0,81001400,90904500.0
2017-09-28,35.67124938964844,47.81999969482422,47.78579330444336,167.2611846923828,67.1744155883789,4.330192565917969,218.6656036376953,22.639999389648438,88022000,50452000.0,28018000.0,12178700.0,10883800,435244000.0,44778800,79794000.0
2017-09-29,35.86674118041992,48.067501068115234,48.227088928222656,169.382568359375,67.73822021484375,4.4063544273376465,219.43426513671875,22.739999771118164,105199200,50876000.0,40622000.0,15340400.0,17079100,619092000.0,85578000,76606500.0
2017-10-02,35.79457092285156,47.95949935913086,47.91753005981445,167.99473571777344,67.84736633300781,4.412023544311523,220.3862762451172,22.768667221069336,74795200,48858000.0,30782000.0,13392300.0,15304800,503480000.0,59023000,79302000.0
2017-10-03,35.950504302978516,47.85499954223633,48.145851135253906,168.48046875,67.52911376953125,4.421142101287842,220.8579559326172,23.209333419799805,64921200,53332000.0,21666000.0,8190300.0,12190400,390332000.0,66810200,152304000.0
2017-10-04,35.71780014038086,48.272499084472656,47.883358001708984,166.95387268066406,67.92008972167969,4.458114147186279,221.1199951171875,23.667333602905273,80655200,50548000.0,21156000.0,12127900.0,13317700,427848000.0,55953600,122452500.0
2017-10-05,36.16229248046875,49.04249954223633,48.79518127441406,169.7493438720703,69.0840835571289,4.45565128326416,222.4300994873047,23.68866729736328,85135200,64584000.0,35618000.0,14580600.0,21195300,437364000.0,63522800,62575500.0
2017-10-06,36.14134979248047,49.479000091552734,49.21369552612305,170.730712890625,69.11138153076172,4.468713760375977,222.17686462402344,23.79199981689453,69630400,75642000.0,31060000.0,13124500.0,13959800,318800000.0,80646000,64462500.0
2017-10-09,36.26701354980469,49.54949951171875,49.147823333740234,170.9983673095703,69.37510681152344,4.569523811340332,221.8099822998047,22.862667083740234,65051600,58772000.0,25910000.0,14570400.0,11386500,563492000.0,35803100,112405500.0
2017-10-10,36.28097152709961,49.36000061035156,48.9244499206543,170.09628295898438,69.37510681152344,4.656780242919922,222.3951873779297,23.70599937438965,62468000,61698000.0,23268000.0,11341100.0,13944500,974876000.0,43057400,104677500.0
2017-10-11,36.4322395324707,49.75,49.80853271484375,171.23626708984375,69.4932861328125,4.706323146820068,222.74462890625,23.639999389648438,67622400,46742000.0,36300000.0,11283700.0,15388900,529508000.0,47674300,67512000.0
2017-10-12,36.304237365722656,50.04650115966797,49.80853271484375,171.0479278564453,70.1298599243164,4.708541393280029,222.4126434326172,23.711999893188477,64500400,81346000.0,30614000.0,10351000.0,16876500,528292000.0,47065100,61305000.0
2017-10-13,36.53464126586914,50.14699935913086,49.91848373413086,172.22756958007812,70.46630859375,4.796287536621094,222.6833953857422,23.704666137695312,65576800,48630000.0,26552000.0,13658300.0,15335700,628728000.0,54800400,53107500.0
2017-10-16,37.20719909667969,50.31700134277344,49.991790771484375,173.00079345703125,70.61181640625,4.8786139488220215,222.9803466796875,23.373332977294922,96486000,40178000.0,21420000.0,11498800.0,12380100,576640000.0,38221700,80632500.0
2017-10-17,37.34450149536133,50.45650100708008,50.073509216308594,174.5769500732422,70.5572509765625,4.874175548553467,223.1375732421875,23.71666717529297,75989200,46394000.0,20260000.0,15990100.0,16824000,478596000.0,31561000,49399500.0
2017-10-18,37.17927169799805,49.849998474121094,50.159698486328125,174.49765014648438,70.575439453125,4.869985580444336,223.35594177246094,23.976667404174805,65496800,49994000.0,25596000.0,12752400.0,13300700,567316000.0,40888300,74086500.0
2017-10-19,36.299598693847656,49.330501556396484,49.61982727050781,173.04042053222656,70.8482666015625,4.875409126281738,223.4171600341797,23.45400047302246,170336800,62164000.0,34284000.0,14048400.0,15092800,570772000.0,61903800,75927000.0
2017-10-20,36.362422943115234,49.14550018310547,49.779815673828125,173.45677185058594,71.66667938232422,4.8532257080078125,224.5700225830078,23.00666618347168,95896400,47302000.0,32120000.0,12602200.0,22866400,451620000.0,89176400,73956000.0
2017-10-23,36.34380340576172,48.314998626708984,48.8125114440918,169.77908325195312,71.68485260009766,4.8463239669799805,223.6965789794922,22.468000411987305,87937200,69882000.0,32786000.0,13852700.0,20627200,428696000.0,63915300,86209500.0
2017-10-24,36.56022644042969,48.79499816894531,48.958621978759766,170.3044891357422,71.71217346191406,4.897099018096924,224.0896759033203,22.48933219909668,71028800,54478000.0,28902000.0,12267900.0,17517200,407244000.0,66935900,67375500.0
2017-10-25,36.399662017822266,48.64550018310547,49.10572814941406,169.1149139404297,71.50300598144531,4.773366451263428,222.9803466796875,21.722667694091797,84828400,60662000.0,30574000.0,15868200.0,20410800,828160000.0,103715300,128911500.0
2017-10-26,36.63238525390625,48.621498107910156,49.10374069213867,169.1446533203125,71.62118530273438,4.823401927947998,223.26864624023438,21.744667053222656,68002000,112374000.0,47396000.0,11833100.0,32120700,322744000.0,69798000,75352500.0
2017-10-27,37.944908142089844,55.04750061035156,51.19633865356445,176.33152770996094,76.21348571777344,4.9754815101623535,225.09408569335938,21.391332626342773,177816800,331300000.0,103682000.0,30285300.0,71066700,572192000.0,85562500,104695500.0
2017-10-30,38.79899215698242,55.54249954223633,51.169593811035156,178.30421447753906,76.28624725341797,5.0242815017700195,224.255615234375,21.338666915893555,178803200,132262000.0,46804000.0,24353200.0,31756700,504056000.0,54285700,63816000.0
2017-10-31,39.33890914916992,55.263999938964844,51.16513442993164,178.49256896972656,75.64057922363281,5.097488880157471,224.60498046875,22.101999282836914,144187200,69540000.0,30326000.0,20174200.0,27086600,411908000.0,60304800,85084500.0
2017-11-01,38.83856201171875,55.183998107910156,51.63862228393555,181.06991577148438,75.64057922363281,5.107100963592529,224.90194702148438,21.405332565307617,134551200,75110000.0,43262000.0,40918300.0,22307400,502576000.0,54202700,126859500.0
2017-11-02,39.12248611450195,54.71099853515625,51.65694808959961,177.36248779296875,76.43170928955078,5.076045036315918,224.9893035888672,19.950666427612305,165573600,73698000.0,26694000.0,35529900.0,23992900,342308000.0,56449500,296871000.0
2017-11-03,40.14412307739258,55.58000183105469,52.004634857177734,177.36248779296875,76.5135726928711,5.143826961517334,225.7404327392578,20.4060001373291,237594400,75030000.0,27770000.0,17822100.0,17633500,353640000.0,59589700,133410000.0
2017-11-06,40.55137634277344,56.03300094604492,51.64258575439453,178.60159301757812,76.81366729736328,5.166996479034424,226.08981323242188,20.185333251953125,140105200,67622000.0,18294000.0,13312700.0,19860900,389944000.0,49652600,97290000.0
2017-11-07,40.68169021606445,56.15850067138672,52.12350845336914,178.68092346191406,76.63179016113281,5.2261528968811035,225.9326171875,20.40333366394043,97446000,53780000.0,26104000.0,12928200.0,17939700,427700000.0,57502200,79414500.0
2017-11-08,41.01449966430664,56.64400100708008,52.415733337402344,177.9969024658203,76.89547729492188,5.1554107666015625,226.31698608398438,20.292667388916016,97638000,51630000.0,24276000.0,10494100.0,18034200,522988000.0,50469600,70879500.0
2017-11-09,40.93071746826172,56.45650100708008,51.89220428466797,177.7391815185547,76.46810913085938,5.060762882232666,225.4958953857422,20.19933319091797,117930400,74654000.0,35892000.0,12610300.0,21178400,978564000.0,95085500,81706500.0
2017-11-10,40.795249938964844,56.26750183105469,51.715396881103516,176.90650939941406,76.26803588867188,5.327457427978516,225.42601013183594,20.19933319091797,100582000,43598000.0,19442000.0,11070200.0,19397800,1253256000.0,59984700,69381000.0
2017-11-13,40.63175964355469,56.458499908447266,51.569278717041016,177.2137908935547,76.32260131835938,5.240942001342773,225.63563537597656,21.02666664123535,67928400,58368000.0,18814000.0,9523400.0,14196900,582376000.0,50228600,113773500.0
2017-11-14,40.01751708984375,56.84199905395508,51.59107208251953,176.5198974609375,76.43170928955078,5.279146671295166,225.11158752441406,20.579999923706055,99130000,62768000.0,21012000.0,9585900.0,18801300,529292000.0,61315200,85141500.0
2017-11-15,39.48967361450195,56.33449935913086,51.3320426940918,176.40090942382812,75.83769226074219,5.175622940063477,223.98484802246094,20.753332138061523,116632400,78574000.0,18106000.0,10253700.0,19383100,501948000.0,80811500,89680500.0
2017-11-16,39.961448669433594,56.864498138427734,51.929359436035156,178.0266571044922,76.03874206542969,5.215798854827881,225.888916015625,20.833332061767578,94550000,44266000.0,23768000.0,15607600.0,20962800,441768000.0,67777000,87331500.0
2017-11-17,39.73957443237305,56.49399948120117,51.30628204345703,177.44178771972656,75.30757904052734,5.209639072418213,225.2251739501953,21.003332138061523,87598000,48268000.0,26712000.0,13018000.0,22079000,515664000.0,75756800,206026500.0
2017-11-20,39.69987106323242,56.31549835205078,51.245365142822266,177.1840362548828,75.42639923095703,5.276679992675781,225.60946655273438,20.582666397094727,65049600,43278000.0,17526000.0,10052400.0,16315000,396100000.0,48075500,123715500.0
2017-11-21,40.43791198730469,56.9744987487793,52.019996643066406,180.27688598632812,76.51399993896484,5.32523775100708,227.08558654785156,21.187332153320312,100525200,49588000.0,22206000.0,14504000.0,21237500,399176000.0,69176800,108919500.0
2017-11-22,40.86297607421875,57.80799865722656,52.10023498535156,179.29550170898438,75.95648956298828,5.30131196975708,226.8846893310547,20.84000015258789,102355600,71106000.0,14538000.0,10376300.0,20553100,356640000.0,45033400,73764000.0
2017-11-24,40.865318298339844,59.29999923706055,52.32805633544922,181.18887329101562,76.09358215332031,5.351382732391357,227.40869140625,21.036666870117188,56106800,70560000.0,16492000.0,9426300.0,7425600,180752000.0,27856500,48661500.0
2017-11-27,40.65978240966797,59.791500091552734,53.095252990722656,181.4367218017578,76.65106201171875,5.281826496124268,227.295166015625,21.12066650390625,82867200,134880000.0,35430000.0,12344500.0,18265200,422896000.0,52274900,68338500.0
2017-11-28,40.42155838012695,59.68000030517578,52.66337203979492,180.83200073242188,77.5741195678711,5.1972246170043945,229.60101318359375,21.170000076293945,105715200,91188000.0,36424000.0,14379700.0,21926000,512752000.0,98971700,74242500.0
2017-11-29,39.583091735839844,58.063499450683594,51.38008117675781,173.60548400878906,76.16667938232422,4.844757080078125,229.4613037109375,20.502666473388672,166665600,185150000.0,55866000.0,41933500.0,27381100,1396788000.0,77512100,131511000.0
2017-11-30,40.136627197265625,58.837501525878906,51.320152282714844,175.6376495361328,76.92523193359375,4.9505720138549805,231.4702606201172,20.59000015258789,166108800,90184000.0,45092000.0,25307600.0,33054600,823768000.0,127894400,65274000.0
2017-12-01,39.94976806640625,58.11750030517578,50.7703857421875,173.57574462890625,77.00749206542969,4.87583589553833,230.98985290527344,20.435333251953125,159037200,82142000.0,37762000.0,20182500.0,29532100,811548000.0,164390900,64393500.0
2017-12-04,39.65782928466797,56.6974983215332,50.11659622192383,169.97732543945312,74.10122680664062,4.604024410247803,230.71034240722656,20.34666633605957,130169600,118638000.0,38778000.0,24459400.0,39094900,1240844000.0,94040600,87526500.0
2017-12-05,39.62045669555664,57.07849884033203,50.49946212768555,171.32550048828125,74.5672836303711,4.63066291809082,229.8805694580078,20.246667861938477,109400800,81596000.0,38998000.0,20184900.0,26152300,981488000.0,77994500,69697500.0
2017-12-06,39.473323822021484,57.61750030517578,51.14928436279297,174.52737426757812,75.65486145019531,4.668155670166016,229.92422485351562,20.884000778198242,114240000,57066000.0,28710000.0,20255800.0,26162100,467032000.0,75898600,107929500.0
2017-12-07,39.545711517333984,57.989498138427734,51.73619079589844,178.57186889648438,75.38982391357422,4.735490798950195,230.64918518066406,20.749332427978516,102693200,50232000.0,30866000.0,20404500.0,23184500,542600000.0,77218600,71709000.0
2017-12-08,39.55739212036133,58.099998474121094,51.974430084228516,177.44178771972656,76.91613006591797,4.723158359527588,231.90695190429688,21.0086669921875,93420800,61002000.0,31170000.0,19883800.0,24489100,466876000.0,76563900,52027500.0
2017-12-11,40.328121185302734,58.44599914550781,52.10271453857422,177.4814453125,77.89399719238281,4.801346778869629,232.60574340820312,21.92733383178711,141095200,47270000.0,23254000.0,13168600.0,22857900,372748000.0,83077500,119070000.0
2017-12-12,40.10158920288086,58.25400161743164,51.9442138671875,175.41957092285156,78.21387481689453,4.707126140594482,233.01622009277344,22.735332489013672,77636800,44718000.0,33882000.0,16854100.0,23924100,455016000.0,85195800,130998000.0
2017-12-13,40.23471450805664,58.20650100708008,52.07398223876953,176.74789428710938,78.00369262695312,4.592185020446777,232.99008178710938,22.601999282836914,95273600,52336000.0,27680000.0,14615700.0,22062700,554280000.0,102905400,93322500.0
2017-12-14,40.223026275634766,58.7130012512207,52.3751106262207,176.83709716796875,77.4004898071289,4.599336624145508,232.03787231445312,22.525999069213867,81906000,64286000.0,30962000.0,13591000.0,19306000,438164000.0,100666700,86998500.0
2017-12-15,40.63175964355469,58.957000732421875,53.09476089477539,178.61151123046875,79.37456512451172,4.724884510040283,233.97024536132812,22.89666748046875,160677200,95572000.0,63760000.0,28463100.0,53936700,670036000.0,144610300,103998000.0
2017-12-18,41.203975677490234,59.52899932861328,53.74310302734375,179.24594116210938,78.94499206542969,4.88126277923584,235.45388793945312,22.591333389282227,117684400,58952000.0,30292000.0,17265400.0,22283800,477704000.0,83653600,82143000.0
2017-12-19,40.76488494873047,59.36899948120117,53.4801025390625,177.9473419189453,78.4423828125,4.837111473083496,234.54962158203125,22.073333740234375,109745600,51756000.0,26350000.0,14920600.0,23524800,373100000.0,82382900,102375000.0
2017-12-20,40.720516204833984,58.88100051879883,53.17203140258789,176.34146118164062,78.1590576171875,4.854131698608398,234.42672729492188,21.93199920654297,93902400,47424000.0,28728000.0,11860500.0,23674900,288820000.0,76751500,89307000.0
2017-12-21,40.874656677246094,58.737998962402344,53.037811279296875,175.90524291992188,78.14076232910156,4.831685543060303,234.90960693359375,22.110666275024414,83799600,42462000.0,25640000.0,11600700.0,17990700,300904000.0,67032300,65778000.0
2017-12-22,40.874656677246094,58.417999267578125,52.93925094604492,175.65745544433594,78.14990234375,4.81639289855957,234.8480682373047,21.68000030517578,65397600,31702000.0,17788000.0,8509500.0,14145800,466276000.0,78720900,63237000.0
2017-12-26,39.83766555786133,58.8380012512207,52.79016876220703,174.45799255371094,78.04935455322266,4.8699164390563965,234.56724548339844,21.152666091918945,132742000,40104000.0,18376000.0,8897300.0,9891200,355080000.0,45244400,65676000.0
2017-12-27,39.84467697143555,59.112998962402344,52.51032257080078,176.07379150390625,78.33267211914062,4.863256454467773,234.6813507080078,20.775999069213867,85992800,37344000.0,22324000.0,9496100.0,14678000,329488000.0,57751000,70681500.0
2017-12-28,39.956783294677734,59.30500030517578,52.29983139038086,176.37120056152344,78.34182739257812,4.868929386138916,235.1641845703125,21.02400016784668,65920800,36834000.0,19884000.0,12220800.0,10594300,240248000.0,45116100,64744500.0
2017-12-29,39.52469253540039,58.4734992980957,52.17353057861328,174.9239044189453,78.17732238769531,4.7727370262146,234.27749633789062,20.75666618347168,103999600,53768000.0,23606000.0,10261500.0,18717400,279964000.0,96007400,56658000.0
2018-01-02,40.23237609863281,59.45050048828125,53.15468978881836,179.84072875976562,78.552001953125,4.917027950286865,235.954345703125,21.368667602539062,102223600,53890000.0,31766000.0,18151900.0,22483800,355616000.0,86655700,65283000.0
2018-01-03,40.22537612915039,60.209999084472656,54.06157302856445,183.0624237060547,78.91759490966797,5.240636825561523,237.44679260253906,21.149999618530273,118071600,62176000.0,31318000.0,16886600.0,26061400,914704000.0,90070400,67822500.0
2018-01-04,40.4122200012207,60.47949981689453,54.271568298339844,182.72537231445312,79.61217498779297,5.268259525299072,238.447509765625,20.974666595458984,89738400,60442000.0,26052000.0,13880900.0,21912000,583268000.0,80636400,149194500.0
2018-01-05,40.87233352661133,61.457000732421875,54.9912223815918,185.2234649658203,80.59922790527344,5.312905788421631,240.03651428222656,21.10533332824707,94640000,70894000.0,30250000.0,13574500.0,23407100,580124000.0,83524000,68868000.0
2018-01-08,40.720516204833984,62.34349822998047,55.185367584228516,186.64100646972656,80.68147277832031,5.4756951332092285,240.47549438476562,22.42733383178711,82271200,85590000.0,24644000.0,17994700.0,22113000,881216000.0,57319200,147891000.0
2018-01-09,40.71584701538086,62.6349983215332,55.11503982543945,186.2345733642578,80.62663269042969,5.474217414855957,241.01979064941406,22.246000289916992,86336000,73226000.0,26808000.0,12393100.0,19484300,497000000.0,57254000,107199000.0
2018-01-10,40.70648956298828,62.71649932861328,54.983787536621094,186.204833984375,80.26106262207031,5.5171356201171875,240.65106201171875,22.31999969482422,95839600,53720000.0,20734000.0,10529900.0,18652200,582664000.0,69574300,64648500.0
2018-01-11,40.93772506713867,63.83399963378906,55.078392028808594,186.13543701171875,80.49871063232422,5.527000904083252,242.40684509277344,22.530000686645508,74670800,62500000.0,22424000.0,9588600.0,17808900,406032000.0,62361500,99682500.0
2018-01-12,41.36044692993164,65.26000213623047,55.9996223449707,177.8085479736328,81.88785552978516,5.499867916107178,243.9871063232422,22.4146671295166,101672400,108874000.0,38586000.0,77551300.0,24271500,359916000.0,90816100,72376500.0
2018-01-16,41.1502571105957,65.24299621582031,56.00210189819336,176.83709716796875,80.74544525146484,5.429078578948975,243.15310668945312,22.67066764831543,118263600,144414000.0,36462000.0,36183800.0,36599700,702348000.0,106555100,97114500.0
2018-01-17,41.82991409301758,64.75,56.41814422607422,176.05397033691406,82.38136291503906,5.54278564453125,245.4707794189453,23.143999099731445,137547200,105076000.0,27830000.0,27992400.0,25621200,538408000.0,113258800,106552500.0
2018-01-18,41.867271423339844,64.66600036621094,56.263118743896484,178.23486328125,82.34478759765625,5.535879135131836,245.0581512451172,22.971332550048828,124773600,80538000.0,27498000.0,23304900.0,24159700,408632000.0,100728000,85287000.0
2018-01-19,41.68043899536133,64.72899627685547,56.63606643676758,179.71182250976562,82.25343322753906,5.675730228424072,246.17320251464844,23.334667205810547,129700400,91570000.0,30552000.0,26826500.0,36875000,609380000.0,140920100,73324500.0
2018-01-22,41.33942794799805,66.3655014038086,57.65932083129883,183.75631713867188,83.724853515625,5.764031887054443,248.17474365234375,23.437332153320312,108434400,82802000.0,29550000.0,21059500.0,23601600,550944000.0,91322400,93156000.0
2018-01-23,41.348777770996094,68.12699890136719,58.25416946411133,187.7017059326172,83.98989868164062,5.892787456512451,248.70143127441406,23.519332885742188,130756400,103386000.0,39138000.0,25678800.0,23412800,475228000.0,97084700,81981000.0
2018-01-24,40.690147399902344,67.87550354003906,58.01246643066406,184.92605590820312,83.9167709350586,5.81607723236084,248.60484313964844,23.05933380126953,204420400,136150000.0,37128000.0,24334500.0,33277500,579972000.0,134816100,79312500.0
2018-01-25,39.96379089355469,68.89749908447266,58.54985809326172,185.8479461669922,84.38288879394531,5.829643249511719,248.71026611328125,22.50933265686035,166116000,95060000.0,29984000.0,17377700.0,26383200,409884000.0,84587300,101104500.0
2018-01-26,40.05720520019531,70.10250091552734,58.818302154541016,188.3460235595703,85.96395874023438,6.001806735992432,251.5898895263672,22.856666564941406,156572000,97146000.0,42170000.0,17759200.0,29172200,516356000.0,107743100,68091000.0
2018-01-29,39.22809600830078,70.88400268554688,58.76481628417969,184.36102294921875,85.8360366821289,6.088629245758057,249.9218292236328,23.302000045776367,202561600,114038000.0,31494000.0,20453200.0,31569900,455116000.0,90118300,71206500.0
2018-01-30,38.996864318847656,71.89099884033203,58.31360626220703,185.4910888671875,84.757568359375,5.986760139465332,247.3582763671875,23.05466651916504,184192800,117438000.0,37338000.0,20858600.0,38635100,570832000.0,131796400,70765500.0
2018-01-31,39.10430908203125,72.54450225830078,58.55381774902344,185.26309204101562,86.83224487304688,6.062730312347412,247.48118591308594,23.62066650390625,129915600,128494000.0,36022000.0,43275100.0,48756300,478576000.0,108364800,93211500.0
2018-02-01,39.18603515625,69.5,58.522613525390625,191.4091033935547,86.14676666259766,5.932003021240234,247.20022583007812,23.28333282470703,188923200,182276000.0,73514000.0,54211300.0,47227900,519224000.0,90102500,62965500.0
2018-02-02,37.48576354980469,71.49749755859375,55.432525634765625,188.6236114501953,83.8802261352539,5.759841442108154,241.81871032714844,22.916667938232422,346375200,222514000.0,117842000.0,26677500.0,47867800,718464000.0,173174800,55572000.0
2018-02-05,36.549198150634766,69.5,52.618797302246094,179.68209838867188,80.42559814453125,5.270975589752197,231.70521545410156,22.208667755126953,290954000,229900000.0,83550000.0,33128200.0,51031500,1165204000.0,294681800,66961500.0
2018-02-06,38.076656341552734,72.14199829101562,53.710411071777344,183.6968536376953,83.46894073486328,5.563997745513916,236.27032470703125,22.264667510986328,272975200,221336000.0,76630000.0,37758500.0,67998600,1114800000.0,355026800,76326000.0
2018-02-07,37.26154708862305,70.83899688720703,52.27308654785156,178.61151123046875,81.89701080322266,5.643420696258545,234.98866271972656,23.0,206434400,143254000.0,51942000.0,27601900.0,41107600,802932000.0,167376100,104538000.0
2018-02-08,36.236236572265625,67.5250015258789,49.91057205200195,170.0863800048828,77.69293975830078,5.365196704864502,226.1743927001953,21.01533317565918,217562000,171572000.0,66792000.0,38478300.0,55628700,1144000000.0,246449500,154719000.0
2018-02-09,36.6794548034668,66.9800033569336,51.820396423339844,174.5769500732422,80.59008026123047,5.724323272705078,229.5719451904297,20.69466781616211,282690400,282830000.0,98360000.0,39887600.0,63499100,1674604000.0,283565300,194005500.0
2018-02-12,38.15686798095703,69.3115005493164,52.23099136352539,174.87432861328125,81.45832061767578,5.624428749084473,232.94313049316406,21.048667907714844,243278000,134778000.0,56240000.0,32092100.0,35720300,1093172000.0,143736000,93417000.0
2018-02-13,38.53910446166992,70.72550201416016,52.21018600463867,171.6427001953125,82.09807586669922,5.737888336181641,233.52255249023438,21.577333450317383,130196800,118358000.0,31586000.0,21809400.0,26407700,625524000.0,81223600,68403000.0
2018-02-14,39.249656677246094,72.55249786376953,53.129432678222656,177.957275390625,83.3835678100586,5.954697132110596,236.67416381835938,21.487333297729492,162579600,119184000.0,41304000.0,28929700.0,34960900,744988000.0,120735700,59260500.0
2018-02-15,40.56761169433594,73.08799743652344,54.053646087646484,178.3934326171875,85.082275390625,6.079996585845947,239.6941680908203,22.271333694458008,204588800,113054000.0,37396000.0,20922100.0,27823900,698900000.0,111200300,88693500.0
2018-02-16,40.436279296875,72.43450164794922,54.258697509765625,175.8160400390625,84.47626495361328,6.014387130737305,239.7643585205078,22.365999221801758,160704400,89452000.0,39948000.0,20645300.0,30596900,637656000.0,160420100,84639000.0
2018-02-20,40.300270080566406,73.4175033569336,54.659385681152344,174.47781372070312,85.13736724853516,6.143632888793945,238.26324462890625,22.31800079345703,135722000,129984000.0,33754000.0,21204900.0,30911700,686240000.0,86369700,60141000.0
2018-02-21,40.11734390258789,74.14600372314453,55.16259002685547,176.3612518310547,84.00798034667969,5.9569172859191895,237.07801818847656,22.219999313354492,149886400,126088000.0,41486000.0,23200800.0,26922500,892292000.0,98883700,48294000.0
2018-02-22,40.45269775390625,74.26699829101562,54.97190856933594,177.431884765625,84.22835540771484,5.976413249969482,237.38523864746094,23.077999114990234,123967600,97162000.0,28010000.0,18464200.0,24392800,534364000.0,110511300,104547000.0
2018-02-23,41.156227111816406,75.0,55.87283706665039,181.69442749023438,86.36778259277344,6.069705486297607,241.16903686523438,23.469999313354492,135249600,88362000.0,25292000.0,19007300.0,26329200,415300000.0,92766400,87261000.0
2018-02-26,41.969966888427734,76.09750366210938,56.645973205566406,183.32017517089844,87.6165542602539,6.085750579833984,243.96958923339844,23.827999114990234,152648800,99100000.0,30912000.0,17599700.0,30199800,469312000.0,86491400,65100000.0
2018-02-27,41.83395004272461,75.5989990234375,55.34881591796875,179.88035583496094,86.496337890625,6.072915077209473,240.9231719970703,23.39933204650879,155712400,96176000.0,42964000.0,15849800.0,25869100,455436000.0,99099200,71961000.0
2018-02-28,41.770633697509766,75.62249755859375,54.67572021484375,176.76771545410156,86.10153198242188,5.97271203994751,238.482666015625,22.87066650390625,151128400,90300000.0,49292000.0,18783000.0,31167300,523116000.0,121907800,91045500.0
2018-03-01,41.038963317871094,74.67250061035156,53.0655403137207,174.408447265625,85.25675964355469,5.731089115142822,235.01495361328125,22.062000274658203,195208000,136704000.0,55338000.0,23201600.0,37135600,1040120000.0,176855100,103284000.0
2018-03-02,41.322715759277344,75.01249694824219,53.696044921875,175.08250427246094,85.4404067993164,5.837954044342041,236.2263946533203,22.341333389282227,153816000,131752000.0,50162000.0,20025900.0,32830400,913428000.0,139083200,76392000.0
2018-03-05,41.465763092041016,76.18049621582031,54.22203826904297,178.82957458496094,85.9821548461914,5.815989017486572,238.95669555664062,22.22333335876465,113605600,104678000.0,28648000.0,16189300.0,23901600,620776000.0,97307400,57357000.0
2018-03-06,41.43058395385742,76.88200378417969,54.526145935058594,178.2150115966797,85.68831634521484,5.976659774780273,239.5625457763672,21.8799991607666,95154000,91234000.0,23382000.0,15086800.0,22175800,636808000.0,79213200,64285500.0
2018-03-07,41.045997619628906,77.25,55.22648239135742,182.1107940673828,86.18415832519531,5.968762397766113,239.47467041015625,22.15333366394043,126814000,83482000.0,30748000.0,19097300.0,26716100,581208000.0,87063500,75109500.0
2018-03-08,41.493919372558594,77.59300231933594,55.93672180175781,180.75270080566406,86.70753479003906,5.952475070953369,240.63356018066406,21.940000534057617,95096400,77252000.0,33862000.0,17225900.0,25887800,411912000.0,66901200,53493000.0
2018-03-09,42.20681381225586,78.94450378417969,57.494895935058594,183.61753845214844,88.64498901367188,6.054897308349609,244.8211212158203,21.81133270263672,128740800,90686000.0,42662000.0,18526300.0,36937300,505524000.0,113625300,82602000.0
2018-03-12,42.614864349365234,79.91950225830078,57.74700164794922,183.1516571044922,88.85615539550781,6.164233207702637,244.51380920410156,23.034000396728516,128828400,103484000.0,44306000.0,15301200.0,26073700,605060000.0,71924800,123960000.0
2018-03-13,42.20447540283203,79.40899658203125,56.45825958251953,180.2967071533203,86.68916320800781,6.113638401031494,242.93360900878906,22.78933334350586,126774000,130638000.0,43140000.0,18067500.0,35387800,619772000.0,91968900,89487000.0
2018-03-14,41.84566879272461,79.55000305175781,56.90303039550781,182.5866241455078,86.17497253417969,6.139059066772461,241.6869659423828,21.775333404541016,117473600,85188000.0,41870000.0,16821700.0,32132000,505496000.0,105895100,119511000.0
2018-03-15,41.89491653442383,79.11599731445312,56.988216400146484,182.25949096679688,86.47798156738281,6.153867721557617,241.42361450195312,21.706666946411133,90975200,81394000.0,33382000.0,15614300.0,27611000,401952000.0,83433000,98472000.0
2018-03-16,41.74717712402344,78.58399963378906,56.18634796142578,183.47872924804688,86.86363983154297,6.182002067565918,241.6853790283203,21.42333221435547,157618800,108500000.0,58656000.0,24403400.0,49081300,399456000.0,100343700,91759500.0
2018-03-19,41.10932159423828,77.24649810791016,54.48503875732422,171.0578155517578,85.29348754882812,5.9480299949646,238.4153594970703,20.90399932861328,133787200,131616000.0,63656000.0,88140100.0,33344100,713772000.0,109208400,112264500.0
2018-03-20,41.09524154663086,79.32550048828125,54.2735481262207,166.68624877929688,85.51385498046875,6.159790515899658,238.8208770751953,20.703332901000977,78597600,91632000.0,54598000.0,129851800.0,23075200,554696000.0,59757300,71464500.0
2018-03-21,40.16424560546875,79.09300231933594,54.18439865112305,167.9154510498047,84.91700744628906,6.134616374969482,238.36241149902344,21.101999282836914,148219600,95016000.0,44898000.0,106598800.0,24457100,438688000.0,78709600,89376000.0
2018-03-22,39.59674072265625,77.24600219726562,52.16115188598633,163.45460510253906,82.44696807861328,5.969009876251221,232.40406799316406,20.606666564941406,165963200,126412000.0,69312000.0,73743000.0,38604700,551196000.0,148785900,74097000.0
2018-03-23,38.6797981262207,74.77799987792969,50.84368133544922,158.0024871826172,80.0504379272461,5.749845504760742,227.4504852294922,20.1026668548584,164115200,160120000.0,49880000.0,53609700.0,44068900,735620000.0,183534800,99823500.0
2018-03-26,40.51600646972656,77.79299926757812,52.20770263671875,158.6666717529297,86.11068725585938,6.033918857574463,233.67330932617188,20.278667449951172,150164800,112494000.0,65984000.0,126116600.0,56396800,611424000.0,141956100,125628000.0
2018-03-27,39.47713851928711,74.85250091552734,49.87242889404297,150.89491271972656,82.15316009521484,5.56597375869751,229.6981201171875,18.61199951171875,163690400,139992000.0,60816000.0,79117000.0,56569000,1409000000.0,129941400,208080000.0
2018-03-28,39.04094696044922,71.57099914550781,49.78525161743164,151.69786071777344,82.0797119140625,5.463057518005371,229.0194091796875,17.185333251953125,166674000,274106000.0,77698000.0,60029200.0,52501100,945904000.0,146452300,315021000.0
2018-03-29,39.34580993652344,72.36699676513672,51.36819076538086,158.3990020751953,83.80597686767578,5.715787410736084,231.9457550048828,17.742000579833984,153594000,251622000.0,69338000.0,59434300.0,45867500,916628000.0,111601600,227560500.0
2018-04-02,39.08785629272461,68.59950256347656,50.15424346923828,154.0373077392578,81.2808837890625,5.455651760101318,226.9392852783203,16.832000732421875,150347200,209272000.0,65068000.0,36796000.0,48515400,922092000.0,186286300,241710000.0
2018-04-03,39.488861083984375,69.60250091552734,50.453895568847656,154.7510223388672,82.37354278564453,5.561779022216797,229.84793090820312,17.8353328704834,121112000,204624000.0,51322000.0,42543900.0,37213800,667432000.0,119956900,282666000.0
2018-04-04,40.243980407714844,70.52850341796875,51.00019836425781,153.74984741210938,84.77928161621094,5.583744049072266,232.30712890625,19.12933349609375,138422000,139646000.0,50724000.0,49885600.0,35560000,789168000.0,123715300,298450500.0
2018-04-05,40.52305221557617,72.5875015258789,51.14531326293945,157.9529266357422,84.8251953125,5.4637980461120605,234.1404266357422,20.381332397460938,107732800,128270000.0,35836000.0,41449600.0,29771900,701240000.0,82652600,286816500.0
2018-04-06,39.48652267456055,70.2614974975586,50.021514892578125,155.83154296875,82.85101318359375,5.287824630737305,228.9224395751953,19.953332901000977,140021200,117646000.0,40134000.0,41644800.0,38026000,662988000.0,179521200,202804500.0
2018-04-09,39.87814712524414,70.30400085449219,50.52373504638672,156.55519104003906,83.34681701660156,5.3164544105529785,230.05067443847656,19.310667037963867,116070800,84164000.0,33220000.0,34915200.0,31533900,499524000.0,105442900,153747000.0
2018-04-10,40.62857437133789,71.81099700927734,51.33649444580078,163.6033172607422,85.28425598144531,5.624960899353027,233.70860290527344,20.31333351135254,113634400,85082000.0,36620000.0,57889300.0,26812000,761676000.0,103529000,164847000.0
2018-04-11,40.43860626220703,71.35250091552734,50.769893646240234,164.87216186523438,84.34771728515625,5.583744049072266,232.48333740234375,20.062000274658203,89726400,71650000.0,34060000.0,56144600.0,24872100,460244000.0,91140200,112243500.0
2018-04-12,40.8372917175293,72.42500305175781,51.37561798095703,162.4434814453125,85.92706298828125,5.790073871612549,234.39610290527344,19.60533332824707,91557200,62700000.0,32896000.0,38263000.0,26758900,593920000.0,68890500,114132000.0
2018-04-13,40.975643157958984,71.53949737548828,51.31371307373047,163.0878448486328,85.46793365478516,5.713564395904541,233.70860290527344,20.022666931152344,100497200,73706000.0,25410000.0,19990600.0,23346100,503036000.0,85079200,109908000.0
2018-04-16,41.23126220703125,72.07499694824219,51.81196975708008,163.3951416015625,86.46881866455078,5.713318824768066,235.6300048828125,19.413999557495117,86313600,56172000.0,29776000.0,18119400.0,20288100,350792000.0,63405300,95077500.0
2018-04-17,41.79877853393555,75.19149780273438,53.45928955078125,167.19180297851562,88.21341705322266,5.862637042999268,238.15093994140625,19.179332733154297,106421600,102288000.0,54584000.0,22743000.0,26771000,447224000.0,64682000,105000000.0
2018-04-18,41.7049674987793,76.39199829101562,53.262672424316406,164.91180419921875,88.55316162109375,5.833759784698486,238.32725524902344,19.55666732788086,83018000,104550000.0,31126000.0,20969600.0,21043300,391364000.0,57303900,98365500.0
2018-04-19,40.52305221557617,77.84549713134766,53.95903778076172,166.6366729736328,88.25017547607422,5.652849197387695,237.0050811767578,20.005332946777344,139235200,130474000.0,39884000.0,22235000.0,23552500,471996000.0,77655900,91359000.0
2018-04-20,38.86272430419922,76.37449645996094,53.35826110839844,164.83250427246094,87.23091888427734,5.6447062492370605,234.99542236328125,19.349332809448242,261964400,110832000.0,42434000.0,19119400.0,31154400,386200000.0,99953100,84418500.0
2018-04-23,38.750160217285156,75.89299774169922,53.184410095214844,164.39633178710938,87.55228424072266,5.52549934387207,234.96017456054688,18.891332626342773,146062000,89308000.0,69590000.0,23088100.0,22331800,427508000.0,65558000,73401000.0
2018-04-24,38.21078109741211,73.00450134277344,50.650028228759766,158.2998809814453,85.5046615600586,5.45935583114624,231.79595947265625,18.8973331451416,134768000,149894000.0,128220000.0,35079900.0,34524800,414596000.0,112885500,85279500.0
2018-04-25,38.37729263305664,73.00849914550781,50.66736602783203,158.2998809814453,84.76090240478516,5.347304821014404,232.36883544921875,18.71266746520996,113528400,131746000.0,57860000.0,41083600.0,33729300,588492000.0,103840900,60204000.0
2018-04-26,38.51097106933594,75.89800262451172,51.67378616333008,172.64393615722656,86.55144500732422,5.5585713386535645,234.73098754882812,19.031999588012695,111852000,176022000.0,50926000.0,77556900.0,42529000,375824000.0,67731900,65340000.0
2018-04-27,38.065399169921875,78.63099670410156,51.08637237548828,172.07888793945312,87.98387145996094,5.58596658706665,234.9513397216797,19.60533332824707,142623200,261064000.0,40746000.0,29804700.0,48272800,400848000.0,57053600,65469000.0
2018-04-30,38.75484848022461,78.30650329589844,50.448944091796875,170.5027313232422,85.87196350097656,5.55067253112793,233.14443969726562,19.593332290649414,169709600,109282000.0,34492000.0,20750500.0,41523600,327844000.0,82182300,63423000.0
2018-05-01,39.65536880493164,79.11299896240234,51.546993255615234,172.34654235839844,87.23091888427734,5.605957508087158,233.55873107910156,19.994667053222656,214277600,91442000.0,35326000.0,26025900.0,31408900,253788000.0,74203400,69384000.0
2018-05-02,41.407142639160156,78.48400115966797,50.81892395019531,174.5373077392578,85.86276245117188,5.585471153259277,231.98977661132812,20.07666778564453,266157600,87206000.0,34698000.0,30424500.0,27471000,268248000.0,86368900,134556000.0
2018-05-03,41.482173919677734,78.60399627685547,50.831298828125,172.505126953125,86.37699890136719,5.750340461730957,231.4785614013672,18.963333129882812,136272800,85038000.0,39282000.0,24026100.0,31142500,443144000.0,136311500,260281500.0
2018-05-04,43.10967254638672,79.04750061035156,52.054656982421875,175.07257080078125,87.37784576416016,5.900150775909424,234.47537231445312,19.606000900268555,224805200,68872000.0,36892000.0,17677800.0,22531300,400660000.0,91222100,128541000.0
2018-05-07,43.42156982421875,80.00700378417969,52.47367858886719,176.42074584960938,88.35115814208984,6.137578964233398,235.2687530517578,20.184667587280273,169805600,76038000.0,34400000.0,18697200.0,24242000,687616000.0,55304900,130173000.0
2018-05-08,43.63029098510742,79.61949920654297,52.43058395385742,177.36248779296875,87.97467803955078,6.180029392242432,235.2687530517578,20.131332397460938,113611200,61358000.0,26030000.0,15577200.0,23484600,506616000.0,67499200,88950000.0
2018-05-09,43.93747329711914,80.4000015258789,53.93428039550781,181.06991577148438,89.01226806640625,6.31281042098999,237.54273986816406,20.456666946411133,92844800,72746000.0,47160000.0,23282800.0,27327400,596760000.0,59666100,85911000.0
2018-05-10,44.565956115722656,80.4540023803711,54.75249099731445,183.91494750976562,89.90293884277344,6.420170783996582,239.76393127441406,20.334667205810547,111957200,56350000.0,36414000.0,21071400.0,22388100,994080000.0,72063900,84774000.0
2018-05-11,44.396480560302734,80.14550018310547,54.64897537231445,185.3622283935547,89.71009826660156,6.281960487365723,240.49554443359375,20.070667266845703,104848800,45278000.0,30504000.0,21207800.0,16778300,1214456000.0,59871500,70194000.0
2018-05-14,44.29289627075195,80.0770034790039,54.80845642089844,185.01528930664062,90.01312255859375,6.3024444580078125,240.610107421875,19.46466636657715,83115200,50190000.0,39338000.0,15646700.0,19454100,523140000.0,54790600,109302000.0
2018-05-15,43.89033508300781,78.80599975585938,53.73219680786133,182.71548461914062,89.36119079589844,6.060574531555176,238.95294189453125,18.94533348083496,94780800,101550000.0,35738000.0,15429400.0,24594000,963528000.0,87036100,142788000.0
2018-05-16,44.29995346069336,79.36399841308594,53.693572998046875,181.60520935058594,89.59175109863281,6.071680545806885,239.9578857421875,19.09866714477539,76732400,51412000.0,25628000.0,16975500.0,17384700,553828000.0,53942600,85110000.0
2018-05-17,44.01980972290039,79.08799743652344,53.55339813232422,182.1603546142578,88.69719696044922,6.113638401031494,239.75506591796875,18.96933364868164,69176000,42952000.0,25738000.0,14840700.0,17246700,519784000.0,56536400,66309000.0
2018-05-18,43.85972595214844,78.71849822998047,52.97787857055664,181.0897216796875,88.86318969726562,6.069953441619873,239.15574645996094,18.454666137695312,73190800,52852000.0,35482000.0,13130500.0,17865800,483716000.0,64368000,108778500.0
2018-05-21,44.17047119140625,79.27300262451172,53.689605712890625,182.8839874267578,90.00672149658203,6.027997016906738,240.95382690429688,18.965999603271484,73603200,58504000.0,25180000.0,13532900.0,19422500,640624000.0,58025900,137739000.0
2018-05-22,44.05983352661133,79.06999969482422,53.258705139160156,182.1999969482422,89.9145278930664,5.989989757537842,240.28392028808594,18.333999633789062,60962800,42312000.0,22226000.0,12731400.0,15441200,518264000.0,52966400,134187000.0
2018-05-23,44.34233093261719,80.09300231933594,53.786190032958984,185.2730255126953,90.98426055908203,6.113220691680908,240.9450225830078,18.60466766357422,80233600,67238000.0,23740000.0,16628100.0,21251200,442956000.0,64694200,89776500.0
2018-05-24,44.29289627075195,80.15350341796875,53.76091766357422,184.31143188476562,90.6614990234375,6.11692476272583,240.45138549804688,18.523332595825195,92936000,68600000.0,20604000.0,12354700.0,26649300,437372000.0,76043800,62650500.0
2018-05-25,44.39412307739258,80.50749969482422,53.69307327270508,183.3102569580078,90.70759582519531,6.156191349029541,239.87847900390625,18.59000015258789,69844000,53968000.0,22224000.0,10965100.0,18363900,292112000.0,56374800,58126500.0
2018-05-29,44.23403549194336,80.64350128173828,52.900115966796875,184.1231231689453,90.38484191894531,6.139150142669678,237.11962890625,18.917333602905273,90056400,76930000.0,36076000.0,16398900.0,28671000,352684000.0,115908600,84999000.0
2018-05-30,44.13988494873047,81.24449920654297,53.365692138671875,186.0363006591797,91.251708984375,6.247811794281006,240.28392028808594,19.447999954223633,74762000,58148000.0,28686000.0,13736900.0,22158500,390996000.0,69678400,112345500.0
2018-05-31,43.99156951904297,81.48100280761719,54.481571197509766,190.1105499267578,91.1502456665039,6.22805643081665,238.81195068359375,18.98200035095215,109931200,63326000.0,79368000.0,30782600.0,34140900,493868000.0,93519900,88795500.0
2018-06-01,44.78489303588867,82.0770034790039,56.2150764465332,192.30128479003906,92.94853973388672,6.362155437469482,241.1565399169922,19.454666137695312,93770000,66268000.0,63202000.0,17307200.0,28655600,421968000.0,71258400,81366000.0
2018-06-04,45.15921401977539,83.26349639892578,57.10857391357422,191.59747314453125,93.76010131835938,6.540707588195801,242.3022918701172,19.78266716003418,105064800,63754000.0,44754000.0,18939800.0,27281600,642024000.0,45385200,71967000.0
2018-06-05,45.50762939453125,84.81749725341797,57.00851821899414,191.2604522705078,94.23961639404297,6.546139240264893,242.478759765625,19.408666610717773,86264000,95644000.0,32964000.0,15544300.0,23514400,391712000.0,51135000,89928000.0
2018-06-06,45.66533660888672,84.7874984741211,56.80694580078125,189.67434692382812,94.51626586914062,6.548115253448486,244.50595092773438,21.299999237060547,83734400,109464000.0,34934000.0,22558900.0,21122900,371356000.0,62732200,281509500.0
2018-06-07,45.542930603027344,84.46499633789062,56.18634796142578,186.54185485839844,93.03153991699219,6.49254846572876,244.4794464111328,21.07266616821289,85388800,75314000.0,36108000.0,21503200.0,28232200,369448000.0,72969400,215179500.0
2018-06-08,45.128604888916016,84.19950103759766,56.101654052734375,187.453857421875,93.72320556640625,6.477238178253174,245.2022705078125,21.17733383178711,106627200,59102000.0,27284000.0,12677100.0,22165100,360456000.0,72139700,123078000.0
2018-06-11,45.01796340942383,84.45600128173828,56.50728988647461,189.8726043701172,93.18832397460938,6.436242580413818,245.5283966064453,22.139999389648438,73234000,46710000.0,24796000.0,12928900.0,23490900,265372000.0,58892500,197752500.0
2018-06-12,45.26513671875,84.9375,56.86835479736328,190.72511291503906,93.4281005859375,6.484647274017334,245.84568786621094,22.851333618164062,67644400,45184000.0,26092000.0,11562700.0,18325200,319160000.0,72329000,335211000.0
2018-06-13,44.89321517944336,85.24299621582031,56.67222213745117,190.73504638671875,93.00389099121094,6.48020076751709,245.06130981445312,22.985332489013672,86553600,66550000.0,34302000.0,15853800.0,29492900,338208000.0,79070600,142047000.0
2018-06-14,44.9167366027832,86.19300079345703,57.458736419677734,195.0967254638672,93.52953338623047,6.591579914093018,245.67831420898438,23.847999572753906,86440400,63488000.0,35422000.0,19120900.0,25691800,430016000.0,77097600,164715000.0
2018-06-15,44.4553337097168,85.79850006103516,57.417137145996094,194.14511108398438,92.33989715576172,6.550830841064453,245.3649139404297,23.878000259399414,246876800,95552000.0,44438000.0,21860900.0,65738600,432260000.0,120041600,162724500.0
2018-06-18,44.43178176879883,86.18949890136719,58.621185302734375,196.58367919921875,93.01310729980469,6.546633720397949,244.86019897460938,24.722000122070312,73939600,62154000.0,33038000.0,16826000.0,23586000,356268000.0,52917600,181098000.0
2018-06-19,43.71376419067383,86.73899841308594,58.37898635864258,195.7708282470703,93.01310729980469,6.4251298904418945,243.92169189453125,23.503332138061523,134314000,85802000.0,47282000.0,19994000.0,28653100,594932000.0,97531500,191428500.0
2018-06-20,43.90446853637695,87.50399780273438,58.64544677734375,200.2415771484375,93.94454956054688,6.477980136871338,244.33778381347656,24.148000717163086,82514800,86652000.0,51686000.0,28230900.0,26180800,369780000.0,53785500,125755500.0
2018-06-21,43.65963363647461,86.51100158691406,57.92083740234375,199.7459259033203,93.27132415771484,6.349560737609863,242.80606079101562,23.167333602905273,102847600,98822000.0,44966000.0,19045700.0,23198200,359516000.0,71061400,119506500.0
2018-06-22,43.532508850097656,85.78350067138672,57.91341781616211,199.98382568359375,92.59812927246094,6.197432518005371,243.24876403808594,22.242000579833984,108801600,81502000.0,34220000.0,17420200.0,38923100,434160000.0,54898500,153991500.0
2018-06-25,42.885108947753906,83.15750122070312,56.42705535888672,194.64076232910156,90.73526763916016,5.905281066894531,239.9374542236328,22.200666427612305,126652400,150224000.0,57682000.0,25275100.0,35433300,665816000.0,137854200,103969500.0
2018-06-26,43.41715621948242,84.55449676513672,56.09719467163086,197.26768493652344,91.37159729003906,5.976158142089844,240.4687042236328,22.799999237060547,98276800,87732000.0,34688000.0,17897600.0,26897200,478884000.0,68547400,111787500.0
2018-06-27,43.35359191894531,83.02549743652344,55.32058334350586,194.13519287109375,89.95138549804688,5.821313858032227,238.4766082763672,22.96666717529297,101141200,97444000.0,34538000.0,18734400.0,31298400,453892000.0,105110700,125005500.0
2018-06-28,43.669044494628906,85.07250213623047,55.807945251464844,194.52178955078125,90.95659637451172,5.948252201080322,239.84007263183594,23.32866668701172,69460800,90594000.0,29726000.0,18172400.0,26650700,338012000.0,76650500,125970000.0
2018-06-29,43.57723617553711,84.98999786376953,55.927303314208984,192.62841796875,90.93814849853516,5.8504557609558105,240.18539428710938,22.863332748413086,90950800,90870000.0,31562000.0,15811600.0,28053200,392300000.0,97592500,97386000.0
2018-07-02,44.064537048339844,85.68900299072266,56.56722640991211,195.64195251464844,92.22924041748047,5.982332229614258,240.69886779785156,22.33799934387207,70925200,63714000.0,23216000.0,13961600.0,19564500,357572000.0,63554800,281397000.0
2018-07-03,43.297088623046875,84.697998046875,55.28789520263672,191.05224609375,91.34391784667969,5.84897518157959,239.84898376464844,20.724000930786133,55819200,43546000.0,16448000.0,13489500.0,14670300,222732000.0,42187100,184239000.0
2018-07-05,43.645503997802734,84.98650360107422,56.526607513427734,196.72250366210938,91.99870300292969,5.99443244934082,241.8055419921875,20.610666275024414,66416800,59662000.0,28594000.0,19684200.0,18977400,306216000.0,56925900,262146000.0
2018-07-06,44.250518798828125,85.53150177001953,57.20960998535156,201.46084594726562,93.28977966308594,6.108036041259766,243.8508758544922,20.593332290649414,69940800,53006000.0,21820000.0,19740100.0,19234600,296352000.0,66493700,132982500.0
2018-07-09,44.86492919921875,86.95099639892578,57.81385803222656,202.9577178955078,93.92608642578125,6.155450820922852,246.046630859375,21.233999252319336,79026400,60240000.0,21584000.0,18149400.0,18212000,303880000.0,50550400,113952000.0
2018-07-10,44.81081008911133,87.15350341796875,57.80692672729492,201.76817321777344,94.17508697509766,6.254234790802002,246.93190002441406,21.49799919128418,63756400,60058000.0,21334000.0,13190100.0,19293100,360016000.0,51966800,142072500.0
2018-07-11,44.22932815551758,87.75,58.0208854675293,200.77688598632812,94.04598999023438,6.112973213195801,245.12576293945312,21.263999938964844,75326000,64196000.0,33252000.0,12927400.0,19644600,367508000.0,77054700,73261500.0
2018-07-12,44.97087860107422,89.83100128173828,59.49684524536133,205.11874389648438,96.08403015136719,6.204347133636475,247.34811401367188,21.11400032043457,72164400,90654000.0,44148000.0,15454700.0,24335900,345508000.0,60124700,85818000.0
2018-07-13,45.04150390625,90.65149688720703,59.653358459472656,205.51524353027344,97.2275390625,6.157177925109863,247.5428924560547,21.257999420166016,50055600,87664000.0,32612000.0,11486800.0,24635200,246988000.0,48216000,88047000.0
2018-07-16,44.94263458251953,91.12449645996094,59.2615852355957,205.42604064941406,96.74801635742188,6.129519939422607,247.321533203125,20.67333221435547,60172400,109324000.0,26784000.0,11078200.0,21786900,197036000.0,48201000,117280500.0
2018-07-17,45.06975555419922,92.19650268554688,60.082275390625,208.16200256347656,97.70710754394531,6.265100002288818,248.32192993164062,21.512666702270508,62138000,113658000.0,40162000.0,15349900.0,25901700,362136000.0,52315500,104943000.0
2018-07-18,44.822566986083984,92.14600372314453,60.0738525390625,207.53750610351562,96.94166564941406,6.215956211090088,248.84445190429688,21.59000015258789,65573600,97238000.0,38948000.0,15334900.0,29493900,277640000.0,44593500,84363000.0
2018-07-19,45.170989990234375,90.64849853515625,59.38986587524414,206.27857971191406,96.27767181396484,6.224105358123779,247.9058837890625,21.34866714477539,81147200,93538000.0,38338000.0,11350400.0,40171600,235752000.0,61412100,88729500.0
2018-07-20,45.06740188598633,90.68499755859375,59.329437255859375,208.11244201660156,98.00220489501953,6.195952892303467,247.62252807617188,20.905332565307617,82704800,77688000.0,37938000.0,16163900.0,56004000,222352000.0,82337700,77433000.0
2018-07-23,45.10741424560547,90.0999984741211,59.979251861572266,209.0740203857422,99.56995391845703,6.159402847290039,248.0828857421875,20.213333129882812,63957600,77770000.0,65446000.0,16732000.0,29707000,301584000.0,47047600,164893500.0
2018-07-24,45.43463897705078,91.46199798583984,62.31453323364258,212.80126953125,99.28406524658203,6.142114639282227,249.33139038085938,19.82866668701172,74791600,85574000.0,107600000.0,28468700.0,26316600,354620000.0,68026900,143862000.0
2018-07-25,45.863094329833984,93.18049621582031,63.19565200805664,215.60665893554688,102.20742797851562,6.22015380859375,251.4561767578125,20.582666397094727,66839600,74764000.0,51104000.0,58954200.0,30702100,319112000.0,78882900,106131000.0
2018-07-26,45.719486236572266,90.4000015258789,63.66915512084961,174.7256317138672,101.09159088134766,6.293499946594238,250.86297607421875,20.44333267211914,76304000,198488000.0,54686000.0,169803700.0,31372100,325124000.0,57919500,69457500.0
2018-07-27,44.95911407470703,90.8635025024414,62.054019927978516,173.36753845214844,99.30252075195312,6.22385835647583,249.1631317138672,19.812000274658203,96096000,193620000.0,48362000.0,60073700.0,37005300,295420000.0,76768700,85549500.0
2018-07-30,44.70721435546875,88.96099853515625,60.92228317260742,169.57089233398438,97.17222595214844,6.029007434844971,247.861572265625,19.344667434692383,84118000,131246000.0,43896000.0,65280800.0,34668300,340340000.0,63742500,102211500.0
2018-07-31,44.79668045043945,88.87200164794922,60.78261184692383,171.07765197753906,97.82697296142578,6.0470356941223145,249.08343505859375,19.875999450683594,157492000,114774000.0,39382000.0,40356500.0,27655200,283988000.0,68570500,76153500.0
2018-08-01,47.43564987182617,89.8584976196289,61.06840133666992,170.15576171875,98.01142883300781,6.086793899536133,248.6672821044922,20.055999755859375,271742800,83062000.0,36994000.0,34042100.0,23628700,283556000.0,53853300,151941000.0
2018-08-02,48.822227478027344,91.71649932861328,61.471553802490234,174.8346710205078,99.20108032226562,6.189284801483154,250.02197265625,23.30266761779785,249616000,87094000.0,34704000.0,32400000.0,26104300,269668000.0,63426400,348225000.0
2018-08-03,48.96348190307617,91.16449737548828,61.324459075927734,176.23240661621094,99.63453674316406,6.225833415985107,251.09324645996094,23.211332321166992,133789600,69210000.0,21264000.0,24763400.0,18659600,214288000.0,53935400,204847500.0
2018-08-06,49.21772384643555,92.38749694824219,61.3001823425293,184.0735626220703,99.71747589111328,6.273497104644775,252.0140380859375,22.799333572387695,101701600,67836000.0,22114000.0,49716200.0,20265900,207508000.0,39400900,128464500.0
2018-08-07,48.756317138671875,93.1240005493164,62.20012664794922,182.20993041992188,100.40914154052734,6.345609188079834,252.8463134765625,25.30466651916504,102349600,67550000.0,42506000.0,33398600.0,16080200,258132000.0,43196600,463137000.0
2018-08-08,48.789276123046875,94.32599639892578,62.47203826904297,183.56797790527344,100.97168731689453,6.381911754608154,252.74014282226562,24.689332962036133,90102000,79260000.0,34344000.0,22205200.0,15487500,262100000.0,42114600,368568000.0
2018-08-09,49.172996520996094,94.9260025024414,62.62705612182617,181.4961395263672,101.13768005371094,6.333507061004639,252.3946533203125,23.496667861938477,93970400,97208000.0,27326000.0,19732100.0,13677200,204280000.0,35717000,257757000.0
2018-08-10,49.02653503417969,94.31500244140625,62.03518295288086,178.69082641601562,100.51981353759766,6.29226541519165,250.70370483398438,23.69933319091797,98444800,72798000.0,26602000.0,21500400.0,18183700,256396000.0,77076000,173280000.0
2018-08-13,49.34308624267578,94.80999755859375,61.843509674072266,178.48263549804688,99.79127502441406,6.325109481811523,249.76510620117188,23.76066780090332,103563600,110630000.0,27500000.0,17423300.0,18472500,375208000.0,65732900,156958500.0
2018-08-14,49.55097961425781,95.98249816894531,62.31404113769531,179.5334014892578,101.0362319946289,6.456245422363281,251.35894775390625,23.176000595092773,82992000,79722000.0,28080000.0,19102000.0,16788300,466220000.0,43842000,104796000.0
2018-08-15,49.66673278808594,94.13099670410156,61.03025436401367,177.96714782714844,99.66613006591797,6.398211479187012,249.48187255859375,22.57933235168457,115230400,154014000.0,37052000.0,33020200.0,29982800,591136000.0,102925400,136519500.0
2018-08-16,50.394351959228516,94.32599639892578,60.626102447509766,173.17918395996094,99.64762115478516,6.357710361480713,251.50051879882812,22.363332748413086,114001600,79142000.0,32176000.0,31351800.0,21384300,801260000.0,69967900,90960000.0
2018-08-17,51.40071487426758,94.11100006103516,60.21946716308594,172.2870330810547,99.59207916259766,6.046047210693359,252.3858184814453,20.366666793823242,141708000,82086000.0,33092000.0,24893200.0,18061500,1143188000.0,65618500,284379000.0
2018-08-20,50.899898529052734,93.83550262451172,60.5215950012207,170.9983673095703,98.93478393554688,6.120628833770752,252.926025390625,20.562667846679688,121150800,57240000.0,22218000.0,21518000.0,17914200,854388000.0,39807500,261034500.0
2018-08-21,50.80067825317383,94.1709976196289,60.29673767089844,171.11732482910156,98.11088562011719,6.255962371826172,253.51907348632812,21.459999084472656,104639200,62112000.0,23082000.0,19578500.0,22881900,673988000.0,67272000,197583000.0
2018-08-22,50.803043365478516,95.24500274658203,60.511688232421875,172.1284637451172,99.11070251464844,6.490573406219482,253.36866760253906,21.44266700744629,76072400,61610000.0,22296000.0,16894100.0,18000600,749856000.0,44993300,89190000.0
2018-08-23,50.906978607177734,95.1449966430664,60.48246765136719,171.39488220214844,99.57357025146484,6.5898518562316895,253.03224182128906,21.34000015258789,75532800,71260000.0,24666000.0,18053600.0,18167700,720684000.0,49204900,77209500.0
2018-08-24,51.06525421142578,95.26950073242188,61.25461959838867,173.12965393066406,100.3512191772461,6.722716331481934,254.55503845214844,21.521333694458008,73905600,56018000.0,24454000.0,14631600.0,17234000,531512000.0,57487400,54039000.0
2018-08-27,51.48576736450195,96.38400268554688,62.22142028808594,175.91522216796875,101.46210479736328,6.813595294952393,256.5648498535156,21.284666061401367,82100400,71380000.0,28580000.0,17921900.0,19662300,505776000.0,57072400,196189500.0
2018-08-28,51.901546478271484,96.64099884033203,61.7058219909668,174.7256317138672,102.0730972290039,6.77605676651001,256.6888122558594,20.790666580200195,91107200,62014000.0,27330000.0,15910700.0,19151500,475384000.0,46943500,114736500.0
2018-08-29,52.676414489746094,99.90499877929688,62.636470794677734,174.36875915527344,103.70240783691406,6.881320476531982,258.0700378417969,20.333999633789062,109019200,130636000.0,36926000.0,18494100.0,20818000,420108000.0,61485500,111711000.0
2018-08-30,53.16068649291992,100.11900329589844,62.13078308105469,176.0936279296875,103.6375961303711,6.8645172119140625,257.0253601074219,20.209999084472656,195175200,145546000.0,30104000.0,24216500.0,22798700,346608000.0,61229500,108250500.0
2018-08-31,53.77492904663086,100.635498046875,61.009456634521484,174.2002410888672,103.98939514160156,6.935433864593506,257.03411865234375,20.110666275024414,173360400,84088000.0,42308000.0,18065200.0,23222700,306592000.0,66140800,80626500.0
2018-09-04,53.947364807128906,101.97550201416016,59.99460983276367,169.67002868652344,103.4154052734375,7.010056018829346,256.5914611816406,19.26333236694336,109560400,114422000.0,41458000.0,29809000.0,22634600,391720000.0,57594400,125257500.0
2018-09-05,53.59537887573242,99.74099731445312,59.38986587524414,165.72467041015625,100.43450927734375,6.879590034484863,255.90086364746094,18.715999603271484,133332000,164412000.0,53988000.0,31226700.0,32872400,393156000.0,72452400,115812000.0
2018-09-06,52.70477294921875,97.91549682617188,58.6414909362793,161.11514282226562,100.66594696044922,6.738746643066406,255.13058471679688,18.729999542236328,137160000,149774000.0,46854000.0,41514800.0,23477600,322796000.0,65909900,112212000.0
2018-09-07,52.27952194213867,97.60350036621094,58.32449722290039,161.6207275390625,100.17529296875,6.717497825622559,254.63479614257812,17.549333572387695,150479200,97852000.0,32658000.0,24300600.0,22498600,295420000.0,73524800,337378500.0
2018-09-10,51.577903747558594,96.95050048828125,58.199195861816406,162.7507781982422,101.2584228515625,6.788414001464844,255.07742309570312,19.03333282470703,158066000,90896000.0,27670000.0,20197700.0,20727900,220140000.0,50210900,214252500.0
2018-09-11,52.88195037841797,99.35749816894531,58.93865966796875,164.49546813964844,102.98030853271484,6.74072265625,255.91860961914062,18.62933349609375,142996000,100672000.0,29254000.0,20457100.0,24301800,243112000.0,50530500,137550000.0
2018-09-12,52.225196838378906,99.5,58.02782440185547,160.58978271484375,103.4154052734375,6.627059459686279,255.9805450439453,19.369333267211914,197114800,88280000.0,35716000.0,24078100.0,18891100,419092000.0,59810800,150231000.0
2018-09-13,53.4867057800293,99.49349975585938,58.54985809326172,159.955322265625,104.52631378173828,6.704648017883301,257.49444580078125,19.297332763671875,166825600,72430000.0,40068000.0,25453800.0,26055600,305536000.0,51034200,95104500.0
2018-09-14,52.87956619262695,98.5094985961914,58.34381866455078,160.90699768066406,104.95216369628906,6.830417633056641,257.5388488769531,19.68000030517578,127997200,72840000.0,24176000.0,21770400.0,19122300,386936000.0,55079900,101484000.0
2018-09-17,51.471595764160156,95.40149688720703,57.44487380981445,159.18212890625,103.81350708007812,6.768644332885742,256.1753234863281,19.6560001373291,148780400,141004000.0,34096000.0,21005300.0,20736500,205528000.0,68244000,103314000.0
2018-09-18,51.556644439697266,97.05249786376953,57.80543899536133,158.90455627441406,104.80403137207031,6.69674015045166,257.56536865234375,18.997333526611328,126286800,85374000.0,32314000.0,22465200.0,22170900,299520000.0,61930400,248212500.0
2018-09-19,51.587345123291016,96.32099914550781,58.160064697265625,161.6405487060547,103.40618133544922,6.720459938049316,257.83978271484375,19.934667587280273,108495200,81136000.0,25962000.0,19629000.0,21728400,224860000.0,49080600,124423500.0
2018-09-20,51.97949981689453,97.21499633789062,59.01691436767578,164.57476806640625,105.13732147216797,6.57961893081665,259.9292297363281,19.8886661529541,106435200,63098000.0,29244000.0,18936000.0,23714500,430584000.0,100360600,110241000.0
2018-09-21,51.41962432861328,95.75050354003906,58.0535774230957,161.51168823242188,105.77607727050781,6.50969123840332,259.6918640136719,19.940000534057617,384986800,137118000.0,91222000.0,45994800.0,71229700,435128000.0,105479700,75757500.0
2018-09-24,52.1590576171875,96.71800231933594,58.42207717895508,163.9700927734375,106.15564727783203,6.565288066864014,258.8290710449219,19.978666305541992,110773600,84274000.0,31150000.0,19222800.0,27334500,293912000.0,53409600,72645000.0
2018-09-25,52.48978042602539,98.72750091552734,59.131813049316406,163.47445678710938,105.95198822021484,6.632249355316162,258.5890197753906,20.06599998474121,98217600,90768000.0,33152000.0,27622800.0,22668000,280388000.0,44370000,67225500.0
2018-09-26,52.07163619995117,98.74250030517578,59.14023971557617,165.4966583251953,105.5168685913086,6.59543514251709,257.815185546875,20.6386661529541,95938800,86270000.0,37650000.0,25252200.0,19352000,268548000.0,79739700,117648000.0
2018-09-27,53.14179611206055,100.64900207519531,59.798973083496094,167.3702392578125,105.91494750976562,6.6072916984558105,258.53558349609375,20.501333236694336,120724800,86588000.0,36274000.0,27266900.0,19091300,214428000.0,59249500,127636500.0
2018-09-28,53.328426361083984,100.1500015258789,59.78510665893555,163.02835083007812,105.87791442871094,6.943835258483887,258.562255859375,17.65133285522461,91717600,81702000.0,35612000.0,34265600.0,21647800,709396000.0,70091400,504745500.0
2018-10-01,53.68750762939453,100.21800231933594,59.85691452026367,161.0259552001953,107.02584075927734,7.149912357330322,259.4606018066406,20.713333129882812,94403200,69210000.0,33164000.0,26407700.0,18883100,622060000.0,62078900,326664000.0
2018-10-02,54.164703369140625,98.56549835205078,59.812843322753906,157.94302368164062,106.5999984741211,7.0787482261657715,259.3093566894531,20.06800079345703,99152800,108014000.0,40180000.0,36031000.0,20787200,383964000.0,47258200,176152500.0
2018-10-03,54.823829650878906,97.63800048828125,60.00550079345703,161.01600646972656,106.61851501464844,7.084926605224609,259.45166015625,19.65333366394043,114619200,105062000.0,26246000.0,23109500.0,16648000,320552000.0,64694600,119925000.0
2018-10-04,53.859962463378906,95.47100067138672,58.298744201660156,157.46719360351562,104.41521453857422,6.901088237762451,257.4239196777344,18.788667678833008,128168000,145140000.0,46576000.0,25739600.0,34821700,391220000.0,111545900,147213000.0
2018-10-05,52.985877990722656,94.48249816894531,57.84110641479492,155.96044921875,103.80424499511719,6.668078899383545,255.98313903808594,17.463333129882812,134322000,136446000.0,31852000.0,25744000.0,29068900,426636000.0,105951700,269167500.0
2018-10-08,52.863040924072266,93.22100067138672,57.251216888427734,155.88113403320312,102.61929321289062,6.567016124725342,255.98313903808594,16.70400047302246,118655600,147864000.0,46190000.0,24046000.0,29640600,408612000.0,87742200,202090500.0
2018-10-09,53.59537887573242,93.51599884033203,56.71878433227539,156.52545166015625,103.9245834350586,6.561333656311035,255.60960388183594,17.520000457763672,107564000,95458000.0,33690000.0,18844400.0,26198600,273500000.0,74339000,180909000.0
2018-10-10,51.11250686645508,87.76249694824219,54.09326934814453,150.06224060058594,98.27752685546875,6.0708513259887695,247.51614379882812,17.125333786010742,167962400,219778000.0,58980000.0,30610000.0,61376300,684940000.0,214731000,192229500.0
2018-10-11,50.66129684448242,85.96800231933594,54.02293395996094,152.01507568359375,98.04608917236328,5.8099212646484375,242.06419372558594,16.815332412719727,212497600,278718000.0,67696000.0,35338900.0,63904300,725436000.0,274840500,122515500.0
2018-10-12,52.47087097167969,89.43049621582031,55.49889373779297,152.4016876220703,101.434326171875,6.091855525970459,245.42608642578125,17.25200080871582,161351600,188892000.0,49370000.0,25293500.0,47742100,608236000.0,183186500,108021000.0
2018-10-15,51.348758697509766,88.04750061035156,54.60242462158203,152.18360900878906,99.61056518554688,5.816097736358643,244.04759216308594,17.305999755859375,123164000,128744000.0,30074000.0,15433500.0,32068100,449760000.0,102263700,93000000.0
2018-10-16,52.480342864990234,90.99800109863281,56.11997985839844,157.3977813720703,102.75814056396484,6.074313640594482,249.38381958007812,18.439332962036133,116736000,117198000.0,38378000.0,19180100.0,31610200,408712000.0,118255800,142896000.0
2018-10-17,52.2535400390625,91.58650207519531,55.84806823730469,158.03224182128906,102.48967742919922,6.005865097045898,249.42822265625,18.118667602539062,91541600,105904000.0,35652000.0,17592000.0,26548200,329668000.0,110626000,129832500.0
2018-10-18,51.03218078613281,88.53600311279297,54.378055572509766,153.57138061523438,100.44375610351562,5.918642044067383,245.8262939453125,17.5939998626709,130325200,117480000.0,46152000.0,21675100.0,32506200,524020000.0,134557500,81318000.0
2018-10-19,51.80942153930664,88.20149993896484,54.73813247680664,152.70896911621094,100.59190368652344,5.66265344619751,245.69290161132812,17.333332061767578,132314800,118144000.0,41286000.0,19761300.0,32785500,613608000.0,139901600,140632500.0
2018-10-22,52.1259651184082,89.46499633789062,55.044708251953125,153.4326171875,101.48988342285156,5.713306903839111,244.59010314941406,17.39666748046875,115168400,90000000.0,27116000.0,15424700.0,26545600,368844000.0,82415800,84004500.0
2018-10-23,52.61735153198242,88.43499755859375,55.22004318237305,153.04598999023438,100.07347106933594,5.462258815765381,243.34486389160156,19.609333038330078,155071200,134478000.0,37686000.0,19095000.0,43770400,626436000.0,146352700,285417000.0
2018-10-24,50.81249237060547,83.20999908447266,52.35777282714844,144.76869201660156,94.72265625,4.92730188369751,235.971923828125,19.233333587646484,163702000,138568000.0,49286000.0,27744600.0,63897800,884288000.0,177806700,300874500.0
2018-10-25,51.9251708984375,89.1084976196289,54.659385681152344,149.63595581054688,100.25861358642578,5.1356024742126465,240.20538330078125,20.99066734313965,119423200,205714000.0,72956000.0,22105700.0,61646800,951720000.0,138061500,312610500.0
2018-10-26,51.09833908081055,82.1405029296875,53.67673110961914,144.10450744628906,99.01810455322266,4.899627208709717,235.98077392578125,22.059999465942383,189033600,299276000.0,106438000.0,31303300.0,55523100,664784000.0,201574600,411382500.0
2018-10-29,50.13920593261719,76.94400024414062,51.24883270263672,140.85308837890625,96.13904571533203,4.586559772491455,234.67333984375,22.323333740234375,183742000,277322000.0,81290000.0,31336800.0,55162000,758016000.0,160749100,217290000.0
2018-10-30,50.38962173461914,76.52100372314453,51.980865478515625,144.9471435546875,96.02794647216797,5.016007423400879,238.15089416503906,21.99333381652832,146640000,249202000.0,59768000.0,50528300.0,65350900,807192000.0,157116000,136900500.0
2018-10-31,51.703102111816406,79.90049743652344,54.015010833740234,150.4686279296875,98.87925720214844,5.209482192993164,240.69454956054688,22.488000869750977,153435600,187804000.0,70916000.0,60101300.0,51062400,745772000.0,128296300,114364500.0
2018-11-01,52.49686813354492,83.27649688720703,53.787174224853516,150.4290008544922,98.05532836914062,5.389367580413818,243.25592041015625,22.95199966430664,233292800,162710000.0,40132000.0,25640800.0,33384200,566528000.0,99495000,120001500.0
2018-11-02,49.01472473144531,83.27649688720703,53.06950759887695,149.04119873046875,98.27752685546875,5.310544490814209,241.81517028808594,23.0939998626709,365314800,139110000.0,43438000.0,24708700.0,37680200,452960000.0,122634100,117120000.0
2018-11-05,47.623268127441406,81.38999938964844,52.28893280029297,147.3856964111328,99.52727508544922,5.232708930969238,243.14920043945312,22.760000228881836,264654800,112494000.0,45358000.0,15971200.0,27922100,379332000.0,65622500,117465000.0
2018-11-06,48.138275146484375,82.1405029296875,52.97441482543945,148.634765625,99.72168731689453,5.215165138244629,244.68785095214844,22.737333297729492,127531600,85148000.0,28660000.0,16667100.0,24340200,299012000.0,60085900,101443500.0
2018-11-07,49.59821319580078,87.77449798583984,54.88969039916992,150.21092224121094,103.64686584472656,5.28262186050415,249.92642211914062,23.21066665649414,133697600,163844000.0,43388000.0,21877400.0,37901700,483812000.0,102752100,110617500.0
2018-11-08,49.42516326904297,87.74549865722656,54.215599060058594,146.582763671875,103.45248413085938,5.089888572692871,249.47274780273438,23.426666259765625,101450400,130698000.0,33694000.0,24145800.0,25644100,511352000.0,65584900,106360500.0
2018-11-09,48.4721794128418,85.62149810791016,53.3433952331543,143.69813537597656,101.434326171875,5.081982135772705,247.03587341308594,23.367332458496094,137463200,118044000.0,34860000.0,17326900.0,32039200,413240000.0,98812600,76482000.0
2018-11-12,46.03042984008789,81.84249877929688,51.97343444824219,140.3177947998047,98.93478393554688,4.683419227600098,242.41995239257812,22.0853328704834,204542000,136124000.0,34002000.0,18542100.0,33621800,617116000.0,99673600,104122500.0
2018-11-13,45.57052993774414,81.55850219726562,51.90458679199219,140.92247009277344,98.99959564208984,4.924829959869385,241.9663848876953,22.582000732421875,187531600,118666000.0,25750000.0,15141700.0,35374600,644712000.0,98176600,81729000.0
2018-11-14,44.283287048339844,79.95050048828125,52.23197937011719,142.96456909179688,97.595703125,4.872443675994873,240.3120880126953,22.933332443237305,243204000,129738000.0,34666000.0,22068400.0,39495100,526580000.0,125335900,75604500.0
2018-11-15,45.37613296508789,80.97200012207031,53.04771423339844,142.5977783203125,99.743408203125,5.000936985015869,242.8201446533203,23.229333877563477,185915200,168546000.0,41584000.0,30320300.0,38505200,840708000.0,135101400,69385500.0
2018-11-16,45.87872314453125,79.67050170898438,52.91002655029297,138.3153839111328,100.68244171142578,4.0629658699035645,243.45167541503906,23.62066650390625,147713200,121322000.0,35366000.0,37250600.0,33502100,1963520000.0,126668000,108093000.0
2018-11-19,44.06045150756836,75.614501953125,50.886775970458984,130.40484619140625,97.27027130126953,3.5754499435424805,239.33372497558594,23.564666748046875,167701200,155800000.0,45684000.0,44362700.0,44773900,1697820000.0,103061700,145633500.0
2018-11-20,41.95534133911133,74.77300262451172,51.0368537902832,131.27716064453125,94.56470489501953,3.6836769580841064,234.90463256835938,23.166000366210938,271300800,217576000.0,54458000.0,41939500.0,64052500,1692032000.0,136021300,120070500.0
2018-11-21,41.90790939331055,75.83650207519531,51.67972946166992,133.64639282226562,95.86634826660156,3.5756969451904297,235.705078125,22.54599952697754,124496800,114336000.0,29698000.0,25469700.0,28130600,1025496000.0,75563700,70302000.0
2018-11-23,40.843509674072266,75.10299682617188,51.0195198059082,130.583251953125,95.82917785644531,3.582862615585327,234.13088989257812,21.722000122070312,94496000,54152000.0,14178000.0,11886100.0,13823100,411968000.0,42807900,63039000.0
2018-11-26,41.39585876464844,79.06649780273438,52.29933547973633,135.1927947998047,98.99029541015625,3.7817721366882324,237.91073608398438,23.066667556762695,179994000,125154000.0,31558000.0,24263600.0,32336200,814832000.0,79981400,119881500.0
2018-11-27,41.3057746887207,79.07099914550781,52.1180534362793,133.82481384277344,99.61322021484375,3.7985758781433105,238.711181640625,22.92799949645996,165549600,115664000.0,33048000.0,20750300.0,29124500,738060000.0,75502400,95374500.0
2018-11-28,42.894100189208984,83.88749694824219,54.0749397277832,135.5695037841797,103.31363677978516,3.955233097076416,244.20761108398438,23.191333770751953,184250000,169174000.0,46042000.0,29847500.0,46788500,804524000.0,127629600,61914000.0
2018-11-29,42.56459045410156,83.67849731445312,54.21312713623047,137.47276306152344,102.4489517211914,3.8921616077423096,243.6740264892578,22.744667053222656,167080000,132264000.0,31004000.0,24238700.0,28123200,549172000.0,82346400,46210500.0
2018-11-30,42.33462905883789,84.50849914550781,54.95952224731445,139.38597106933594,103.09978485107422,4.04229736328125,245.15924072265625,23.365333557128906,158126000,115236000.0,59668000.0,25732600.0,33665600,729564000.0,98204200,84436500.0
2018-12-03,43.81391143798828,88.61799621582031,55.2918586730957,139.86175537109375,104.2154769897461,4.205789566040039,248.40548706054688,23.89933204650879,163210000,137246000.0,57532000.0,24819200.0,34732800,890804000.0,103176300,124597500.0
2018-12-04,41.8865852355957,83.41999816894531,52.62275695800781,136.72930908203125,100.89630889892578,3.8859786987304688,240.35655212402344,23.979999542236328,165377200,173890000.0,45630000.0,30307400.0,45197000,812112000.0,177986000,126928500.0
2018-12-06,41.4195671081543,84.95950317382812,53.395896911621094,138.4145050048828,101.51921844482422,3.9151647090911865,239.99195861816406,24.20400047302246,172393600,175788000.0,47436000.0,28218100.0,49107400,692308000.0,204185400,117637500.0
2018-12-07,39.94266128540039,81.45649719238281,51.83574676513672,136.2237548828125,97.45623016357422,3.65100359916687,234.41552734375,23.864667892456055,169126400,151522000.0,42682000.0,21195500.0,45044900,681676000.0,161018900,172668000.0
2018-12-10,40.2058219909668,82.05149841308594,52.162635803222656,140.6151885986328,100.0316162109375,3.7561233043670654,234.8602294921875,24.343332290649414,248104000,149896000.0,33652000.0,26422200.0,40801500,629472000.0,151445900,99202500.0
2018-12-11,39.975868225097656,82.16200256347656,52.582149505615234,140.84317016601562,100.96138763427734,3.6653497219085693,234.9135284423828,24.450666427612305,189126800,124894000.0,33852000.0,20300300.0,42381900,671912000.0,121504400,94632000.0
2018-12-12,40.08727264404297,83.177001953125,53.180458068847656,143.24209594726562,101.41693878173828,3.682910442352295,236.09640502929688,24.440000534057617,142510800,131960000.0,28960000.0,23696900.0,36183000,654136000.0,97976700,75405000.0
2018-12-13,40.525848388671875,82.91899871826172,53.17103576660156,143.74766540527344,101.76091766357422,3.682663917541504,236.01632690429688,25.119333267211914,127594400,105426000.0,24986000.0,18148600.0,31333400,471384000.0,96662700,110488500.0
2018-12-14,39.229103088378906,79.59549713134766,52.08982467651367,142.80593872070312,98.58119201660156,3.622312068939209,231.65835571289062,24.380666732788086,162814800,127344000.0,36358000.0,21785800.0,47043100,471820000.0,116961100,95064000.0
2018-12-17,38.86403274536133,76.04550170898438,50.799110412597656,138.96963500976562,95.66181182861328,3.551325559616089,227.11363220214844,23.22800064086914,177151600,176596000.0,49932000.0,24334000.0,56957300,662868000.0,165492300,115110000.0
2018-12-18,39.368980407714844,77.5739974975586,51.678741455078125,142.40943908691406,96.66593933105469,3.634431838989258,226.8645782470703,22.468666076660156,135366000,130460000.0,43640000.0,24709100.0,49319200,564372000.0,134515100,106500000.0
2018-12-19,38.140995025634766,74.75399780273438,51.28499221801758,132.08010864257812,96.40558624267578,3.4259231090545654,223.46713256835938,22.197999954223633,196189200,175844000.0,58264000.0,57404900.0,68198200,745364000.0,214992800,124113000.0
2018-12-20,37.17852783203125,73.04149627685547,50.69658279418945,132.2386932373047,94.37877655029297,3.3415799140930176,219.82955932617188,21.025333404541016,259092000,199836000.0,53674000.0,40297900.0,70334200,749588000.0,252053400,136078500.0
2018-12-21,35.73244094848633,68.87249755859375,49.09531784057617,123.86228942871094,91.3292007446289,3.2047998905181885,215.32528686523438,21.31800079345703,382978400,272806000.0,104656000.0,56901500.0,111242100,863740000.0,255345600,120252000.0
2018-12-24,34.807891845703125,67.197998046875,48.76942825317383,122.98004150390625,87.51720428466797,3.143211841583252,209.63580322265625,19.69266700744629,148676800,144400000.0,36360000.0,22066000.0,43935200,463840000.0,147311600,83398500.0
2018-12-26,37.25912857055664,73.54499816894531,51.89864730834961,133.01193237304688,93.49551391601562,3.292111396789551,220.22764587402344,21.73933219909668,234330000,208236000.0,46318000.0,39723400.0,51634800,695100000.0,218485400,122446500.0
2018-12-27,37.017303466796875,73.08200073242188,52.148773193359375,133.34898376464844,94.07194519042969,3.244375228881836,221.9183807373047,21.075332641601562,212468400,194440000.0,45996000.0,31202500.0,49498500,637044000.0,186267300,128626500.0
2018-12-28,37.036277770996094,73.9010009765625,51.8406982421875,132.04046630859375,93.33743286132812,3.305715322494507,221.6321258544922,22.257999420166016,169165600,176580000.0,34398000.0,22627600.0,38196300,628728000.0,153100200,149085000.0
2018-12-31,37.394248962402344,75.09850311279297,51.755516052246094,129.94882202148438,94.43452453613281,3.3020050525665283,223.5733642578125,22.18666648864746,140014000,139090000.0,33110000.0,24625300.0,33173800,465140000.0,144299400,94534500.0
2019-01-02,37.436912536621094,76.95649719238281,52.236934661865234,134.4989013671875,94.01615142822266,3.369281530380249,223.80599975585938,20.674667358398438,148158800,159662000.0,31868000.0,28146200.0,35329300,508752000.0,126925200,174879000.0
2019-01-03,33.70792007446289,75.01399993896484,50.790191650390625,130.59320068359375,90.55747985839844,3.165719747543335,218.46530151367188,20.02400016784668,365248800,139512000.0,41960000.0,22717900.0,42579100,705552000.0,144140700,104478000.0
2019-01-04,35.146888732910156,78.76950073242188,53.39540481567383,136.7491455078125,94.7692642211914,3.3685407638549805,225.782958984375,21.179332733154297,234428400,183652000.0,46022000.0,29002100.0,44060600,585620000.0,142628800,110911500.0
2019-01-07,35.06865692138672,81.47550201416016,53.28892135620117,136.8482666015625,94.89010620117188,3.5468733310699463,227.56326293945312,22.33066749572754,219111200,159864000.0,47446000.0,20089300.0,35656100,709160000.0,103139100,113268000.0
2019-01-08,35.7371711730957,82.8290023803711,53.75696563720703,141.28929138183594,95.57813262939453,3.4585726261138916,229.70123291015625,22.356666564941406,164101200,177628000.0,35414000.0,26263800.0,31514400,786016000.0,102512600,105127500.0
2019-01-09,36.34405517578125,82.97100067138672,53.57271194458008,142.97447204589844,96.94486236572266,3.5265908241271973,230.77476501464844,22.568666458129883,180396400,126976000.0,26998000.0,22205900.0,32280800,617260000.0,95006600,81493500.0
2019-01-10,36.46022033691406,82.81099700927734,53.433048248291016,142.94471740722656,96.32193756103516,3.5921366214752197,231.5887908935547,22.99799919128418,143122800,130154000.0,26598000.0,16125000.0,30067600,523156000.0,96823900,90846000.0
2019-01-11,36.10225296020508,82.02799987792969,52.72181701660156,142.54823303222656,95.57813262939453,3.6811795234680176,231.67825317382812,23.150667190551758,108092800,93724000.0,30864000.0,12908000.0,28314200,874764000.0,73858100,75586500.0
2019-01-14,35.55938720703125,80.8604965209961,52.07992172241211,144.12435913085938,94.88079833984375,3.721001386642456,230.26478576660156,22.293333053588867,129756800,120118000.0,28490000.0,20520300.0,28437100,730168000.0,70908200,78709500.0
2019-01-15,36.28716278076172,83.72799682617188,53.81342697143555,147.6533660888672,97.63287353515625,3.7069029808044434,232.90386962890625,22.961999893188477,114843600,119970000.0,37518000.0,24069000.0,31587600,617012000.0,85208300,90849000.0
2019-01-16,36.73047637939453,84.18900299072266,53.96200942993164,146.255615234375,97.97688293457031,3.681426525115967,233.46737670898438,23.06999969482422,122278800,127338000.0,38280000.0,18025700.0,29853900,470104000.0,77636700,70375500.0
2019-01-17,36.948570251464844,84.66100311279297,54.437984466552734,147.00904846191406,98.66490173339844,3.7526612281799316,235.2386474609375,23.15399932861328,119284800,84178000.0,24896000.0,15787900.0,28393000,493436000.0,96118400,55150500.0
2019-01-18,37.1761474609375,84.80999755859375,54.84313201904297,148.73385620117188,100.14319610595703,3.8815255165100098,238.36964416503906,20.150667190551758,135004000,120410000.0,44892000.0,31029600.0,37427600,651336000.0,127900300,362262000.0
2019-01-22,36.34169387817383,81.6084976196289,53.42314147949219,146.28538513183594,98.25580596923828,3.6796951293945312,235.1492156982422,19.92799949645996,121576000,128336000.0,39632000.0,22378700.0,32371300,661552000.0,115531200,181000500.0
2019-01-23,36.48866271972656,82.0009994506836,53.70941925048828,143.04385375976562,99.21343231201172,3.6925570964813232,235.64129638671875,19.172666549682617,92522400,104504000.0,25194000.0,20098400.0,25874300,591020000.0,86030300,187950000.0
2019-01-24,36.19944381713867,82.74649810791016,53.689109802246094,144.560546875,98.73926544189453,3.904033899307251,235.7664794921875,19.43400001525879,101766000,81798000.0,29114000.0,20955500.0,23164800,708972000.0,59204100,120183000.0
2019-01-25,37.398990631103516,83.52850341796875,54.55635452270508,147.71286010742188,99.64112091064453,3.961169719696045,237.76141357421875,19.80266761779785,134142000,98918000.0,23260000.0,22237200.0,31225600,1154572000.0,96883400,108744000.0
2019-01-28,37.052879333496094,81.89450073242188,53.48405456542969,146.18626403808594,97.69792938232422,3.41355562210083,235.95433044433594,19.7586669921875,104768400,96754000.0,29334000.0,15508500.0,29476700,2511528000.0,85613700,96349500.0
2019-01-29,36.668827056884766,79.69400024414062,52.99868392944336,142.93479919433594,95.70829010009766,3.2550106048583984,235.64129638671875,19.83066749572754,166348800,92656000.0,19704000.0,17632100.0,31490500,1153932000.0,66136300,69325500.0
2019-01-30,39.17459487915039,83.52149963378906,54.38201904296875,149.11058044433594,98.90662384033203,3.398221015930176,239.37164306640625,20.584667205810547,244439200,115676000.0,29452000.0,44613200.0,49471900,974228000.0,92473700,168754500.0
2019-01-31,39.456687927246094,85.9365005493164,55.76386642456055,165.2389373779297,97.09362030029297,3.5555295944213867,241.47389221191406,20.468000411987305,162958400,218206000.0,40232000.0,77233600.0,55636400,842852000.0,104012100,188538000.0
2019-02-01,39.47565460205078,81.3115005493164,55.40378952026367,164.2674560546875,95.5595474243164,3.5797696113586426,241.59017944335938,20.81399917602539,130672400,230124000.0,33116000.0,30806500.0,35535700,625048000.0,85782500,109251000.0
2019-02-04,40.59696578979492,81.66549682617188,56.53304672241211,167.7766571044922,98.31158447265625,3.6898365020751953,243.28994750976562,20.859333038330078,125982000,98582000.0,78408000.0,20036000.0,31315100,528592000.0,60744800,110281500.0
2019-02-05,41.29155731201172,82.94049835205078,57.050628662109375,169.67002868652344,99.68762969970703,3.7088816165924072,244.30970764160156,21.42333221435547,144406400,89062000.0,82296000.0,22557000.0,27325400,542424000.0,79552800,101142000.0
2019-02-06,41.3057746887207,82.01300048828125,55.61528396606445,169.00588989257812,98.58119201660156,3.78432035446167,243.9876708984375,21.148000717163086,112958400,78798000.0,48256000.0,13281200.0,20609800,702464000.0,58347800,75577500.0
2019-02-07,40.52347946166992,80.71849822998047,54.774288177490234,164.931640625,97.87459564208984,3.64630389213562,241.6618194580078,20.500667572021484,126966800,92532000.0,38298000.0,17517600.0,29760700,637120000.0,95482000,97809000.0
2019-02-08,40.57109069824219,79.41100311279297,54.599449157714844,165.87335205078125,98.24651336669922,3.664855718612671,241.95706176757812,20.386667251586914,95280000,113150000.0,21766000.0,12561400.0,21461100,461604000.0,75788900,87663000.0
2019-02-11,40.3377571105957,79.55000305175781,54.58657455444336,164.34678649902344,97.85601043701172,3.622312068939209,242.09120178222656,20.856000900268555,83973600,66346000.0,18498000.0,12811200.0,18914100,495180000.0,68021400,106945500.0
2019-02-12,40.685367584228516,81.90049743652344,55.847572326660156,163.6033172607422,99.38079071044922,3.739057779312134,245.20428466796875,20.78733253479004,89134000,97172000.0,35036000.0,16292300.0,25056600,591060000.0,72270200,82764000.0
2019-02-13,40.516334533691406,82.0,55.899574279785156,162.6417694091797,99.30642700195312,3.7813527584075928,246.00048828125,20.544666290283203,89960800,71206000.0,28042000.0,14205100.0,18394900,605372000.0,65277200,77124000.0
2019-02-14,40.6639404296875,81.13249969482422,55.92780303955078,162.52281188964844,99.39007568359375,3.8221640586853027,245.45481872558594,20.251333236694336,87342800,82410000.0,21106000.0,12755200.0,21784700,827264000.0,83234400,78012000.0
2019-02-15,40.57346725463867,80.39749908447266,55.453819274902344,161.0854034423828,100.61737060546875,3.8916664123535156,248.12950134277344,20.525333404541016,98507200,86878000.0,27826000.0,15504400.0,26606900,1516748000.0,97088700,58573500.0
2019-02-19,40.69489669799805,81.37899780273438,55.79457473754883,160.8772430419922,100.57086181640625,3.874352216720581,248.55899047851562,20.375999450683594,75891200,73634000.0,21980000.0,14345400.0,18038500,551892000.0,59120800,62526000.0
2019-02-20,40.95677185058594,81.1050033569336,55.50136947631836,161.14488220214844,100.04800415039062,3.921595335006714,249.0599822998047,20.17066764831543,104457600,66752000.0,24090000.0,11770700.0,21607700,540988000.0,76610800,107131500.0
2019-02-21,40.7258415222168,80.97200012207031,54.69007873535156,158.64683532714844,102.158203125,3.852834463119507,248.17430114746094,19.415332794189453,68998800,69668000.0,33272000.0,15607800.0,29063200,448548000.0,64214700,133638000.0
2019-02-22,41.180580139160156,81.5780029296875,55.30176544189453,160.48072814941406,103.61479949951172,3.9374241828918457,249.71295166015625,19.6473331451416,75652800,61924000.0,29436000.0,15858500.0,27763200,401740000.0,78114600,86109000.0
2019-02-25,41.48054504394531,81.6500015258789,55.33990478515625,163.1869659423828,104.19369506835938,3.925058364868164,250.05287170410156,19.917999267578125,87493600,63690000.0,26208000.0,18737100.0,23750600,656020000.0,69030700,99397500.0
2019-02-26,41.50436019897461,81.81999969482422,55.57170104980469,162.70123291015625,104.91268157958984,3.8857312202453613,249.87399291992188,19.857332229614258,68280800,53316000.0,35026000.0,13784100.0,21536700,488464000.0,56844100,128737500.0
2019-02-27,41.63291931152344,82.05449676513672,55.61528396606445,161.3927001953125,104.73524475097656,3.8439300060272217,249.76663208007812,20.982667922973633,111341600,62976000.0,22092000.0,12697500.0,21487100,500256000.0,56921600,167758500.0
2019-02-28,41.223419189453125,81.99150085449219,55.79656219482422,160.0445556640625,104.60454559326172,3.8194172382354736,249.301513671875,21.325332641601562,112861600,60518000.0,27422000.0,11114200.0,29083900,324944000.0,69268300,157810500.0
2019-03-01,41.65672302246094,83.58650207519531,56.884700775146484,160.86734008789062,105.07141876220703,3.8736417293548584,250.85800170898438,19.652666091918945,103544800,99498000.0,34086000.0,11097800.0,23501200,357188000.0,78880500,343671000.0
2019-03-04,41.86624526977539,84.80850219726562,57.127403259277344,165.9130096435547,104.81932067871094,3.881812572479248,249.945556640625,19.02400016784668,109744800,123348000.0,35490000.0,18894700.0,26608000,409992000.0,106494600,256452000.0
2019-03-05,41.79005813598633,84.62149810791016,57.9084587097168,169.76914978027344,104.29640197753906,3.8753745555877686,249.6055450439453,18.43600082397461,78949600,73630000.0,40094000.0,28187900.0,19538300,362924000.0,59114600,281470500.0
2019-03-06,41.549591064453125,83.44750213623047,57.697967529296875,171.00827026367188,104.3431167602539,3.7646987438201904,248.09371948242188,18.416000366210938,83241600,79920000.0,23602000.0,21531700.0,17687000,403524000.0,75039800,155032500.0
2019-03-07,41.068668365478516,81.29750061035156,57.00010299682617,167.65771484375,103.07324981689453,3.695620059967041,246.01840209960938,18.439332962036133,99185600,99140000.0,30086000.0,18306500.0,25339000,450104000.0,94885100,141637500.0
2019-03-08,41.16627883911133,81.04000091552734,56.95652770996094,168.1236114501953,103.18531799316406,3.729788064956665,245.52633666992188,18.94266700744629,95997600,93340000.0,23694000.0,13184800.0,22818400,422416000.0,85795800,132294000.0
2019-03-11,42.592384338378906,83.53099822998047,58.4072151184082,170.57211303710938,105.35150909423828,3.989764928817749,249.08676147460938,19.39466667175293,128044000,77528000.0,30032000.0,18884000.0,26491600,859728000.0,65098900,110884500.0
2019-03-12,43.0709114074707,83.65499877929688,59.29823684692383,170.42343139648438,106.08914184570312,4.023932456970215,250.02601623535156,18.890666961669922,129870400,72290000.0,42220000.0,12155300.0,26132700,579576000.0,79667500,112561500.0
2019-03-13,43.26138687133789,84.54049682617188,59.38788604736328,171.86077880859375,106.91082763671875,4.174966812133789,251.6811065673828,19.263999938964844,124130000,71040000.0,25888000.0,11973300.0,35513800,768900000.0,80639200,102670500.0
2019-03-14,43.74230194091797,84.31099700927734,59.0644645690918,168.6886444091797,106.99488067626953,4.09920072555542,251.52008056640625,19.33066749572754,94318000,58932000.0,27302000.0,18037400.0,30763400,519384000.0,67518400,106551000.0
2019-03-15,44.311309814453125,85.61799621582031,58.95401382446289,164.53512573242188,108.22736358642578,4.204431533813477,252.7627410888672,18.36199951171875,156171600,151018000.0,51886000.0,37135400.0,54681100,661484000.0,81309000,221782500.0
2019-03-18,44.763668060302734,87.10749816894531,58.86733627319336,159.07308959960938,109.7773208618164,4.183136463165283,253.67918395996094,17.965999603271484,104879200,108582000.0,24442000.0,37524200.0,31207600,486992000.0,62199800,154215000.0
2019-03-19,44.408935546875,88.09249877929688,59.55628204345703,160.1634979248047,109.85205078125,4.350511074066162,253.74209594726562,17.83133316040039,126585600,127284000.0,29788000.0,25611500.0,37588700,854972000.0,90268100,177009000.0
2019-03-20,44.797000885009766,89.8635025024414,60.74348449707031,163.9998321533203,109.73065185546875,4.318077564239502,252.97830200195312,18.239999771118164,124140800,125312000.0,41508000.0,20211500.0,28113300,719148000.0,84609200,103623000.0
2019-03-21,46.446895599365234,90.96299743652344,61.223907470703125,164.63426208496094,112.25171661376953,4.554283142089844,255.83563232421875,18.26799964904785,204136800,115356000.0,28150000.0,16223000.0,29854400,824312000.0,79550400,89206500.0
2019-03-22,45.485042572021484,88.2385025024414,59.81333541870117,162.90940856933594,109.29181671142578,4.39483118057251,250.91172790527344,17.635332107543945,169630800,127260000.0,34422000.0,16389200.0,33624500,747644000.0,122659300,131184000.0
2019-03-25,44.935081481933594,88.71299743652344,59.30467224121094,164.8424072265625,109.86138916015625,4.302725315093994,250.72312927246094,17.3613338470459,175381200,102076000.0,27576000.0,12631200.0,27067100,525212000.0,85575200,153225000.0
2019-03-26,44.47083282470703,89.18800354003906,58.93122482299805,166.22032165527344,110.09479522705078,4.379233360290527,252.5919647216797,17.851333618164062,199202000,97318000.0,30752000.0,15437900.0,26097700,703508000.0,68125900,110263500.0
2019-03-27,44.87079620361328,88.28500366210938,58.345306396484375,164.4260711669922,109.0303726196289,4.370071887969971,251.2711181640625,18.32200050354004,119393600,86496000.0,29428000.0,10620300.0,22733400,474372000.0,72224700,131688000.0
2019-03-28,44.93031692504883,88.6709976196289,58.061004638671875,164.10887145996094,109.17976379394531,4.388641834259033,252.22360229492188,18.57466697692871,83121600,60860000.0,22402000.0,10443000.0,18334800,480264000.0,56238500,101611500.0
2019-03-29,45.22315216064453,89.0374984741211,58.289833068847656,165.2389373779297,110.12281799316406,4.445836067199707,253.81399536132812,18.657333374023438,94256000,66416000.0,30890000.0,13455500.0,25399800,456896000.0,82186800,89869500.0
2019-04-01,45.5302848815918,90.70950317382812,59.38392639160156,167.23146057128906,111.1312255859375,4.513182640075684,256.823974609375,19.278667449951172,111448000,84776000.0,27706000.0,10381500.0,22789100,483824000.0,77617900,121656000.0
2019-04-02,46.192142486572266,90.6989974975586,59.708831787109375,172.6835479736328,111.28997802734375,4.531009197235107,256.9497985839844,19.058666229248047,91062800,68962000.0,18288000.0,23946500.0,18142300,440920000.0,40070400,82183500.0
2019-04-03,46.508785247802734,91.03500366210938,59.9698486328125,172.02928161621094,112.01826477050781,4.670158863067627,257.3541259765625,19.45400047302246,93087200,78522000.0,22180000.0,27391100.0,22860700,783504000.0,68243200,118791000.0
2019-04-04,46.58974075317383,90.94300079345703,60.39777374267578,174.4877166748047,111.44871520996094,4.661245822906494,258.0369567871094,17.851999282836914,76457200,72478000.0,21022000.0,17847700.0,20112800,457376000.0,48997500,355810500.0
2019-04-05,46.90161895751953,91.86399841308594,60.00154495239258,174.19033813476562,111.9435806274414,4.727848529815674,259.285888671875,18.33066749572754,74106400,72810000.0,20012000.0,9594100.0,15826200,481744000.0,58621700,195574500.0
2019-04-08,47.63966369628906,92.49299621582031,59.84454345703125,173.40724182128906,111.9809341430664,4.7486467361450195,259.48358154296875,18.213333129882812,103526800,75056000.0,21750000.0,7297400.0,15116200,424192000.0,53566300,156156000.0
2019-04-09,47.49681854248047,91.79199981689453,59.56767272949219,176.03414916992188,111.37400817871094,4.686005592346191,258.15386962890625,18.15399932861328,143072800,74288000.0,19668000.0,19751000.0,17612000,439972000.0,66142300,88560000.0
2019-04-10,47.763458251953125,92.36650085449219,59.75389862060547,176.27207946777344,112.22368621826172,4.756321907043457,259.0343933105469,18.40399932861328,86781200,59280000.0,15510000.0,11701500.0,16477200,444772000.0,52601500,105919500.0
2019-04-11,47.365875244140625,92.20349884033203,59.909420013427734,175.96475219726562,112.35440826416016,4.742457389831543,258.9625244140625,17.89466667175293,83603200,53096000.0,16998000.0,8071000.0,14209100,374600000.0,55093100,147538500.0
2019-04-12,47.34682083129883,92.15299987792969,60.56022644042969,177.54090881347656,112.93329620361328,4.704574108123779,260.7145690917969,17.84666633605957,111042800,62288000.0,24312000.0,12329800.0,19745100,471708000.0,69727800,101190000.0
2019-04-15,47.432525634765625,92.24349975585938,60.74843978881836,178.08612060546875,113.02667999267578,4.573099613189697,260.5437927246094,17.7586669921875,70146400,74488000.0,23796000.0,10834800.0,15792600,440092000.0,49596700,150579000.0
2019-04-16,47.43729782104492,93.1520004272461,61.014896392822266,177.3129119873047,112.76525115966797,4.660007953643799,260.7145690917969,18.224000930786133,102785600,60892000.0,22622000.0,11215200.0,14071800,394964000.0,52153200,109093500.0
2019-04-17,48.361045837402344,93.24099731445312,61.42251968383789,177.22369384765625,113.69894409179688,4.637227535247803,260.07659912109375,18.082000732421875,115627200,57870000.0,30366000.0,9973700.0,19300900,351004000.0,58268300,76897500.0
2019-04-18,48.53483581542969,93.08450317382812,61.4883918762207,176.7280731201172,115.19290924072266,4.612715721130371,260.5888671875,18.21733283996582,96783200,54998000.0,24750000.0,11655600.0,27991000,380988000.0,68708500,88144500.0
2019-04-22,48.69434356689453,94.3655014038086,62.09710693359375,179.86053466796875,115.55707550048828,4.66644287109375,260.8134460449219,17.516666412353516,77758000,67476000.0,19084000.0,13389900.0,15648700,279936000.0,40160100,182206500.0
2019-04-23,49.396690368652344,96.1884994506836,62.930667877197266,182.18016052246094,117.12569427490234,4.720915794372559,263.1586608886719,17.593332290649414,93292000,92808000.0,31868000.0,19954800.0,24025500,346856000.0,52246600,164158500.0
2019-04-24,49.320491790771484,95.0875015258789,62.40864562988281,180.99058532714844,116.72421264648438,4.73329496383667,262.574462890625,17.243999481201172,70162400,73516000.0,23396000.0,37289900.0,31257000,318204000.0,50392900,160912500.0
2019-04-25,48.87290573120117,95.11250305175781,62.76970291137695,191.57763671875,120.5898208618164,4.627819061279297,262.41278076171875,16.5086669921875,74172800,121982000.0,31344000.0,54148800.0,38033900,499296000.0,57770900,327741000.0
2019-04-26,48.639591217041016,97.53150177001953,63.268951416015625,189.8230743408203,121.28076171875,4.409439563751221,263.6347961425781,15.675999641418457,74596400,168652000.0,27228000.0,22075000.0,23654900,868988000.0,50916400,335410500.0
2019-04-29,48.71340560913086,96.92150115966797,64.19911193847656,193.0843963623047,121.16870880126953,4.44014310836792,264.04815673828125,16.097999572753906,88818800,80426000.0,72368000.0,19641300.0,16324200,391920000.0,57197700,250717500.0
2019-04-30,47.77536392211914,96.32599639892578,59.382930755615234,191.7164306640625,121.9437255859375,4.481490612030029,264.182861328125,15.912667274475098,186139600,70120000.0,133178000.0,23494700.0,24166500,362920000.0,81111700,141969000.0
2019-05-01,50.120445251464844,95.57599639892578,58.11301040649414,191.34963989257812,119.40399932861328,4.4683685302734375,262.1971740722656,15.600666999816895,259309200,62340000.0,74340000.0,15996600.0,26821700,354280000.0,71671900,160566000.0
2019-05-02,49.794281005859375,95.04100036621094,57.77572250366211,190.85398864746094,117.84468078613281,4.535714626312256,261.6311340332031,16.273332595825195,127985200,79258000.0,45098000.0,13209500.0,27350200,394684000.0,65030200,272389500.0
2019-05-03,50.41328048706055,98.12300109863281,58.916866302490234,193.7684326171875,120.35637664794922,4.531257152557373,264.1917724609375,17.00200080871582,83569600,127632000.0,41588000.0,14575400.0,24911100,336824000.0,56543700,355602000.0
2019-05-06,49.634769439697266,97.52749633789062,59.11052322387695,192.19224548339844,119.65608978271484,4.45301628112793,263.1047668457031,17.022666931152344,129772400,108356000.0,31774000.0,13994900.0,24239800,422176000.0,107198100,162508500.0
2019-05-07,48.29676818847656,96.05000305175781,58.38740921020508,188.11802673339844,117.20040893554688,4.286135673522949,258.71087646484375,16.470666885375977,155054800,118042000.0,36604000.0,16253000.0,36017700,555220000.0,144729900,151971000.0
2019-05-08,48.30628204345703,95.88849639892578,57.98720932006836,187.89002990722656,117.19108581542969,4.306191921234131,258.3514709472656,16.32266616821289,105358000,81572000.0,25520000.0,12505700.0,28419000,419168000.0,91568300,92646000.0
2019-05-09,47.787269592285156,94.99349975585938,57.848026275634766,187.00778198242188,117.18173217773438,4.21383810043335,257.5697937011719,16.131999969482422,139634400,106166000.0,29556000.0,12967000.0,27235800,660248000.0,103471100,100671000.0
2019-05-10,47.1252555847168,94.4990005493164,57.831687927246094,186.70046997070312,118.7037124633789,4.17991828918457,258.8637390136719,15.968000411987305,164834800,114360000.0,31650000.0,12578500.0,30915100,569500000.0,112429300,105124500.0
2019-05-13,44.386356353759766,91.13400268554688,56.2938232421875,179.9596405029297,115.17425537109375,3.923161268234253,252.35830688476562,15.133999824523926,229722400,115668000.0,45626000.0,16833300.0,33944900,656912000.0,127290500,162522000.0
2019-05-14,45.08900833129883,92.00599670410156,55.712860107421875,179.15673828125,116.46277618408203,4.01204776763916,254.64059448242188,15.487333297729492,146118800,92582000.0,40392000.0,17628100.0,25266300,524880000.0,77003200,108786000.0
2019-05-15,45.629146575927734,93.55750274658203,57.98820114135742,184.64849853515625,118.10282135009766,3.951138973236084,256.132080078125,15.463333129882812,106178800,93852000.0,59302000.0,16746900.0,24722700,502320000.0,73956400,109440000.0
2019-05-16,45.42838668823242,95.37850189208984,58.6667366027832,185.3622283935547,120.8299789428711,3.9662420749664307,258.50433349609375,15.222000122070312,132125600,94156000.0,35308000.0,12953100.0,30112200,781088000.0,76749600,112249500.0
2019-05-17,45.170265197753906,93.44999694824219,57.88815689086914,183.68695068359375,120.02404022216797,3.875621795654297,256.8329772949219,14.0686674118042,131516400,94732000.0,25362000.0,10485400.0,25770500,1022068000.0,100353000,266800500.0
2019-05-20,43.7578010559082,92.94850158691406,56.69352722167969,181.12939453125,118.29027557373047,3.7572720050811768,255.1348114013672,13.690667152404785,154449200,75964000.0,30602000.0,10352000.0,23706900,572064000.0,62877600,307893000.0
2019-05-21,44.5966796875,92.8759994506836,57.177913665771484,183.2111358642578,118.92755126953125,3.8392255306243896,257.4349670410156,13.67199993133545,113459200,80102000.0,20562000.0,7502800.0,15293300,361848000.0,46847100,270058500.0
2019-05-22,43.683712005615234,92.98400115966797,57.247745513916016,183.70677185058594,119.649169921875,3.768413543701172,256.644287109375,12.84866714477539,118994400,58732000.0,18826000.0,9213800.0,15396500,325868000.0,49482500,280278000.0
2019-05-23,42.93803405761719,90.77400207519531,56.727203369140625,179.29550170898438,118.2527847290039,3.6475863456726074,253.5084686279297,13.03266716003418,146118800,88486000.0,25214000.0,12768800.0,23603800,591844000.0,98733800,398206500.0
2019-05-24,42.77313995361328,91.16400146484375,56.39387130737305,179.48382568359375,118.30901336669922,3.593857765197754,254.08352661132812,12.708666801452637,94858800,67394000.0,18554000.0,8807700.0,14123400,357584000.0,55268100,212049000.0
2019-05-28,42.59627914428711,91.82150268554688,56.440921783447266,182.70558166503906,118.23401641845703,3.548795461654663,251.7204132080078,12.579999923706055,111792800,64000000.0,20948000.0,14843300.0,23128400,428356000.0,70029400,154693500.0
2019-05-29,42.393123626708984,90.95950317382812,55.46917724609375,180.60401916503906,117.0906753540039,3.474764347076416,250.0311737060547,12.657333374023438,113924800,85580000.0,36230000.0,12797700.0,22763100,559800000.0,104972900,179529000.0
2019-05-30,42.612998962402344,90.81600189208984,55.54198455810547,181.4168701171875,117.8310546875,3.448241949081421,250.7140350341797,12.54800033569336,84873600,62938000.0,18088000.0,8581500.0,16829600,394300000.0,62523800,118897500.0
2019-05-31,41.84104537963867,88.75350189208984,54.80351257324219,175.9250946044922,115.90983581542969,3.3577654361724854,247.33566284179688,12.343999862670898,108174400,92376000.0,31582000.0,15226500.0,26646800,389720000.0,86862800,156100500.0
2019-06-03,41.41802978515625,84.6344985961914,51.44744873046875,162.72105407714844,112.31109619140625,3.316121816635132,246.7066650390625,11.9313325881958,161584400,181974000.0,96890000.0,56059600.0,37983600,478644000.0,96428000,195966000.0
2019-06-04,42.933258056640625,86.47799682617188,52.22751998901367,166.04188537597656,115.42250061035156,3.544665813446045,252.0618438720703,12.90666675567627,123872000,113582000.0,60512000.0,46044300.0,29382600,641836000.0,77231900,207112500.0
2019-06-05,43.62635040283203,86.92500305175781,51.73965835571289,166.7060546875,117.9247817993164,3.502030611038208,254.2452392578125,13.105999946594238,119093600,84796000.0,46988000.0,19758300.0,24926100,511616000.0,71169700,202662000.0
2019-06-06,44.2668571472168,87.71800231933594,51.894195556640625,166.86465454101562,119.78974914550781,3.5640008449554443,255.8984832763672,13.729999542236328,90105200,73786000.0,29020000.0,12446400.0,21459000,408140000.0,69430400,303633000.0
2019-06-07,45.44511032104492,90.20149993896484,52.91497802734375,171.84097290039062,123.14482879638672,3.6066360473632812,258.4593505859375,13.633333206176758,122737600,96164000.0,43828000.0,16917300.0,33885600,348856000.0,74272200,240052500.0
2019-06-10,46.02587127685547,93.03150177001953,53.6276969909668,173.29818725585938,124.26945495605469,3.679264783859253,259.64532470703125,14.192000389099121,104883600,107420000.0,28510000.0,14767900.0,26477100,402780000.0,60799100,158775000.0
2019-06-11,46.558837890625,93.18499755859375,53.542503356933594,176.5496063232422,123.80085754394531,3.736772060394287,259.58251953125,14.473333358764648,107731600,80854000.0,33508000.0,15266600.0,23913700,383872000.0,58641300,174802500.0
2019-06-12,46.4106559753418,92.76599884033203,53.4464225769043,173.5162353515625,123.22917175292969,3.6239876747131348,259.1241760253906,13.950667381286621,73012800,53566000.0,23670000.0,17699800.0,17092500,358892000.0,47096300,227962500.0
2019-06-13,46.40108108520508,93.51499938964844,54.03630828857422,175.9250946044922,124.007080078125,3.6750502586364746,260.19342041015625,14.260666847229004,86698400,55916000.0,20814000.0,12253600.0,17200800,308080000.0,48945200,122524500.0
2019-06-14,46.0640983581543,93.4834976196289,53.80302429199219,179.75152587890625,124.12885284423828,3.585317850112915,259.9059143066406,14.32800006866455,75046000,57024000.0,24582000.0,16773700.0,17821700,394428000.0,52324700,111501000.0
2019-06-17,46.33895492553711,94.30149841308594,54.1789436340332,187.36463928222656,124.50375366210938,3.594985008239746,260.0047607421875,15.001999855041504,58676400,52686000.0,19770000.0,29459900.0,14517800,276040000.0,39205700,184752000.0
2019-06-18,47.42878341674805,95.06849670410156,54.7411003112793,186.82933044433594,126.6686019897461,3.78956937789917,262.72723388671875,14.982666969299316,106204000,77914000.0,34526000.0,37571400.0,25934500,581920000.0,85434800,190737000.0
2019-06-19,47.2901496887207,95.43949890136719,54.7049446105957,185.8479461669922,127.16529083251953,3.7955195903778076,263.3203125,15.095333099365234,84496800,57906000.0,26714000.0,21417100.0,23744400,331644000.0,78674400,98626500.0
2019-06-20,47.67015838623047,95.90950012207031,55.135345458984375,187.88011169433594,128.3461456298828,3.8198113441467285,265.836181640625,14.641332626342773,86056000,64344000.0,24018000.0,14635700.0,33042600,350168000.0,116570000,177952500.0
2019-06-21,47.50764083862305,95.56500244140625,55.73811340332031,189.47608947753906,128.3648681640625,3.761807680130005,265.44970703125,14.790666580200195,191202400,78672000.0,50774000.0,22751200.0,36727900,434428000.0,83309500,123031500.0
2019-06-24,47.459842681884766,95.69499969482422,55.308692932128906,190.92340087890625,129.12403869628906,3.784116268157959,265.1246643066406,14.909333229064941,72881600,45660000.0,24236000.0,15509000.0,20628800,282948000.0,47582700,86262000.0
2019-06-25,46.740474700927734,93.91349792480469,53.86642074584961,187.1960906982422,125.04728698730469,3.7548670768737793,262.5243835449219,14.650667190551758,84281200,60246000.0,31644000.0,16750300.0,33327400,311868000.0,82028700,92731500.0
2019-06-26,47.75141906738281,94.8915023803711,53.506839752197266,186.0264129638672,125.5158462524414,3.947715997695923,262.2625732421875,14.618000030517578,104270000,48838000.0,34698000.0,12808600.0,23657700,584072000.0,51584900,127608000.0
2019-06-27,47.73707962036133,95.21399688720703,53.32408142089844,187.85037231445312,125.7220230102539,4.04612398147583,263.1925048828125,14.855999946594238,83598800,42834000.0,24078000.0,11159000.0,16557500,445440000.0,40355200,95095500.0
2019-06-28,47.30210876464844,94.68150329589844,53.62967300415039,191.31993103027344,125.54402923583984,4.0709123611450195,264.5469055175781,14.897333145141602,124442400,60748000.0,33672000.0,16378900.0,30043000,397668000.0,59350900,102771000.0
2019-07-01,48.1696662902832,96.1094970703125,54.481571197509766,191.31993103027344,127.15596771240234,4.11899995803833,266.948486328125,15.14466667175293,109012000,63842000.0,29196000.0,14181800.0,22613500,709756000.0,78705600,123201000.0
2019-07-02,48.45168685913086,96.71549987792969,55.10563659667969,193.302490234375,127.99942016601562,4.021335601806641,267.6437683105469,14.970000267028809,67740800,52918000.0,20630000.0,9050000.0,15237800,400228000.0,61504500,138885000.0
2019-07-03,48.85319519042969,96.94999694824219,55.62023162841797,195.48333740234375,128.82412719726562,4.034226894378662,269.7835998535156,15.65999984741211,45448000,33806000.0,20154000.0,10246100.0,13629300,246636000.0,40898900,213016500.0
2019-07-05,48.8101692199707,97.14550018310547,56.099674224853516,194.69033813476562,128.44927978515625,3.971761703491211,269.47662353515625,15.539999961853027,69062000,52568000.0,29794000.0,11164100.0,18141100,396552000.0,51677300,105985500.0
2019-07-08,47.80400085449219,97.61599731445312,55.31315994262695,194.05589294433594,128.35549926757812,3.8969016075134277,267.9958801269531,15.355999946594238,101354400,57668000.0,29888000.0,9723900.0,16779700,329788000.0,45841800,88207500.0
2019-07-09,48.095584869384766,99.41500091552734,55.68463134765625,197.47586059570312,127.886962890625,3.8993804454803467,268.3299255371094,15.337332725524902,82312000,86914000.0,29472000.0,14698600.0,19953100,342860000.0,41101300,92862000.0
2019-07-10,48.57118225097656,100.87049865722656,56.50779342651367,200.96522521972656,129.18959045410156,3.9675474166870117,269.6119689941406,15.928000450134277,71588400,98638000.0,30710000.0,20571700.0,24204400,452076000.0,58448500,137185500.0
2019-07-11,48.217464447021484,100.05349731445312,56.664791107177734,199.4782257080078,129.7050323486328,4.121727466583252,270.24407958984375,15.90666675567627,80767200,86356000.0,26004000.0,13678500.0,22327900,682560000.0,50826100,112716000.0
2019-07-12,48.58791732788086,100.55000305175781,56.727203369140625,203.08657836914062,130.17364501953125,4.154695987701416,271.4538879394531,16.338666915893555,70380800,50186000.0,21878000.0,15366300.0,18936800,506392000.0,40326000,138007500.0
2019-07-15,49.044395446777344,101.04949951171875,56.98326110839844,202.13494873046875,130.17364501953125,4.146267890930176,271.54425048828125,16.899999618530273,67789600,59626000.0,21164000.0,16030300.0,16651500,289840000.0,33900000,165001500.0
2019-07-16,48.87470626831055,100.49500274658203,57.129371643066406,202.06556701660156,128.46798706054688,4.1415581703186035,270.6684875488281,16.825332641601562,67467200,52364000.0,25352000.0,12132700.0,22726100,341444000.0,36650100,122235000.0
2019-07-17,48.59986114501953,99.60150146484375,56.79655075073242,200.04330444335938,127.70889282226562,4.206750392913818,268.8265686035156,16.99066734313965,56430000,51176000.0,19538000.0,12083700.0,20211000,348204000.0,36036300,146470500.0
2019-07-18,49.15193176269531,98.8949966430664,56.82130813598633,199.03216552734375,127.84947204589844,4.218399524688721,269.8106994628906,16.902666091918945,74162400,69738000.0,25450000.0,11937900.0,30381800,442192000.0,51392600,71379000.0
2019-07-19,48.41822052001953,98.22599792480469,56.04420471191406,196.6332550048828,128.03688049316406,4.175271511077881,268.3119201660156,17.211999893188477,83717200,63712000.0,23184000.0,12098300.0,48992400,344896000.0,58678600,105726000.0
2019-07-22,49.52476501464844,99.28150177001953,56.423583984375,200.5587921142578,129.73318481445312,4.246657848358154,268.970947265625,17.045333862304688,89111600,58000000.0,28914000.0,13589000.0,25074900,315940000.0,43638100,102636000.0
2019-07-23,49.91193771362305,99.72450256347656,56.86142349243164,200.5984344482422,130.5391387939453,4.354238033294678,270.8941650390625,17.344667434692383,73420800,54070000.0,20648000.0,14583700.0,18034600,428176000.0,44564500,75346500.0
2019-07-24,49.87131881713867,100.04049682617188,56.4493408203125,202.87838745117188,131.87928771972656,4.428601264953613,272.1672058105469,17.658666610717773,59966400,52626000.0,27192000.0,32532500.0,20738300,366236000.0,47213200,166092000.0
2019-07-25,49.47696304321289,98.69100189208984,56.26163101196289,198.96279907226562,131.38262939453125,4.2977213859558105,270.8670959472656,15.254667282104492,55638400,82730000.0,54762000.0,39889900.0,18356900,392700000.0,55394100,336274500.0
2019-07-26,49.6490478515625,97.15249633789062,61.67413330078125,198.0111541748047,132.46034240722656,4.339613437652588,272.6819152832031,15.202667236328125,70475600,98542000.0,121216000.0,24434000.0,19037600,274160000.0,45084100,150415500.0
2019-07-29,50.112693786621094,95.62249755859375,61.50672149658203,194.2343292236328,132.1698455810547,4.333415985107422,272.1853332519531,15.718000411987305,86693600,89864000.0,41382000.0,16530800.0,16605900,248160000.0,38126500,139099500.0
2019-07-30,49.897605895996094,94.92649841308594,60.82124710083008,195.32473754882812,131.5325469970703,4.349034309387207,271.5171203613281,16.150667190551758,135742800,58218000.0,28616000.0,11903600.0,16846500,197772000.0,45849000,121635000.0
2019-07-31,50.915733337402344,93.33899688720703,60.33586120605469,192.53919982910156,127.70889282226562,4.182210445404053,268.5465393066406,16.107332229614258,277125600,89414000.0,39960000.0,14593500.0,38598800,359416000.0,104245200,137673000.0
2019-08-01,49.813961029052734,92.76599884033203,60.017887115478516,191.05224609375,129.38645935058594,4.088017463684082,266.20819091796875,15.59000015258789,216071600,94266000.0,35426000.0,17777000.0,40557500,421212000.0,142646600,123892500.0
2019-08-02,48.759979248046875,91.16200256347656,59.25218200683594,187.3745574951172,128.29930114746094,3.9955570697784424,264.20379638671875,15.62266731262207,163448400,99124000.0,34910000.0,15297000.0,30791600,428348000.0,116749700,92047500.0
2019-08-05,46.20750427246094,88.25650024414062,57.193260192871094,180.1480255126953,123.9039535522461,3.7377631664276123,256.2582702636719,15.221332550048828,209572000,121164000.0,47840000.0,23086700.0,42749600,589156000.0,178745400,105424500.0
2019-08-06,47.08223342895508,89.3915023803711,58.002071380615234,182.90380859375,126.22815704345703,3.776432514190674,259.85174560546875,15.383333206176758,143299200,101406000.0,36014000.0,18035700.0,32696700,361272000.0,120711700,83463000.0
2019-08-07,47.56977844238281,89.66999816894531,58.241302490234375,183.53823852539062,126.78109741210938,3.814605951309204,260.0052490234375,15.561332702636719,133457600,90538000.0,30686000.0,15833200.0,33414500,372560000.0,140572300,71647500.0
2019-08-08,48.61897659301758,91.64450073242188,59.74102020263672,188.50460815429688,130.16429138183594,3.922928810119629,265.1066589355469,15.886667251586914,108038000,74024000.0,30116000.0,14828900.0,27496500,309300000.0,87713900,79114500.0
2019-08-09,48.21833801269531,90.37899780273438,58.88467025756836,186.21475219726562,129.05841064453125,3.821794271469116,263.30084228515625,15.667332649230957,98478800,57596000.0,20418000.0,11058800.0,23466700,341816000.0,93730000,58473000.0
2019-08-12,48.09598159790039,89.24600219726562,58.17145919799805,183.75631713867188,127.25898742675781,3.754124164581299,260.09564208984375,15.267333030700684,89927600,58110000.0,22064000.0,10930900.0,20484300,279200000.0,65527600,69958500.0
2019-08-13,50.13278579711914,91.21700286865234,59.2724723815918,186.80950927734375,129.89247131347656,3.8681483268737793,264.14056396484375,15.666666984558105,188874000,79880000.0,28434000.0,13577000.0,25154600,351956000.0,94299800,72721500.0
2019-08-14,48.640567779541016,88.14800262451172,57.66379165649414,178.14559936523438,125.98086547851562,3.719916343688965,256.33050537109375,14.641332626342773,146189600,97872000.0,35430000.0,18903700.0,32527300,419880000.0,135622100,143439000.0
2019-08-15,48.398258209228516,88.80599975585938,57.914894104003906,181.00054931640625,125.69879150390625,3.687692403793335,257.0076599121094,14.37600040435791,108909600,75182000.0,28506000.0,12925900.0,28074400,477200000.0,99556600,122394000.0
2019-08-16,49.54020309448242,89.62850189208984,58.40473556518555,182.10084533691406,128.00247192382812,3.955153226852417,260.7998962402344,14.662667274475098,110481600,60360000.0,24916000.0,12654600.0,24449100,1007960000.0,83018300,76477500.0
2019-08-19,50.46383285522461,90.80599975585938,59.45623016357422,184.5493621826172,130.14634704589844,4.233273029327393,263.94183349609375,15.121999740600586,97654400,56326000.0,24450000.0,9691200.0,24355700,815112000.0,53571800,79644000.0
2019-08-20,50.46623611450195,90.06900024414062,58.61869812011719,182.20993041992188,129.0650177001953,4.161139965057373,261.9194030761719,15.057332992553711,107537200,38590000.0,20206000.0,10083400.0,21170800,463188000.0,51596400,61878000.0
2019-08-21,51.01321792602539,91.177001953125,59.01740646362305,181.95220947265625,130.5037078857422,4.24442720413208,264.0502624511719,14.722000122070312,86141600,40636000.0,14152000.0,8398200.0,14970300,427244000.0,49524700,116914500.0
2019-08-22,50.97003173828125,90.23300170898438,59.01443862915039,180.45529174804688,129.55398559570312,4.2506256103515625,263.9689636230469,14.8100004196167,89014800,53070000.0,17352000.0,10821400.0,18697000,303488000.0,51666400,98385000.0
2019-08-23,48.61417770385742,87.48100280761719,57.135318756103516,176.2026824951172,125.42610931396484,4.026542663574219,257.18829345703125,14.09333324432373,187272000,105416000.0,36254000.0,17323400.0,38508600,568056000.0,149161500,128079000.0
2019-08-26,49.537811279296875,88.44349670410156,58.00701904296875,178.78994750976562,127.36309814453125,4.10115385055542,260.0324401855469,14.333333015441895,104174400,61600000.0,21166000.0,8773600.0,20312600,318208000.0,72423800,75778500.0
2019-08-27,48.97883987426758,88.09149932861328,57.989192962646484,179.7217559814453,127.63578033447266,4.010677814483643,259.0120849609375,14.272000312805176,103493200,60394000.0,23460000.0,14399600.0,23102100,290968000.0,66668900,81243000.0
2019-08-28,49.307498931884766,88.2125015258789,58.134315490722656,180.17774963378906,127.4665298461914,4.000257968902588,260.83587646484375,14.37266731262207,63755200,48394000.0,16810000.0,9386100.0,17393300,255612000.0,59696700,48382500.0
2019-08-29,50.14236831665039,89.31999969482422,59.1491584777832,183.95457458496094,129.87368774414062,4.143673419952393,264.16766357421875,14.780667304992676,83962000,60302000.0,19636000.0,10128700.0,20168700,357976000.0,57899400,77692500.0
2019-08-30,50.07759475708008,88.81449890136719,58.96540832519531,184.05374145507812,129.6291961669922,4.156326770782471,264.0502624511719,15.040666580200195,84573600,61174000.0,18064000.0,10774500.0,23940100,290616000.0,62901200,139809000.0
2019-09-03,49.34828567504883,89.49199676513672,57.92629623413086,180.8022918701172,127.91786193847656,4.073453426361084,262.50634765625,15.000666618347168,80092000,70860000.0,25908000.0,9779400.0,18869300,296140000.0,69101400,80311500.0
2019-09-04,50.1855583190918,90.03099822998047,58.556297302246094,185.5109405517578,129.4129638671875,4.187341690063477,265.48583984375,14.711999893188477,76752400,46482000.0,21312000.0,11308000.0,17995900,227728000.0,46887300,86415000.0
2019-09-05,51.1667594909668,92.03600311279297,60.03818893432617,189.23818969726562,131.68844604492188,4.459782600402832,268.89874267578125,15.305333137512207,95654800,66216000.0,26394000.0,13876700.0,26101800,695676000.0,83258100,110929500.0
2019-09-06,51.16196060180664,91.67549896240234,59.747467041015625,185.85789489746094,130.79513549804688,4.432737350463867,269.1064147949219,15.16333293914795,77449200,49938000.0,18972000.0,15226800.0,20824500,376976000.0,49584300,62841000.0
2019-09-09,51.38026428222656,91.56749725341797,59.695457458496094,187.1168212890625,129.3094940185547,4.478641033172607,269.24188232421875,15.452667236328125,109237600,59990000.0,31854000.0,14722400.0,25773900,417524000.0,51260300,72040500.0
2019-09-10,51.98722457885742,91.02749633789062,59.71675491333008,184.5493621826172,127.95547485351562,4.545137405395508,269.1786804199219,15.702667236328125,127111600,52278000.0,27922000.0,15455900.0,28903400,352812000.0,57947100,73255500.0
2019-09-11,53.640167236328125,91.14949798583984,60.42501449584961,186.84918212890625,127.99311828613281,4.573672771453857,271.0926818847656,16.47333335876465,177158400,48656000.0,23522000.0,11761700.0,24726100,361512000.0,68821100,150642000.0
2019-09-12,53.52022171020508,92.17749786376953,61.16645812988281,185.83804321289062,129.3094940185547,4.572183132171631,272.0318298339844,16.391332626342773,128906800,56470000.0,31644000.0,11419800.0,27010000,327840000.0,72908700,128718000.0
2019-09-13,52.479034423828125,91.96700286865234,61.41706848144531,185.5605010986328,129.12147521972656,4.514369487762451,271.8512268066406,16.34666633605957,159053200,39426000.0,23676000.0,11441100.0,23363100,324592000.0,62104800,79696500.0
2019-09-16,52.75492477416992,90.39199829101562,61.001033782958984,184.59893798828125,128.19058227539062,4.471444129943848,271.0115051269531,16.187332153320312,84632400,73510000.0,28218000.0,8444800.0,16731400,231832000.0,58191200,70921500.0
2019-09-17,52.94684600830078,91.12750244140625,60.91435623168945,186.44273376464844,129.18728637695312,4.492783069610596,271.69769287109375,16.319332122802734,73274800,39648000.0,20806000.0,9671100.0,17814200,223048000.0,41475500,57981000.0
2019-09-18,53.44344711303711,90.87300109863281,61.051551818847656,186.50225830078125,130.24986267089844,4.465737819671631,271.8602294921875,16.232667922973633,101360000,50112000.0,17440000.0,9681900.0,23982100,258152000.0,73375800,62553000.0
2019-09-19,53.00922775268555,91.07499694824219,61.35367202758789,188.48480224609375,132.64756774902344,4.390307903289795,271.8421936035156,16.440000534057617,88242400,40630000.0,16554000.0,10392700.0,35772100,245476000.0,76560500,71937000.0
2019-09-20,52.234336853027344,89.70800018310547,60.912376403808594,188.27664184570312,131.11488342285156,4.284854412078857,270.5577087402344,16.041332244873047,221652400,106838000.0,37692000.0,19934200.0,39167300,350244000.0,89565000,95295000.0
2019-09-23,52.47184371948242,89.26499938964844,61.152587890625,185.1937255859375,130.83279418945312,4.338201999664307,270.4942932128906,16.082000732421875,76662000,58446000.0,20798000.0,13327600.0,17139300,249712000.0,43476800,65103000.0
2019-09-24,52.222328186035156,87.08049774169922,60.34230041503906,179.70193481445312,129.17787170410156,4.280884742736816,268.37176513671875,14.880666732788086,124763200,92320000.0,35804000.0,18546600.0,29773200,317268000.0,94869400,193372500.0
2019-09-25,53.02601623535156,88.41649627685547,61.70979309082031,181.20870971679688,131.03970336914062,4.42231559753418,269.95916748046875,15.24666690826416,87613600,69864000.0,26798000.0,18068300.0,21382000,308432000.0,71854000,141406500.0
2019-09-26,52.75252914428711,86.99199676513672,61.52900695800781,178.5421142578125,131.20896911621094,4.400232791900635,269.3966979980469,16.17066764831543,75334000,70736000.0,23166000.0,16083300.0,17456600,234564000.0,56179700,178267500.0
2019-09-27,52.495826721191406,86.27249908447266,60.71971130371094,175.55833435058594,129.50697326660156,4.261780738830566,267.9454040527344,16.142000198364258,101408000,78144000.0,34122000.0,14656200.0,22477700,362056000.0,84746600,166746000.0
2019-09-30,53.731327056884766,86.79550170898438,60.481475830078125,176.52978515625,130.72933959960938,4.319096088409424,269.1881408691406,16.058000564575195,103909600,52894000.0,24470000.0,10740000.0,17280900,186184000.0,51662400,88197000.0
2019-10-01,53.88007354736328,86.78250122070312,59.73160934448242,174.2795867919922,128.88636779785156,4.31735897064209,265.9861755371094,16.312667846679688,139223200,61690000.0,24504000.0,17073000.0,21466600,366008000.0,88242400,92439000.0
2019-10-02,52.529422760009766,85.6614990234375,58.34084701538086,173.080078125,126.61083984375,4.293539524078369,261.2876281738281,16.208667755126953,138449200,66022000.0,33030000.0,16151700.0,30521700,293372000.0,122539500,84471000.0
2019-10-03,52.97563552856445,86.22100067138672,58.910919189453125,177.81849670410156,128.14353942871094,4.498739242553711,263.4283142089844,15.535332679748535,114426000,69364000.0,28368000.0,16086300.0,24132900,450588000.0,85278800,226267500.0
2019-10-04,54.46065139770508,86.98249816894531,59.97727966308594,178.879150390625,129.87368774414062,4.5151143074035645,266.9930419921875,15.428667068481445,138478800,49438000.0,24282000.0,10430200.0,22897700,265524000.0,65091200,119925000.0
2019-10-07,54.4726448059082,86.63300323486328,59.84305191040039,178.11585998535156,128.93341064453125,4.573672771453857,265.841064453125,15.847999572753906,122306000,43094000.0,17040000.0,9178300.0,15303700,480984000.0,59610500,120963000.0
2019-10-08,53.83449172973633,85.27549743652344,58.945594787597656,176.2026824951172,127.5699462890625,4.39750337600708,261.7139892578125,16.003332138061523,111820000,50840000.0,20086000.0,9466900.0,25550500,444436000.0,95708100,130173000.0
2019-10-09,54.46543502807617,86.09950256347656,59.553306579589844,178.2843780517578,129.9864959716797,4.483850479125977,264.19921875,16.302000045776367,74770400,40870000.0,15948000.0,7556900.0,19749900,292412000.0,62359400,103416000.0
2019-10-10,55.19954299926758,86.01300048828125,59.903472900390625,178.46282958984375,130.79513549804688,4.541416645050049,265.9861755371094,16.31599998474121,113013600,51504000.0,12842000.0,8605000.0,17654600,309124000.0,55296300,94249500.0
2019-10-11,56.667755126953125,86.59600067138672,60.21253967285156,182.5866241455078,131.3405303955078,4.6148600578308105,268.7437438964844,16.525999069213867,166795600,65100000.0,22330000.0,14930500.0,25446000,446404000.0,98720400,127131000.0
2019-10-14,56.58620071411133,86.82150268554688,60.314571380615234,181.6844940185547,131.2183380126953,4.628258228302002,268.4443664550781,17.130666732788086,96427600,38204000.0,13296000.0,7006000.0,13304300,200040000.0,40394800,153075000.0
2019-10-15,56.45425033569336,88.36900329589844,61.52653503417969,187.24566650390625,133.11773681640625,4.87241268157959,271.10198974609375,17.19266700744629,87360000,62234000.0,27584000.0,15039100.0,19695700,664124000.0,46754500,96492000.0
2019-10-16,56.22634506225586,88.87149810791016,61.564178466796875,187.8999481201172,132.02699279785156,4.81881856918335,270.6665954589844,17.316667556762695,73903200,55268000.0,22986000.0,10516900.0,20751600,428944000.0,48928200,100261500.0
2019-10-17,56.44465255737305,89.3740005493164,62.04955291748047,188.73260498046875,131.34996032714844,4.820803165435791,271.4648132324219,17.46466636657715,67585200,52948000.0,20958000.0,9603000.0,21460600,263436000.0,45736600,71539500.0
2019-10-18,56.71574401855469,87.87550354003906,61.634010314941406,184.23214721679688,129.20606994628906,4.726516246795654,270.2766418457031,17.1299991607666,97433600,67250000.0,31624000.0,16874200.0,32273500,307440000.0,64304000,86247000.0
2019-10-21,57.699337005615234,89.28299713134766,61.627567291259766,188.1081085205078,130.16519165039062,4.863481521606445,272.10888671875,16.899999618530273,87247200,42608000.0,18094000.0,8122600.0,20078200,261868000.0,39048600,75304500.0
2019-10-22,57.567405700683594,88.2864990234375,61.47502899169922,180.75270080566406,128.2281494140625,4.853556156158447,271.219970703125,17.038667678833008,82293600,42234000.0,22862000.0,19537600.0,27431000,328720000.0,48594700,69012000.0
2019-10-23,58.33989334106445,88.1084976196289,62.288780212402344,184.52952575683594,129.0462188720703,4.8406548500061035,272.0091247558594,16.978666305541992,75828800,42764000.0,21282000.0,12300400.0,29844600,279916000.0,34352200,78916500.0
2019-10-24,58.43585968017578,89.03900146484375,62.362091064453125,184.75753784179688,131.58499145507812,4.884570598602295,272.4535827636719,19.978666305541992,69275200,88922000.0,20224000.0,11413500.0,37029300,232020000.0,35453100,445813500.0
2019-10-25,59.15556335449219,88.06649780273438,62.619136810302734,186.25442504882812,132.32785034179688,5.075129985809326,273.5692443847656,21.875333786010742,73477200,192528000.0,27104000.0,8061200.0,25959700,423092000.0,45205400,450091500.0
2019-10-28,59.74812316894531,88.85399627685547,63.84151840209961,187.75123596191406,135.58132934570312,5.130959987640381,275.1112060546875,21.847333908081055,96572800,74178000.0,65428000.0,13657900.0,35280100,330792000.0,42147000,283054500.0
2019-10-29,58.366275787353516,88.135498046875,62.4388542175293,187.66204833984375,134.302490234375,5.034934997558594,275.0296325683594,21.08133316040039,142839600,45538000.0,52654000.0,13574900.0,20589500,211236000.0,44284900,190264500.0
2019-10-30,58.35908889770508,88.99949645996094,62.440834045410156,186.61126708984375,135.97622680664062,5.036920547485352,275.8731689453125,21.000667572021484,124522000,48988000.0,29204000.0,28734600.0,18496600,205960000.0,49643900,144627000.0
2019-10-31,59.678565979003906,88.83300018310547,62.34672546386719,189.98165893554688,134.8102264404297,4.987789154052734,275.1383361816406,20.994667053222656,139162000,55624000.0,31904000.0,42286500.0,24605100,209732000.0,69053800,76005000.0
2019-11-01,61.372291564941406,89.5719985961914,63.01288986206055,191.93450927734375,135.1393280029297,5.026748180389404,277.6872253417969,20.887332916259766,151125200,55808000.0,28812000.0,21711800.0,33128400,283640000.0,71141500,95758500.0
2019-11-04,61.77531814575195,90.23300170898438,63.872711181640625,193.02496337890625,135.9197540283203,5.223013401031494,278.802978515625,21.1646671295166,103272000,55438000.0,30632000.0,16371300.0,16912000,376716000.0,60606900,131805000.0
2019-11-05,61.686561584472656,90.08550262451172,63.96333694458008,192.62841796875,135.83514404296875,5.200930118560791,278.4944763183594,21.148000717163086,79897600,37710000.0,25148000.0,9942000.0,18250200,300868000.0,42933200,104151000.0
2019-11-06,61.71295166015625,89.78849792480469,63.942039489746094,189.88255310058594,135.45904541015625,5.151800632476807,278.5580749511719,21.77199935913086,75864400,40596000.0,24626000.0,10973000.0,16575800,269012000.0,46487100,119113500.0
2019-11-07,62.42518997192383,89.41000366210938,64.73104095458984,188.76239013671875,135.6470947265625,5.169418811798096,279.53765869140625,22.369333267211914,94940400,53022000.0,45140000.0,13473000.0,17786700,280340000.0,54272300,217009500.0
2019-11-08,62.596038818359375,89.29399871826172,64.83307647705078,189.17868041992188,137.24560546875,5.155523777008057,280.22705078125,22.47599983215332,69986400,42466000.0,30392000.0,10760800.0,16732700,189100000.0,49032100,91038000.0
2019-11-11,63.09172058105469,88.5824966430664,64.30213165283203,187.9594268798828,137.38668823242188,5.1654486656188965,279.69189453125,23.006000518798828,81821200,38920000.0,17234000.0,8631200.0,14362600,243436000.0,35797300,149800500.0
2019-11-12,63.03396224975586,88.9000015258789,64.2491226196289,192.77711486816406,138.2893524169922,5.200930118560791,280.281494140625,23.32866668701172,87388800,40752000.0,28852000.0,17615500.0,18641600,283504000.0,46484600,110391000.0
2019-11-13,63.63793182373047,87.65550231933594,64.19811248779297,191.5082550048828,138.51498413085938,5.175124645233154,280.3721618652344,23.073999404907227,102734400,59790000.0,20538000.0,10860700.0,16919200,300188000.0,53917700,126301500.0
2019-11-14,63.19758224487305,87.7300033569336,64.84049987792969,191.46859741210938,139.2202606201172,5.205397129058838,280.7803649902344,23.290000915527344,89182800,45296000.0,28948000.0,9040500.0,19729800,518080000.0,51219900,96973500.0
2019-11-15,63.948326110839844,86.97450256347656,66.04850769042969,193.4016571044922,141.01620483398438,5.066446304321289,282.8121032714844,23.47800064086914,100206400,78552000.0,39286000.0,11524300.0,23485700,1053628000.0,62023600,72135000.0
2019-11-18,64.27081298828125,87.62650299072266,65.36996459960938,195.68157958984375,141.3640899658203,5.267177581787109,283.0207824707031,23.332666397094727,86703200,56790000.0,27984000.0,16167200.0,21534000,574588000.0,49228000,66006000.0
2019-11-19,64.07587432861328,87.6395034790039,65.01087951660156,197.5848846435547,141.41110229492188,5.160733699798584,282.9391784667969,23.968000411987305,76167200,45416000.0,21864000.0,19056800.0,23935700,414564000.0,67804700,115872000.0
2019-11-20,63.32994842529297,87.27649688720703,64.47943878173828,195.79066467285156,141.1658477783203,5.239884853363037,281.8869323730469,23.481332778930664,106234400,55800000.0,28892000.0,12355400.0,25696800,472588000.0,79406200,100876500.0
2019-11-21,63.045989990234375,86.7354965209961,64.39425659179688,196.2069854736328,141.03369140625,5.2150726318359375,281.4334411621094,23.655332565307617,121395200,53258000.0,25546000.0,12131000.0,18576100,288388000.0,54664700,91650000.0
2019-11-22,62.990684509277344,87.28600311279297,64.07380676269531,197.08924865722656,141.1374969482422,5.23268985748291,282.0593566894531,22.202667236328125,65325200,49582000.0,27776000.0,9959800.0,15901800,224100000.0,44850200,253059000.0
2019-11-25,64.09512329101562,88.69200134277344,64.66664123535156,198.05081176757812,142.68482971191406,5.488752841949463,284.24530029296875,22.422666549682617,84020400,69724000.0,23590000.0,15272300.0,22420900,506476000.0,48647200,185092500.0
2019-11-26,63.59463882446289,89.84700012207031,65.03118133544922,197.23794555664062,143.43960571289062,5.384293556213379,284.8893127441406,21.92799949645996,105207600,63624000.0,21910000.0,11735500.0,24620100,385244000.0,37569000,119211000.0
2019-11-27,64.44884490966797,90.92549896240234,64.98808288574219,200.2415771484375,143.71327209472656,5.419055461883545,286.1592102050781,22.086000442504883,65235600,60512000.0,18808000.0,12736600.0,15184400,215784000.0,44444600,83334000.0
2019-11-29,64.30686950683594,90.04000091552734,64.58988189697266,199.88470458984375,142.8263702392578,5.381810665130615,285.09796142578125,21.996000289916992,46617600,38468000.0,12802000.0,7985200.0,11977300,141556000.0,36592700,36984000.0
2019-12-02,63.56333923339844,89.08000183105469,63.8355598449707,197.96157836914062,141.09976196289062,5.195828437805176,282.6760559082031,22.32466697692871,94487200,78512000.0,26538000.0,11503400.0,27418400,372036000.0,75767800,91117500.0
2019-12-03,62.43001937866211,88.49800109863281,64.12678527832031,197.08924865722656,140.87335205078125,5.156346321105957,280.7803649902344,22.413333892822266,114430400,67618000.0,25270000.0,11595300.0,24066000,465232000.0,73941700,98605500.0
2019-12-04,62.981040954589844,88.03450012207031,65.32538604736328,196.98020935058594,141.38284301757812,5.20004940032959,282.5128173828125,22.20199966430664,67181600,53402000.0,35506000.0,8456300.0,17574700,273424000.0,49080000,82995000.0
2019-12-05,63.90504455566406,87.02400207519531,65.72259521484375,197.62457275390625,141.458251953125,5.183164596557617,283.0207824707031,22.024667739868164,74424400,56476000.0,24408000.0,9740400.0,17869100,184884000.0,40709000,55869000.0
2019-12-06,65.1394271850586,87.58000183105469,66.33824920654297,199.29983520507812,143.17543029785156,5.2683329582214355,285.60589599609375,22.392667770385742,106075600,62348000.0,32968000.0,12270600.0,16403500,232236000.0,48927000,114186000.0
2019-12-09,64.22744750976562,87.47550201416016,66.51654052734375,199.5873260498047,142.80752563476562,5.2683329582214355,284.7079162597656,22.635332107543945,128042400,48856000.0,30842000.0,11954800.0,16687400,211880000.0,34838500,135346500.0
2019-12-10,64.60285949707031,86.96050262451172,66.51160430908203,199.12135314941406,142.59051513671875,5.313278675079346,284.39044189453125,23.256000518798828,90420400,50286000.0,17606000.0,9475700.0,16476100,256388000.0,52649800,132424500.0
2019-12-11,65.15386962890625,87.43599700927734,66.5789566040039,200.49928283691406,143.1282958984375,5.396707534790039,285.19781494140625,23.51333236694336,78756800,41952000.0,20480000.0,8036800.0,18856600,233796000.0,53429100,103467000.0
2019-12-12,65.31990051269531,88.0165023803711,66.7889633178711,195.03726196289062,144.58128356933594,5.563819885253906,287.65594482421875,23.978666305541992,137310400,61918000.0,29114000.0,23734800.0,24612100,404348000.0,96389600,116458500.0
2019-12-13,66.20780181884766,88.0469970703125,66.70872497558594,192.42025756835938,145.79837036132812,5.561831951141357,287.82818603515625,23.892667770385742,133587600,54914000.0,33170000.0,18798000.0,23845400,454704000.0,81503900,98563500.0
2019-12-16,67.34114837646484,88.46050262451172,67.3936996459961,196.19708251953125,146.74185180664062,5.590636253356934,289.8056335449219,25.433332443237305,128186000,62904000.0,28128000.0,14911500.0,24144200,320976000.0,82749700,272613000.0
2019-12-17,67.47350311279297,89.53299713134766,67.1059341430664,196.66297912597656,145.9493408203125,5.668606281280518,289.8690490722656,25.266000747680664,114158400,72888000.0,32948000.0,10175700.0,25425600,321196000.0,61097700,127452000.0
2019-12-18,67.312255859375,89.20149993896484,66.95833587646484,200.73721313476562,145.64739990234375,5.6988983154296875,289.88720703125,26.209999084472656,116028400,67028000.0,23330000.0,23274400.0,24129200,343548000.0,48133000,211815000.0
2019-12-19,67.37964630126953,89.61399841308594,67.1827163696289,204.2662353515625,146.91168212890625,5.846641540527344,291.075439453125,26.93600082397461,98369200,53056000.0,28922000.0,16514600.0,24958900,445360000.0,85310500,271606500.0
2019-12-20,67.24008178710938,89.32499694824219,66.92416381835938,204.50413513183594,148.51564025878906,5.943729400634766,292.35162353515625,27.03933334350586,275978000,103016000.0,50090000.0,27306900.0,53477500,603044000.0,147142100,221290500.0
2019-12-23,68.33731079101562,89.6500015258789,66.89495086669922,204.3851776123047,148.51564025878906,5.930072784423828,292.7983093261719,27.947999954223633,98572000,42728000.0,19936000.0,13348900.0,17718200,355060000.0,52990000,199794000.0
2019-12-24,68.40232849121094,89.46050262451172,66.58787536621094,203.33438110351562,148.48733520507812,5.925106048583984,292.80743408203125,28.350000381469727,48478800,17626000.0,13468000.0,6046300.0,8989200,138864000.0,20270000,120820500.0
2019-12-26,69.7594223022461,93.4384994506836,67.48136138916016,205.98117065429688,149.7044677734375,5.939260482788086,294.3660583496094,28.729333877563477,93121200,120108000.0,23662000.0,9350700.0,14520600,182852000.0,30911200,159508500.0
2019-12-27,69.73294830322266,93.48999786376953,67.09355926513672,206.2884521484375,149.97805786132812,5.881651878356934,294.293212890625,28.691999435424805,146266000,123732000.0,23212000.0,10284200.0,18412800,254644000.0,42528800,149185500.0
2019-12-30,70.1468276977539,92.34449768066406,66.35408782958984,202.63059997558594,148.68548583984375,5.768673419952393,292.6706237792969,27.64666748046875,144114400,73494000.0,19994000.0,10524300.0,16348400,258056000.0,49729100,188796000.0
2019-12-31,70.65936279296875,92.39199829101562,66.33824920654297,203.46327209472656,148.78924560546875,5.842668056488037,293.38165283203125,27.8886661529541,100805600,50130000.0,19514000.0,8953500.0,18369400,231004000.0,57077300,154285500.0
2020-01-02,72.27154541015625,94.90049743652344,67.78894805908203,207.95382690429688,151.54428100585938,5.957137584686279,296.1252746582031,28.68400001525879,135480400,80580000.0,27278000.0,12077100.0,22622100,237536000.0,59151200,142981500.0
2020-01-03,71.56892395019531,93.74849700927734,67.4343032836914,206.85350036621094,149.6572723388672,5.861786842346191,293.8829040527344,29.534000396728516,146322800,75288000.0,23408000.0,11188400.0,21116200,205384000.0,77709700,266677500.0
2020-01-06,72.13922119140625,95.14399719238281,69.23170471191406,210.74928283691406,150.04408264160156,5.886369705200195,295.004150390625,30.1026668548584,118387200,81236000.0,46768000.0,17058900.0,20813700,262636000.0,55653900,151995000.0
2020-01-07,71.79991912841797,95.34300231933594,69.0979995727539,211.2052764892578,148.67604064941406,5.957633018493652,294.1746826171875,31.270666122436523,108872000,80898000.0,34330000.0,14912400.0,21634100,314856000.0,40496400,268231500.0
2020-01-08,72.95491027832031,94.59850311279297,69.58979797363281,213.3464813232422,151.0442352294922,5.968808174133301,295.74249267578125,32.80933380126953,132079200,70160000.0,35314000.0,13475000.0,27746500,277108000.0,68296000,467164500.0
2020-01-09,74.5045394897461,95.05249786376953,70.32035064697266,216.39967346191406,152.93118286132812,6.034360408782959,297.74786376953125,32.089332580566406,170108400,63346000.0,33200000.0,12642800.0,21385000,255112000.0,48473300,426606000.0
2020-01-10,74.67298126220703,94.15799713134766,70.77452087402344,216.16175842285156,152.2235565185547,6.066641330718994,296.89105224609375,31.876667022705078,140644800,57074000.0,26258000.0,12119400.0,20725900,316296000.0,53029300,194392500.0
2020-01-13,76.26829528808594,94.56500244140625,71.32281494140625,219.978271484375,154.053955078125,6.256845951080322,298.9328308105469,34.990665435791016,121532000,55616000.0,30730000.0,14463400.0,21626500,319840000.0,47086800,397764000.0
2020-01-14,75.23844146728516,93.47200012207031,70.85526275634766,217.15306091308594,152.9689178466797,6.140140533447266,298.4769592285156,35.861331939697266,161954400,68818000.0,26076000.0,13288900.0,23477400,359088000.0,62832800,434943000.0
2020-01-15,74.91598510742188,93.10099792480469,71.2817153930664,219.22483825683594,153.95962524414062,6.097679615020752,299.1515808105469,34.56666564941406,121923600,57932000.0,21550000.0,10036500.0,21417900,263104000.0,72056600,260532000.0
2020-01-16,75.85443115234375,93.89700317382812,71.82454681396484,219.83946228027344,156.7806396484375,6.181110858917236,301.6400146484375,34.232666015625,108829200,53190000.0,26080000.0,10015300.0,23865400,284192000.0,54050300,326050500.0
2020-01-17,76.69420623779297,93.23600006103516,73.2787094116211,220.2062530517578,157.65814208984375,6.189802169799805,302.578857421875,34.03333282470703,137816400,79946000.0,52424000.0,15905900.0,34371700,253792000.0,95846000,204436500.0
2020-01-21,76.17449951171875,94.5999984741211,73.4139175415039,219.51234436035156,157.09202575683594,6.156528949737549,301.9863586425781,36.47999954223633,110843200,74156000.0,48930000.0,14275800.0,29517200,217916000.0,77742400,267052500.0
2020-01-22,76.44637298583984,94.37300109863281,73.49415588378906,219.39340209960938,156.33721923828125,6.210411071777344,302.0229187011719,37.97066879272461,101832400,64326000.0,28458000.0,12212800.0,24138800,239240000.0,48914900,470535000.0
2020-01-23,76.81452941894531,94.22899627685547,73.5347671508789,217.84698486328125,157.29962158203125,6.2786946296691895,302.3691101074219,38.14666748046875,104472000,49692000.0,26650000.0,11195000.0,19680800,244516000.0,51963000,294765000.0
2020-01-24,76.59314727783203,93.08200073242188,72.61750793457031,216.04278564453125,155.7145233154297,6.219597816467285,299.68017578125,37.654666900634766,146537600,75324000.0,29786000.0,11905800.0,24918100,373512000.0,87578400,215304000.0
2020-01-27,74.34092712402344,91.41699981689453,70.91173553466797,212.99952697753906,153.1104736328125,5.964339256286621,294.8764953613281,37.201332092285156,161940000,70570000.0,34132000.0,13810700.0,32078100,470536000.0,84062500,204121500.0
2020-01-28,76.44397735595703,92.6624984741211,71.84138488769531,215.89410400390625,156.1107635498047,6.157273292541504,297.9664611816406,37.793331146240234,162234000,56160000.0,29724000.0,13413800.0,24899900,310976000.0,63834000,176827500.0
2020-01-29,78.04410552978516,92.9000015258789,72.14846801757812,221.28675842285156,158.54498291015625,6.096934795379639,297.7204284667969,38.732666015625,216229200,41760000.0,21566000.0,33181300.0,34754500,258848000.0,53888900,267022500.0
2020-01-30,77.9310302734375,93.53399658203125,72.02710723876953,207.7060089111328,163.0171661376953,6.103640079498291,298.6866149902344,42.72066879272461,126743200,126548000.0,27110000.0,48775500.0,51597500,290504000.0,75491800,435085500.0
2020-01-31,74.47566223144531,100.43599700927734,70.9637222290039,200.15234375,160.61126708984375,5.8707275390625,293.26318359375,43.371334075927734,199588400,311346000.0,43822000.0,31359900.0,36142700,370420000.0,113845600,235789500.0
2020-02-03,74.27114868164062,100.20999908447266,73.43125915527344,202.41249084472656,164.52674865722656,5.967566967010498,295.44158935546875,52.0,173788400,117834000.0,71636000.0,15495600.0,30107000,255564000.0,69083000,705975000.0
2020-02-04,76.72309112548828,102.4834976196289,71.58927917480469,208.00340270996094,169.9424591064453,6.136415004730225,299.9445495605469,59.137332916259766,136616400,105786000.0,95880000.0,19628900.0,36433300,271544000.0,62573200,914082000.0
2020-02-05,77.34870147705078,101.99349975585938,71.62097930908203,208.28094482421875,169.73483276367188,6.226550579071045,303.40838623046875,48.97999954223633,118826800,87524000.0,36376000.0,12538200.0,39186300,208220000.0,65951100,726357000.0
2020-02-06,78.25344848632812,102.5114974975586,73.10289001464844,209.0145263671875,173.25413513183594,6.313210487365723,304.42926025390625,49.930667877197266,105425600,63660000.0,37822000.0,10567500.0,27751400,218284000.0,50359700,598212000.0
2020-02-07,77.18975830078125,103.96399688720703,73.2583999633789,210.48162841796875,173.49942016601562,6.2471604347229,302.8067626953125,49.871334075927734,117684000,101906000.0,28360000.0,12242500.0,33529100,189752000.0,64139400,255952500.0
2020-02-10,77.55638122558594,106.69550323486328,74.72195434570312,211.2052764892578,178.03759765625,6.5297346115112305,305.06732177734375,51.41866683959961,109348800,101124000.0,38302000.0,11856400.0,35844300,529608000.0,42070000,370338000.0
2020-02-11,77.08848571777344,107.54000091552734,74.79129028320312,205.3863983154297,174.01832580566406,6.651901721954346,305.5959777832031,51.62533187866211,94323200,114920000.0,34852000.0,25030800.0,53159900,638556000.0,54864500,175462500.0
2020-02-12,78.919189453125,108.0,75.21577453613281,208.92532348632812,174.2730255126953,6.767363548278809,307.5648193359375,51.15266799926758,113730400,66686000.0,31042000.0,13813700.0,47062900,374644000.0,43992700,180337500.0
2020-02-13,78.35716247558594,107.49349975585938,74.95623779296875,211.28457641601562,173.32962036132812,6.723661422729492,307.2366943359375,53.599998474121094,94747600,60636000.0,22914000.0,15396600.0,35295800,528016000.0,54501900,394339500.0
2020-02-14,78.37647247314453,106.74349975585938,75.22071838378906,212.31556701660156,174.876953125,7.195693492889404,307.7289123535156,53.33533477783203,80113600,52124000.0,23198000.0,10741700.0,23149500,1041924000.0,64582200,235405500.0
2020-02-18,76.94137573242188,107.78350067138672,75.2558822631836,215.90402221679688,176.65066528320312,7.364047050476074,306.9359130859375,57.22666549682617,152531200,58912000.0,25642000.0,15609200.0,27792200,620164000.0,57226200,245725500.0
2020-02-19,78.0556869506836,108.51100158691406,75.52482604980469,215.59669494628906,177.18048095703125,7.814228057861328,308.4034729003906,61.16133117675781,93984000,51224000.0,22746000.0,12135100.0,29997500,694332000.0,48814700,381345000.0
2020-02-20,77.25492095947266,107.65499877929688,75.13453674316406,212.71205139160156,174.47474670410156,7.6652445793151855,307.1364440917969,59.96066665649414,100566000,62626000.0,25962000.0,13109200.0,36862400,810052000.0,74163400,264523500.0
2020-02-21,75.50625610351562,104.79850006103516,73.47384643554688,208.350341796875,168.9591064453125,7.301971435546875,303.9736022949219,60.06666564941406,129554000,92926000.0,42520000.0,14092300.0,48572600,768180000.0,113788200,214722000.0
2020-02-24,71.9196548461914,100.4645004272461,70.3238296508789,198.97271728515625,161.67434692382812,6.785738945007324,293.8920593261719,55.58599853515625,222195200,130940000.0,49560000.0,23080100.0,68311100,856916000.0,161088400,227883000.0
2020-02-25,69.48360443115234,98.63700103759766,68.66263580322266,195.05711364746094,159.00643920898438,6.506890773773193,284.9865417480469,53.32733154296875,230673600,124382000.0,51580000.0,21433500.0,68073300,1055496000.0,218913200,259357500.0
2020-02-26,70.58584594726562,98.97949981689453,68.86817932128906,195.48333740234375,160.9932098388672,6.645942211151123,283.9383850097656,51.91999816894531,198054800,104492000.0,49776000.0,16524500.0,56206100,747732000.0,194773800,211282500.0
2020-02-27,65.97177124023438,94.21499633789062,65.12775421142578,188.0981903076172,149.6497802734375,6.275992393493652,271.1861572265625,45.266666412353516,320605600,162880000.0,62290000.0,21682600.0,93174900,906416000.0,284353500,364158000.0
2020-02-28,65.93318176269531,94.1875,66.3313217163086,190.7945098876953,153.27322387695312,6.710043430328369,270.0466613769531,44.53266525268555,426510000,189620000.0,80198000.0,32568900.0,97012700,1133252000.0,384975800,363343500.0
2020-03-02,72.07160949707031,97.69750213623047,68.66263580322266,194.72998046875,163.47189331054688,6.868060111999512,281.74151611328125,49.574668884277344,341397200,135234000.0,55430000.0,24949000.0,71030800,890744000.0,238703600,302925000.0
2020-03-03,69.7826919555664,95.44950103759766,66.25553894042969,184.2718048095703,155.638427734375,6.606189727783203,273.6745300292969,49.70066833496094,319475600,150690000.0,56602000.0,27984100.0,71677000,652792000.0,300139100,386760000.0
2020-03-04,73.01952362060547,98.79149627685547,68.42884063720703,190.09071350097656,161.3527069091797,7.068814754486084,285.1780090332031,49.96666717529297,219178400,95458000.0,47598000.0,23062500.0,49814400,597408000.0,176613400,225735000.0
2020-03-05,70.65099334716797,96.20149993896484,65.11837005615234,183.5580596923828,157.3035125732422,6.790045738220215,275.69818115234375,48.30266571044922,187572800,94964000.0,54380000.0,19333400.0,47817300,540328000.0,186366800,162790500.0
2020-03-06,69.71273803710938,95.05449676513672,64.17632293701172,179.51358032226562,152.85694885253906,6.609915256500244,271.1405334472656,46.89866638183594,226176800,105472000.0,64640000.0,24559600.0,72821100,515412000.0,228667200,189943500.0
2020-03-09,64.19900512695312,90.03050231933594,60.21649169921875,168.0244903564453,142.49746704101562,6.09809684753418,249.96595764160156,40.53333282470703,286744800,156264000.0,69252000.0,29949000.0,70419300,614160000.0,309417300,256105500.0
2020-03-10,68.82273864746094,94.59100341796875,63.15751647949219,176.6387939453125,152.24203491210938,6.486681938171387,262.900390625,43.02199935913086,285290000,142666000.0,54872000.0,24517800.0,65354400,580648000.0,276444100,233916000.0
2020-03-11,66.43247985839844,91.04299926757812,59.974300384521484,168.75804138183594,145.3451385498047,6.123688697814941,250.0844268798828,42.28200149536133,255598800,112496000.0,54732000.0,20373900.0,56371600,499964000.0,255316300,199837500.0
2020-03-12,59.87196350097656,83.83049774169922,55.053627014160156,153.1253204345703,131.56085205078125,5.374345779418945,226.15707397460938,37.369998931884766,418474000,226924000.0,94326000.0,43266300.0,93226400,816540000.0,392220700,283636500.0
2020-03-13,67.04511260986328,89.25,60.141212463378906,168.79771423339844,150.2647247314453,5.983807563781738,245.4904022216797,36.44133377075195,370732000,176194000.0,79400000.0,35028600.0,92727400,634836000.0,329566100,339604500.0
2020-03-16,58.41995620727539,84.4574966430664,53.144290924072266,144.7389373779297,128.1171875,4.879669189453125,218.62791442871094,29.67133331298828,322423600,178346000.0,96520000.0,39120400.0,87905900,726972000.0,297240000,307342500.0
2020-03-17,60.988677978515625,90.39199829101562,55.376060485839844,148.11927795410156,138.66587829589844,5.398198127746582,230.4320831298828,28.68000030517578,324056000,218342000.0,83194000.0,34255600.0,81059800,833632000.0,262070500,359919000.0
2020-03-18,59.49569320678711,91.5,54.04522705078125,145.6807098388672,132.82859802246094,5.039178848266602,218.76463317871094,24.08133316040039,300233600,192904000.0,93044000.0,37553100.0,81593200,874268000.0,327597100,356793000.0
2020-03-19,59.03982925415039,94.04650115966797,55.0595703125,151.79698181152344,135.0140838623047,5.291361331939697,219.22955322265625,28.50933265686035,271857200,207998000.0,74064000.0,39862300.0,85922700,765512000.0,289322000,452932500.0
2020-03-20,55.291656494140625,92.30449676513672,52.90705108642578,148.4265899658203,129.943115234375,5.111976146697998,209.78201293945312,28.50200080871582,401693200,196358000.0,82878000.0,32568400.0,84866200,804636000.0,347158800,424282500.0
2020-03-23,54.117034912109375,95.1415023803711,52.20969009399414,146.810791015625,128.64694213867188,5.284404277801514,204.418212890625,28.952667236328125,336752800,156170000.0,83672000.0,29830800.0,78975200,643876000.0,326025200,246817500.0
2020-03-24,59.54634475708008,97.00499725341797,55.967926025390625,159.57862854003906,140.3404083251953,6.191018581390381,222.93919372558594,33.66666793823242,287531200,142942000.0,72468000.0,30440400.0,82516700,1101644000.0,235494500,343428000.0
2020-03-25,59.21832275390625,94.29199981689453,54.561805725097656,154.85015869140625,138.99697875976562,6.102569580078125,226.27667236328125,35.95000076293945,303602000,129582000.0,90324000.0,35184300.0,75638200,793432000.0,299430300,318340500.0
2020-03-26,62.334556579589844,97.77449798583984,57.597923278808594,161.9180908203125,147.69142150878906,6.391274929046631,239.48890686035156,35.21066665649414,252087200,124426000.0,76562000.0,26556800.0,64568100,696108000.0,257632800,260710500.0
2020-03-27,59.75377655029297,95.00499725341797,54.9897346496582,155.42510986328125,141.62710571289062,6.279221534729004,232.35557556152344,34.29066848754883,204216800,107758000.0,62794000.0,24879900.0,57042300,638828000.0,224341200,215661000.0
2020-03-30,61.459022521972656,98.19750213623047,56.775245666503906,164.50537109375,151.58920288085938,6.5987348556518555,239.90147399902344,33.47533416748047,167976400,122522000.0,58736000.0,22515200.0,63420300,602252000.0,171369500,179971500.0
2020-03-31,61.333595275878906,97.48600006103516,57.549869537353516,165.3479766845703,149.20513916015625,6.549293518066406,236.32568359375,34.93333435058594,197002000,102472000.0,65228000.0,23676300.0,77927200,949960000.0,194881100,266572500.0
2020-04-01,58.106407165527344,95.38500213623047,54.585575103759766,158.2106475830078,143.90713500976562,6.039212703704834,225.6898651123047,32.104000091552734,176218400,82438000.0,51970000.0,19507600.0,57969900,656912000.0,189554600,200298000.0
2020-04-02,59.076011657714844,95.94149780273438,55.32504653930664,156.81292724609375,146.88722229003906,6.347297668457031,230.8977508544922,30.29800033569336,165934000,86720000.0,56410000.0,20886300.0,49630700,675764000.0,177660400,297876000.0
2020-04-03,58.22700119018555,95.32949829101562,54.1200065612793,152.83782958984375,145.5343475341797,6.060082912445068,227.56033325195312,32.000667572021484,129880000,72198000.0,51374000.0,25983300.0,41243300,663212000.0,135561200,338431500.0
2020-04-06,63.306583404541016,99.87950134277344,58.60186767578125,164.10887145996094,156.35743713378906,6.668551921844482,242.84466552734375,34.41600036621094,201820400,115464000.0,63320000.0,28453600.0,67111700,727884000.0,188061200,223527000.0
2020-04-07,62.57333755493164,100.58000183105469,58.57065963745117,167.3603057861328,154.67343139648438,6.435748100280762,243.09219360351562,36.36333465576172,202887200,102280000.0,61620000.0,31411900.0,62769000,784520000.0,201427200,268797000.0
2020-04-08,64.17488098144531,102.1500015258789,59.7811393737793,172.7628631591797,156.2250213623047,6.63252592086792,251.25247192382812,36.589332580566406,168895200,79546000.0,40334000.0,21664200.0,48318200,542444000.0,153774500,189840000.0
2020-04-09,64.63798522949219,102.13800048828125,59.75983810424805,173.6649627685547,156.2344207763672,6.533143520355225,255.0758514404297,38.20000076293945,161834800,92930000.0,54028000.0,23534300.0,51385100,525564000.0,189999200,204750000.0
2020-04-13,65.90666961669922,108.44349670410156,59.95003128051758,173.2684326171875,156.58447265625,6.7045769691467285,252.74696350097656,43.39666748046875,131022800,134334000.0,38702000.0,19355400.0,41905300,398408000.0,114839100,337131000.0
2020-04-14,69.23516082763672,114.16600036621094,62.665199279785156,176.61898803710938,164.33277893066406,7.054898738861084,260.20123291015625,47.32600021362305,194994800,161744000.0,63358000.0,21011800.0,52874300,530948000.0,134143400,458647500.0
2020-04-15,68.60323333740234,115.38400268554688,62.27243423461914,175.42942810058594,162.6109619140625,6.977630615234375,254.67239379882812,48.65533447265625,131154400,137332000.0,42236000.0,17423000.0,40940800,366148000.0,121775000,353655000.0
2020-04-16,69.14832305908203,120.40950012207031,62.27886962890625,174.7157440185547,167.4927215576172,7.321990013122559,255.9010467529297,49.680667877197266,157125200,240764000.0,57896000.0,23593200.0,50479600,745620000.0,131798300,309868500.0
2020-04-17,68.21007537841797,118.75,63.347206115722656,177.67970275878906,168.96859741210938,7.262856483459473,262.8142395019531,50.259334564208984,215250000,158600000.0,51050000.0,20974800.0,52765600,539120000.0,146684800,196923000.0
2020-04-20,66.79425048828125,119.68049621582031,62.46311569213867,176.6884002685547,165.61947631835938,7.131920337677002,258.18414306640625,49.75733184814453,130015200,115414000.0,35292000.0,16110700.0,36669600,449388000.0,100109300,221199000.0
2020-04-21,64.72962188720703,116.40599822998047,60.036712646484375,169.3131561279297,158.7699432373047,6.69612979888916,250.34475708007812,45.781333923339844,180991600,149534000.0,49648000.0,24850500.0,56203700,735160000.0,126385700,303136500.0
2020-04-22,66.59407806396484,118.17449951171875,62.327415466308594,180.69325256347656,164.1625213623047,7.109560966491699,255.9010467529297,48.807334899902344,116862400,84244000.0,46296000.0,33242000.0,34620200,483356000.0,92951600,212482500.0
2020-04-23,66.33599090576172,119.97250366210938,62.95939636230469,183.5184326171875,162.17575073242188,7.056390762329102,255.88272094726562,47.04199981689453,124814400,101332000.0,34202000.0,21426600.0,32790800,424160000.0,104709700,198550500.0
2020-04-24,68.25108337402344,120.51100158691406,63.22834396362305,188.41542053222656,165.13697814941406,7.195028781890869,259.4493408203125,48.34333419799805,126161200,76498000.0,37402000.0,28792000.0,34277600,352328000.0,85063200,198180000.0
2020-04-27,68.29931640625,118.80000305175781,62.94404602050781,185.86778259277344,164.66395568847656,7.38112211227417,263.190185546875,53.25,117087600,112912000.0,44186000.0,29197800.0,33194400,479388000.0,77896600,310221000.0
2020-04-28,67.1922378540039,115.7040023803711,61.048583984375,181.31776428222656,160.652587890625,7.239006042480469,261.97998046875,51.27466583251953,112004800,105388000.0,80700000.0,21731000.0,34392700,442904000.0,105270000,228330000.0
2020-04-29,69.399169921875,118.635498046875,66.47643280029297,192.49954223632812,167.86166381835938,7.415408611297607,268.83819580078125,53.367332458496094,137280800,91832000.0,108358000.0,45954500.0,51286600,379160000.0,118745600,243240000.0
2020-04-30,70.86321258544922,123.69999694824219,66.7002944946289,202.927978515625,169.54568481445312,7.261863708496094,266.3351745605469,52.12533187866211,183064000,190692000.0,55842000.0,46230100.0,53875900,375916000.0,122901700,427078500.0
2020-05-01,69.7223892211914,114.302001953125,65.24514770507812,200.5092010498047,165.15594482421875,7.0258307456970215,259.2843017578125,46.75466537475586,240616800,195452000.0,48872000.0,30415600.0,39370500,342096000.0,125180000,487977000.0
2020-05-04,70.70886993408203,115.79949951171875,65.52151489257812,203.47317504882812,169.19561767578125,7.237265586853027,259.9994812011719,50.74599838256836,133568000,97318000.0,30806000.0,19250700.0,30372900,317556000.0,80873200,288556500.0
2020-05-05,71.77012634277344,115.88999938964844,66.81520080566406,205.26744079589844,171.01211547851562,7.29813814163208,262.4017333984375,51.2140007019043,147751200,64850000.0,39666000.0,21071200.0,36839200,368896000.0,79569900,254875500.0
2020-05-06,72.5105972290039,117.56300354003906,66.63740539550781,206.6552276611328,172.6960906982422,7.39876127243042,260.62298583984375,52.172000885009766,142333600,62356000.0,31732000.0,21857000.0,32139300,323464000.0,73632600,166848000.0
2020-05-07,73.2607192993164,118.38050079345703,67.81864929199219,209.42092895507812,173.6989288330078,7.57466983795166,263.767822265625,52.00266647338867,115215200,67928000.0,30652000.0,15152000.0,28316000,373732000.0,75250400,172915500.0
2020-05-08,75.00445556640625,118.98049926757812,68.5645751953125,210.50148010253906,174.72068786621094,7.764240264892578,268.1322021484375,54.62799835205078,133838400,64132000.0,33326000.0,12506000.0,30877800,339216000.0,76452400,241297500.0
2020-05-11,76.18466186523438,120.44999694824219,69.51798248291016,211.32423400878906,176.66964721679688,8.015678405761719,268.187255859375,54.08599853515625,145946400,65184000.0,32718000.0,12911900.0,30892700,469060000.0,79514200,247794000.0
2020-05-12,75.31399536132812,117.84750366210938,68.11087799072266,208.2710723876953,172.667724609375,7.754303455352783,262.8417663574219,53.96066665649414,162301200,61498000.0,33918000.0,14704600.0,32038200,493060000.0,95870800,238603500.0
2020-05-13,74.40465545654297,118.39600372314453,66.78101348876953,203.31459045410156,170.05654907226562,7.731942653656006,258.1932373046875,52.73066711425781,200622400,95658000.0,40368000.0,20684600.0,44711500,625852000.0,144721100,285982500.0
2020-05-14,74.86176300048828,119.44249725341797,67.2035140991211,205.00967407226562,170.79454040527344,7.980895519256592,261.283203125,53.55533218383789,158929200,72962000.0,36660000.0,17178900.0,41873900,602312000.0,121977900,205233000.0
2020-05-15,74.41917419433594,120.48899841308594,68.00587463378906,209.04429626464844,173.28269958496094,8.438300132751465,262.48419189453125,53.27799987792969,166348400,84700000.0,41544000.0,19383200.0,46610400,987660000.0,111146300,157776000.0
2020-05-18,76.17256927490234,121.31300354003906,68.60615539550781,211.3341522216797,174.9383087158203,8.696200370788574,270.4794616699219,54.242000579833984,135178400,87144000.0,47094000.0,20151900.0,35264500,774460000.0,119703800,174987000.0
2020-05-19,75.73242950439453,122.46649932861328,68.07225036621094,214.99203491210938,173.72732543945312,8.751108169555664,267.7012634277344,53.867332458496094,101729600,86410000.0,31586000.0,31843200.0,26799100,717320000.0,95189300,144547500.0
2020-05-20,77.20526123046875,124.89700317382812,69.79386138916016,227.96807861328125,176.1370391845703,8.914594650268555,272.2489013671875,54.37066650390625,111504800,79962000.0,38262000.0,50162900.0,31261300,587536000.0,85861700,109639500.0
2020-05-21,76.62967681884766,122.33699798583984,69.67450714111328,229.375732421875,174.02137756347656,8.721044540405273,270.3692932128906,55.17333221435547,102688800,102288000.0,30894000.0,47782600.0,29119500,761068000.0,78293900,183819000.0
2020-05-22,77.1230239868164,121.84400177001953,69.99593353271484,232.86508178710938,174.09727478027344,8.97049331665039,270.8828125,54.45866775512695,81803200,57342000.0,28544000.0,33925600.0,20826900,1038764000.0,63958200,149812500.0
2020-05-26,76.60063934326172,121.09300231933594,70.39861297607422,230.17868041992188,172.2568817138672,8.663897514343262,274.2201843261719,54.591331481933594,125522000,71364000.0,44590000.0,33178300.0,36073600,770780000.0,88951400,121345500.0
2020-05-27,76.93438720703125,120.51950073242188,70.3446273803711,227.14529418945312,172.48451232910156,8.472589492797852,278.30035400390625,54.68199920654297,112945200,101138000.0,31684000.0,34697600.0,39517100,1175892000.0,104817400,173242500.0
2020-05-28,76.96823120117188,120.05500030517578,70.24358367919922,223.49734497070312,172.0955047607422,8.434575080871582,277.78692626953125,53.72066879272461,133560800,63804000.0,35170000.0,29377200.0,33810200,734896000.0,90405200,108834000.0
2020-05-29,76.89328002929688,122.11849975585938,71.00038146972656,223.13055419921875,173.8506622314453,8.820673942565918,279.0247497558594,55.66666793823242,153532400,70198000.0,37044000.0,23241500.0,42130400,745256000.0,119090800,176467500.0
2020-06-01,77.83890533447266,123.552001953125,71.06724548339844,229.89117431640625,173.45223999023438,8.751852989196777,280.15240478515625,59.87333297729492,80791200,58578000.0,25162000.0,18223800.0,22622400,389876000.0,55758300,224092500.0
2020-06-02,78.1992416381836,123.62049865722656,71.43573760986328,230.6941375732422,175.4254913330078,8.770734786987305,282.47216796875,58.770668029785156,87642800,50598000.0,23442000.0,20919000.0,30794600,391320000.0,74267200,203484000.0
2020-06-03,78.62974548339844,123.91999816894531,71.28417205810547,228.15640258789062,175.8524169921875,8.71533203125,286.2314147949219,58.86399841308594,104491200,53420000.0,27732000.0,15380300.0,27311000,365440000.0,92567600,119242500.0
2020-06-04,77.95256805419922,123.02999877929688,70.0484390258789,224.32009887695312,173.53761291503906,8.716323852539062,285.47955322265625,57.62533187866211,87560400,58974000.0,26982000.0,17041500.0,28761800,424280000.0,75794400,133315500.0
2020-06-05,80.1727523803711,124.1500015258789,71.32231140136719,228.76112365722656,177.59803771972656,8.86894702911377,292.7962341308594,59.04399871826172,137250400,66128000.0,42642000.0,16750400.0,39893600,481748000.0,150524700,117178500.0
2020-06-08,80.64674377441406,126.2030029296875,71.71953582763672,229.38560485839844,178.6985321044922,8.754605293273926,296.3354187011719,63.327999114990234,95654400,79414000.0,33878000.0,15466500.0,33211600,387736000.0,73641200,212620500.0
2020-06-09,83.19342803955078,130.04299926757812,71.91962432861328,236.59234619140625,180.06463623046875,8.994221687316895,294.125732421875,62.711334228515625,147712400,103520000.0,33624000.0,27462900.0,29783900,468488000.0,77479200,170823000.0
2020-06-10,85.33379364013672,132.37249755859375,72.54468536376953,234.6692352294922,186.7435760498047,9.313138961791992,292.4844665527344,68.336669921875,166651600,98920000.0,31762000.0,20720700.0,43872300,632180000.0,95000800,278451000.0
2020-06-11,81.23686218261719,127.89800262451172,69.43428039550781,222.47630310058594,176.7157440185547,8.745904922485352,275.623046875,64.85600280761719,201662400,116002000.0,47144000.0,26708200.0,52854700,583652000.0,209243600,238747500.0
2020-06-12,81.93821716308594,127.2509994506836,69.98009490966797,226.59017944335938,178.11038208007812,8.88137435913086,278.9239501953125,62.35200119018555,200146000,108722000.0,36676000.0,22091400.0,43373600,570908000.0,194678900,251451000.0
2020-06-15,82.95158386230469,128.63400268554688,70.3674087524414,230.47604370117188,179.24879455566406,9.121240615844727,281.52777099609375,66.05999755859375,138808800,77302000.0,30468000.0,15340300.0,32770200,400004000.0,135782700,235458000.0
2020-06-16,85.14997100830078,130.7635040283203,71.64177703857422,233.5986328125,183.64132690429688,9.016594886779785,286.9466247558594,65.47533416748047,165428800,71712000.0,30648000.0,15236700.0,42556700,535716000.0,137627500,210766500.0
2020-06-17,85.03147888183594,132.0489959716797,71.94241333007812,233.4796905517578,184.27696228027344,9.183138847351074,285.75457763671875,66.11933135986328,114406400,59186000.0,30610000.0,19578100.0,25687800,408304000.0,83398900,148362000.0
2020-06-18,85.06534576416016,132.69900512695312,71.03009033203125,233.8861083984375,186.25030517578125,9.165240287780762,285.86456298828125,66.9306640625,96820400,49756000.0,34862000.0,15782500.0,23061600,254408000.0,80828700,146278500.0
2020-06-19,84.57921600341797,133.75050354003906,70.5605697631836,236.71131896972656,185.14028930664062,9.208244323730469,284.2308349609375,66.72666931152344,264476000,115540000.0,52784000.0,30081300.0,44441100,524160000.0,135549600,130195500.0
2020-06-22,86.7921371459961,135.6909942626953,71.84929656982422,237.13755798339844,190.2822723388672,9.472221374511719,286.05438232421875,66.28800201416016,135445200,64176000.0,29442000.0,18917800.0,32818900,398468000.0,74649400,95436000.0
2020-06-23,88.64469146728516,138.2205047607422,72.50901794433594,240.13128662109375,191.5535430908203,9.39591121673584,287.3712158203125,66.78533172607422,212155600,84634000.0,37752000.0,24017900.0,30917400,375108000.0,68471200,95479500.0
2020-06-24,87.0799331665039,136.72000122070312,70.95977020263672,231.9828338623047,187.69229125976562,9.182640075683594,280.04071044921875,64.0566635131836,192623200,90532000.0,31592000.0,20834900.0,36740600,449372000.0,132813500,164394000.0
2020-06-25,88.23597717285156,137.72900390625,71.37580108642578,233.62835693359375,190.06407165527344,9.435681343078613,283.04302978515625,65.73200225830078,137522400,59374000.0,23958000.0,18704300.0,27803900,376072000.0,89468000,138817500.0
2020-06-26,85.52485656738281,134.64349365234375,67.48484802246094,214.19900512695312,186.25978088378906,9.10260009765625,276.3202819824219,63.982666015625,205256800,130016000.0,97640000.0,76343900.0,54675800,592084000.0,127961000,132823500.0
2020-06-29,87.49592590332031,134.0189971923828,69.20001220703125,218.71929931640625,188.26150512695312,9.147344589233398,280.3815002441406,67.29000091552734,130646000,84468000.0,45074000.0,58514300.0,26701600,342248000.0,79773300,135396000.0
2020-06-30,88.2262954711914,137.9409942626953,70.23416900634766,225.09335327148438,193.07151794433594,9.443389892578125,283.9730224609375,71.98733520507812,140223200,75394000.0,40286000.0,33927100.0,34310300,367892000.0,113394800,253777500.0
2020-07-01,88.0594253540039,143.93499755859375,71.4203872680664,235.48211669921875,194.20040893554688,9.475454330444336,285.9621887207031,74.64199829101562,110737200,127268000.0,42182000.0,43399700.0,32061200,326648000.0,72396500,199903500.0
2020-07-02,88.0594253540039,144.51499938964844,72.80372619628906,231.3880615234375,195.680419921875,9.557232856750488,287.53704833984375,80.57733154296875,114041600,131868000.0,57218000.0,30633600.0,29315800,364056000.0,69344200,258751500.0
2020-07-06,90.4150161743164,152.8520050048828,74.27571868896484,238.1883087158203,199.89268493652344,9.78293228149414,291.9758605957031,91.43866729736328,118655600,137612000.0,44712000.0,26206200.0,31897600,315892000.0,61713800,308548500.0
2020-07-07,90.13447570800781,150.00599670410156,73.79379272460938,238.7632598876953,197.568359375,9.815245628356934,288.9644470214844,92.65733337402344,112424400,105150000.0,42364000.0,27887800.0,33600700,357800000.0,82910000,322345500.0
2020-07-08,92.23371124267578,154.0554962158203,74.47136688232422,241.45962524414062,201.91342163085938,10.157526969909668,291.1746520996094,91.05867004394531,117092000,100752000.0,31766000.0,29791300.0,33600000,365480000.0,54638600,244669500.0
2020-07-09,92.63035583496094,159.13150024414062,75.21725463867188,242.37159729003906,203.32704162597656,10.448851585388184,289.5169982910156,92.9520034790039,125642800,127774000.0,41836000.0,22174900.0,33121700,494548000.0,83354200,175764000.0
2020-07-10,92.79240417480469,160.0,76.22516632080078,242.9366455078125,202.71034240722656,10.419271469116211,292.4731140136719,102.97666931152344,90257200,109720000.0,35918000.0,22982700.0,26177600,497676000.0,57550400,350064000.0
2020-07-13,92.36434173583984,155.1999969482422,74.89879608154297,236.91946411132812,196.4488525390625,9.994717597961426,289.9407043457031,99.80400085449219,191649200,154408000.0,42954000.0,24674900.0,38135600,457076000.0,102997500,584781000.0
2020-07-14,93.89281463623047,154.1999969482422,75.32621765136719,237.64312744140625,197.66323852539062,10.317605972290039,293.6979675292969,101.12000274658203,170989200,144638000.0,38108000.0,23378100.0,37591800,542676000.0,93657000,351271500.0
2020-07-15,94.53853607177734,150.44349670410156,75.12910461425781,238.1883087158203,197.36911010742188,10.168713569641113,296.3961486816406,103.06732940673828,153198000,115778000.0,31026000.0,19133600.0,32179400,403984000.0,87196500,245517000.0
2020-07-16,93.3752670288086,149.9949951171875,75.03201293945312,238.83267211914062,193.46046447753906,10.076744079589844,295.42010498046875,100.04266357421875,110577600,127884000.0,26484000.0,18880700.0,29940700,344964000.0,54622500,214512000.0
2020-07-17,93.18660736083984,148.09849548339844,75.12760925292969,239.923095703125,192.47378540039062,10.143110275268555,296.2764587402344,100.05599975585938,92186800,95226000.0,34264000.0,18152400.0,31635300,266284000.0,62774900,139950000.0
2020-07-20,95.15042877197266,159.8419952392578,77.45496368408203,243.28358459472656,200.74652099609375,10.450591087341309,298.6708984375,109.53333282470703,90318000,151964000.0,30166000.0,20872200.0,36884800,284852000.0,56308800,256821000.0
2020-07-21,93.83719635009766,156.9145050048828,77.06269073486328,239.64552307128906,198.0426788330078,10.26938247680664,299.3063049316406,104.55733489990234,103433200,122426000.0,27486000.0,19364200.0,37990400,277036000.0,57292200,241608000.0
2020-07-22,94.10078430175781,154.99549865722656,77.50498962402344,237.78189086914062,200.88880920410156,10.379002571105957,301.0099792480469,106.15533447265625,89001600,82084000.0,24482000.0,15427900.0,49605700,367292000.0,57792900,212416500.0
2020-07-23,89.81767272949219,149.32749938964844,75.12265014648438,230.5751953125,192.1512451171875,10.071770668029785,297.4184265136719,100.87133026123047,197004400,113138000.0,33910000.0,21771800.0,67457000,411660000.0,75738000,364927500.0
2020-07-24,89.59515380859375,150.44549560546875,74.69967651367188,228.70167541503906,190.97483825683594,10.136153221130371,295.5029602050781,94.46666717529297,185438800,112648000.0,29902000.0,18325800.0,39827000,473292000.0,73766600,290949000.0
2020-07-27,91.71858978271484,152.760498046875,75.75067138671875,231.4673614501953,193.39404296875,10.361851692199707,297.65789794921875,102.63999938964844,121214000,83410000.0,27124000.0,13163100.0,30160900,292132000.0,48293000,240730500.0
2020-07-28,90.21188354492188,150.01649475097656,74.47382354736328,228.11679077148438,191.65792846679688,10.157031059265137,295.7700500488281,98.43267059326172,103625600,62534000.0,30910000.0,14170100.0,23251400,271636000.0,57495000,237130500.0
2020-07-29,91.94108581542969,151.67649841308594,75.45746612548828,231.25917053222656,193.59326171875,10.405597686767578,299.4075012207031,99.94066619873047,90329200,59482000.0,22676000.0,13588300.0,19632600,284508000.0,48454200,141403500.0
2020-07-30,93.05358123779297,152.593994140625,76.1934585571289,232.45863342285156,193.44146728515625,10.553250312805176,298.33929443359375,99.16600036621094,158130000,122566000.0,36042000.0,20615300.0,25079600,308880000.0,61861700,114315000.0
2020-07-31,102.79527282714844,158.23399353027344,73.69622802734375,251.46177673339844,194.4945526123047,10.553996086120605,300.6968688964844,95.38400268554688,374336800,161710000.0,91468000.0,53005100.0,51044000,386080000.0,84986800,183123000.0
2020-08-03,105.38544464111328,155.59449768066406,73.43917846679688,249.7666778564453,205.43310546875,10.947230339050293,302.78741455078125,99.0,308151200,101494000.0,45482000.0,23124900.0,78983000,412720000.0,53077900,132139500.0
2020-08-04,106.08921813964844,156.94149780273438,72.97064208984375,247.65518188476562,202.34982299804688,11.16348648071289,303.9569396972656,99.13333129882812,173071600,93886000.0,37212000.0,17183500.0,49280100,310336000.0,41917900,126225000.0
2020-08-05,106.47376251220703,160.25149536132812,73.25740814208984,246.9513702392578,202.0177459716797,11.222151756286621,305.8448181152344,99.00133514404297,121776800,78330000.0,29134000.0,13050100.0,28806400,249924000.0,42697700,74217000.0
2020-08-06,110.18852996826172,161.25,74.53821563720703,262.9706726074219,205.25289916992188,11.270621299743652,307.88916015625,99.30533599853516,202428800,78812000.0,33306000.0,45241600.0,32656800,244316000.0,43679400,89884500.0
2020-08-07,107.683349609375,158.3730010986328,74.21231842041016,266.1031799316406,201.5813751220703,11.135397911071777,308.1102600097656,96.84733581542969,198045600,78722000.0,27718000.0,72766400.0,27820400,342516000.0,57308300,133446000.0
2020-08-10,109.24849700927734,157.4080047607422,74.13555145263672,260.7105407714844,197.568359375,11.101096153259277,309.03118896484375,94.57133483886719,212403600,63346000.0,20546000.0,30248800.0,36716500,427796000.0,44282100,112834500.0
2020-08-11,105.99944305419922,154.0334930419922,73.3292236328125,253.90036010742188,192.94815063476562,10.787899017333984,306.4801940917969,91.6259994506836,187902400,74362000.0,31098000.0,28238300.0,36446500,354512000.0,69601100,129387000.0
2020-08-12,109.52227020263672,158.11199951171875,74.6516342163086,257.6276550292969,198.4601593017578,11.37476921081543,310.7533264160156,103.65066528320312,165598000,70442000.0,22512000.0,21415700.0,28013100,464412000.0,53774400,327441000.0
2020-08-13,111.4605484008789,158.05099487304688,75.11769104003906,259.0253601074219,197.9952850341797,11.377504348754883,310.19146728515625,108.06666564941406,210082000,62980000.0,22388000.0,17374000.0,22588900,374460000.0,41816100,306379500.0
2020-08-14,111.36119079589844,157.4010009765625,74.52236938476562,258.9659118652344,198.18499755859375,11.497812271118164,310.2006530761719,110.04733276367188,165565200,55034000.0,21942000.0,14792700.0,17958900,366436000.0,47260400,188664000.0
2020-08-17,111.07046508789062,159.12049865722656,75.09739685058594,258.88653564453125,199.4942169189453,12.266387939453125,311.1861572265625,122.3759994506836,119561600,53824000.0,19990000.0,13351100.0,20184800,621300000.0,35481000,303634500.0
2020-08-18,111.9959716796875,165.62449645996094,77.05575561523438,260.0563049316406,200.6421661376953,12.19057559967041,311.85833740234375,125.80599975585938,105633600,106920000.0,28378000.0,18690400.0,21336200,503448000.0,38733900,247117500.0
2020-08-19,112.13650512695312,163.0240020751953,76.50251770019531,260.3040771484375,199.4248809814453,12.069025039672852,310.55987548828125,125.23533630371094,145538000,83702000.0,30472000.0,23291500.0,27627600,622624000.0,68054200,183079500.0
2020-08-20,114.6247787475586,164.86849975585938,78.06961822509766,266.668212890625,204.0657958984375,12.071508407592773,311.52685546875,133.45533752441406,126907200,66650000.0,26382000.0,20299700.0,26981500,921388000.0,42207800,309177000.0
2020-08-21,120.53168487548828,164.23599243164062,78.03594207763672,264.6856689453125,202.5821990966797,12.610904693603516,312.6319274902344,136.6653289794922,338054800,71518000.0,34838000.0,15538600.0,36249300,999868000.0,55106600,322344000.0
2020-08-24,121.97327423095703,165.3730010986328,78.51042175292969,269.02752685546875,203.2194061279297,12.647443771362305,315.79986572265625,134.27999877929688,345937600,93326000.0,25638000.0,23685600.0,25460100,490564000.0,48588700,300954000.0
2020-08-25,120.97262573242188,167.32449340820312,79.53567504882812,278.3753967285156,205.86317443847656,12.677023887634277,316.9049377441406,134.8893280029297,211495600,79856000.0,25150000.0,42127200.0,23043700,289076000.0,38463400,159883500.0
2020-08-26,122.61774444580078,172.09249877929688,81.4316177368164,301.26446533203125,210.31382751464844,12.69989013671875,320.08209228515625,143.54466247558594,163022400,130174000.0,52188000.0,69015200.0,39600800,321244000.0,50790200,213591000.0
2020-08-27,121.15190124511719,170.0,80.6584701538086,290.6674499511719,215.47781372070312,12.555971145629883,320.781982421875,149.25,155552400,85296000.0,31350000.0,30301300.0,57602200,317604000.0,58034100,355395000.0
2020-08-28,120.95567321777344,170.08999633789062,81.19884490966797,291.1036682128906,217.69357299804688,13.072498321533203,322.8540954589844,147.55999755859375,187630000,57940000.0,22418000.0,17157400.0,26292900,537160000.0,48588900,301218000.0
2020-08-31,125.05755615234375,172.54800415039062,80.70851135253906,290.6476745605469,214.47921752929688,13.297951698303223,321.6845397949219,166.10667419433594,225702700,83718000.0,26422000.0,17345100.0,28774200,500840000.0,66099200,355123200.0
2020-09-01,130.03892517089844,174.95599365234375,81.97396087646484,292.8681640625,216.1339874267578,13.746005058288574,324.71429443359375,158.35000610351562,151948100,68644000.0,22652000.0,17295900.0,25725500,511316000.0,54908700,269523300.0
2020-09-02,127.34468078613281,176.57249450683594,85.06009674072266,299.8667297363281,220.29933166503906,14.268654823303223,329.4110412597656,149.1233367919922,200119000,78630000.0,49522000.0,24341400.0,34080800,874012000.0,69540000,288528300.0
2020-09-03,117.14936828613281,168.39999389648438,80.70751190185547,288.5857238769531,206.65249633789062,12.944878578186035,318.0744934082031,135.6666717529297,257599600,163222000.0,63726000.0,32294100.0,58400300,945128000.0,148011100,262788300.0
2020-09-04,117.2269058227539,164.7310028076172,78.3152847290039,280.268798828125,203.751953125,12.554010391235352,315.4775390625,139.44000244140625,332607200,175636000.0,55850000.0,30333700.0,59664100,1463684000.0,139156300,330965700.0
2020-09-08,109.33812713623047,157.49200439453125,75.46194458007812,268.7995300292969,192.7298583984375,11.848360061645508,306.85772705078125,110.06999969482422,231366600,121884000.0,54032000.0,24864000.0,52924300,795728000.0,114465300,346397100.0
2020-09-09,113.69924926757812,163.4304962158203,76.6323013305664,271.33721923828125,200.93695068359375,12.646004676818848,312.91748046875,122.09333038330078,176940500,103774000.0,39242000.0,22918800.0,45679000,736200000.0,91462300,238397400.0
2020-09-10,109.98745727539062,158.7554931640625,75.58326721191406,265.7562561035156,195.3070526123047,12.244946479797363,307.4840087890625,123.77999877929688,182274400,106614000.0,33024000.0,24814700.0,35461500,698684000.0,90569500,254791800.0
2020-09-11,108.54344940185547,155.81100463867188,75.07361602783203,264.2891540527344,194.03271484375,12.098492622375488,307.6405334472656,124.23999786376953,180860300,101880000.0,30706000.0,18913900.0,33620100,636928000.0,84680200,182152500.0
2020-09-14,111.79972839355469,155.14849853515625,74.73039245605469,263.8331604003906,195.34510803222656,12.80240535736084,311.6925964355469,139.8733367919922,140150100,90592000.0,42660000.0,24093800.0,30375800,1201744000.0,65605700,249061800.0
2020-09-15,111.97418212890625,157.80650329589844,76.03250122070312,270.048583984375,198.54995727539062,12.92050838470459,313.2673645019531,149.9199981689453,184642000,80430000.0,23042000.0,18478500.0,21823900,727556000.0,52920900,291894600.0
2020-09-16,108.66940307617188,153.90499877929688,74.89185333251953,261.2260437011719,195.002685546875,12.446593284606934,312.024169921875,147.25332641601562,154679000,90244000.0,22128000.0,29183400.0,26328100,556384000.0,82096000,216837900.0
2020-09-17,106.9346694946289,150.43649291992188,73.65116119384766,252.6017608642578,192.96759033203125,12.395873069763184,309.2797546386719,141.14332580566406,178011000,128982000.0,40008000.0,31281400.0,34011300,792512000.0,91523300,230337600.0
2020-09-18,103.54267120361328,147.74549865722656,71.87060546875,250.33169555664062,190.57107543945312,12.123111724853516,305.71917724609375,147.38333129882812,287104900,177852000.0,63056000.0,28130800.0,55225300,698460000.0,105877900,259220400.0
2020-09-21,106.68267059326172,148.02349853515625,70.8329849243164,245.9898223876953,192.61573791503906,12.449331283569336,302.3166809082031,149.79666137695312,195713800,122358000.0,56908000.0,24709400.0,39839700,721044000.0,99450800,328430400.0
2020-09-22,108.35929870605469,156.44949340820312,72.30298614501953,252.53236389160156,197.25660705566406,12.569174766540527,305.3955383300781,141.41000366210938,183055400,138976000.0,33950000.0,30293100.0,33517100,646452000.0,63612100,238742400.0
2020-09-23,103.81403350830078,149.9929962158203,69.80525207519531,246.852294921875,190.7613067626953,12.057962417602539,298.31304931640625,126.78666687011719,150718700,113054000.0,37726000.0,19641300.0,30803800,647012000.0,93112200,285222600.0
2020-09-24,104.88009643554688,150.989501953125,70.47240447998047,247.35781860351562,193.23390197753906,12.280996322631836,299.1082763671875,129.26333618164062,167743300,110588000.0,34552000.0,20006800.0,31202500,731240000.0,76681300,289683300.0
2020-09-25,108.81478881835938,154.75650024414062,71.2747802734375,252.6017608642578,197.63702392578125,12.80389404296875,303.94403076171875,135.77999877929688,149981400,92304000.0,30326000.0,18351300.0,29437300,588016000.0,71069400,201625500.0
2020-09-28,111.41206359863281,158.70249938964844,72.24553680419922,254.58438110351562,199.1776123046875,12.96427059173584,308.9922790527344,140.39999389648438,137672400,84484000.0,30784000.0,18826300.0,32004900,573808000.0,64584600,149158800.0
2020-09-29,110.56892395019531,157.24400329589844,72.61006164550781,259.5111389160156,197.1044464111328,13.153985023498535,307.3094787597656,139.69000244140625,99382200,69916000.0,31816000.0,20200200.0,24221900,621460000.0,51304000,150657900.0
2020-09-30,112.23583984375,157.43649291992188,72.5892562866211,259.6201477050781,200.0240478515625,13.457080841064453,309.6394348144531,143.00332641601562,142675200,97922000.0,40924000.0,20142500.0,33829100,689184000.0,104081100,144436800.0
2020-10-01,113.18560791015625,161.06300354003906,73.6937484741211,264.3089599609375,202.04962158203125,13.540623664855957,311.6272888183594,149.3866729736328,116120400,99438000.0,32884000.0,20009800.0,27158400,525004000.0,88698700,152224500.0
2020-10-02,109.5319595336914,156.25,72.09396362304688,257.67718505859375,196.0868377685547,12.991374015808105,308.66864013671875,138.3633270263672,144712000,112262000.0,31222000.0,16367600.0,33154800,552496000.0,89431100,214290000.0
2020-10-05,112.90454864501953,159.9600067138672,73.4426498413086,262.34619140625,200.07156372070312,13.568474769592285,314.1422424316406,141.89332580566406,106243800,75506000.0,21602000.0,12822300.0,21331600,479820000.0,45713100,134168400.0
2020-10-06,109.66764831542969,154.9980010986328,71.86713409423828,256.4083557128906,195.82058715820312,13.66196346282959,309.6764831542969,137.9933319091797,161498200,101738000.0,26096000.0,18696900.0,28554300,784420000.0,90128900,147438900.0
2020-10-07,111.52837371826172,159.7845001220703,72.26931762695312,255.87303161621094,199.54852294921875,13.888229370117188,315.06689453125,141.76666259765625,96849000,86188000.0,36108000.0,23133400.0,25681100,418084000.0,56999600,129383100.0
2020-10-08,111.42178344726562,159.52749633789062,73.47236633300781,261.4638671875,200.2617645263672,13.763659477233887,317.8591613769531,141.97332763671875,83477200,63482000.0,26076000.0,16312800.0,19925800,378900000.0,45242500,121263300.0
2020-10-09,113.36003875732422,164.33250427246094,74.81062316894531,262.14788818359375,205.23550415039062,13.688071250915527,320.6977233886719,144.6666717529297,100506900,98158000.0,32966000.0,14107800.0,26458000,346892000.0,59528600,86777100.0
2020-10-12,120.56073760986328,172.14649963378906,77.49211883544922,273.349609375,210.55162048339844,14.148807525634766,325.8569641113281,147.43333435058594,240226800,167284000.0,55344000.0,31019300.0,40461400,434744000.0,80388500,116373300.0
2020-10-13,117.36259460449219,172.18150329589844,77.61492919921875,273.73614501953125,211.94004821777344,14.170936584472656,323.7304382324219,148.88333129882812,262330500,114894000.0,39072000.0,18063300.0,28950800,344604000.0,73255500,103391100.0
2020-10-14,117.4498062133789,168.1855010986328,77.4351577758789,269.4538269042969,210.03805541992188,14.018768310546875,321.6963195800781,153.76666259765625,150712000,116254000.0,33174000.0,15577800.0,23421700,276100000.0,57727900,143639100.0
2020-10-15,116.984619140625,166.9324951171875,77.04041290283203,264.3981628417969,208.89688110351562,13.894197463989258,321.29876708984375,149.6266632080078,112559200,104468000.0,31210000.0,15416100.0,22733100,267224000.0,60357700,107017200.0
2020-10-16,115.34678649902344,163.635498046875,77.64614868164062,263.6150207519531,208.89688110351562,13.736557006835938,321.1045227050781,146.55667114257812,115393800,129488000.0,34194000.0,16622700.0,26057900,242392000.0,89501900,98327700.0
2020-10-19,112.40061950683594,160.36050415039062,75.77643585205078,259.12451171875,203.72340393066406,13.424506187438965,316.22265625,143.61000061035156,120639300,104472000.0,29734000.0,13587000.0,27625800,298068000.0,68425600,108863400.0
2020-10-20,113.88339233398438,160.85049438476562,76.82296752929688,265.2308654785156,204.13233947753906,13.57145881652832,317.4893798828125,140.64666748046875,124423700,90194000.0,41670000.0,18763200.0,22753500,229212000.0,60051900,94968900.0
2020-10-21,113.26313018798828,159.2469940185547,78.55201721191406,276.3036193847656,204.2749786376953,13.451364517211914,316.8883361816406,140.8800048828125,89946000,91854000.0,60322000.0,28998600.0,22724900,219596000.0,63575000,97111500.0
2020-10-22,112.17769622802734,158.82000732421875,79.57577514648438,275.69891357421875,204.36056518554688,13.28850269317627,318.6265869140625,141.92999267578125,101988000,84240000.0,30512000.0,16720000.0,22351500,290480000.0,55399300,119979600.0
2020-10-23,111.48960876464844,160.22000122070312,80.87938690185547,282.31085205078125,205.63490295410156,13.51650619506836,319.7083740234375,140.2100067138672,82572600,69334000.0,30548000.0,17535200.0,18879600,233484000.0,49143900,101151000.0
2020-10-26,111.49932861328125,160.3520050048828,78.46781921386719,274.69769287109375,199.78627014160156,13.069944381713867,313.8001708984375,140.0933380126953,111850700,118024000.0,35826000.0,21322900.0,37111600,336896000.0,91473000,84717600.0
2020-10-27,113.00144958496094,164.31649780273438,79.1904525756836,280.8239440917969,202.80093383789062,13.324058532714844,312.7183532714844,141.55999755859375,92276800,85820000.0,25902000.0,16287200.0,36700300,250520000.0,65994100,68059500.0
2020-10-28,107.76811981201172,158.13900756835938,74.82794952392578,265.33990478515625,192.74887084960938,12.558485984802246,302.0300598144531,135.33999633789062,143937800,111766000.0,45174000.0,23121800.0,51195600,376520000.0,127094300,76354200.0
2020-10-29,111.76097106933594,160.55050659179688,77.1102523803711,278.38531494140625,194.68890380859375,12.953329086303711,305.09967041015625,136.94332885742188,146129200,131930000.0,55406000.0,32368100.0,31432600,320080000.0,90597700,67965900.0
2020-10-30,105.50035858154297,151.8074951171875,80.04381561279297,260.819580078125,192.5491485595703,12.465987205505371,301.9189758300781,129.34666442871094,190272600,167728000.0,99878000.0,47247800.0,36953700,416820000.0,120287300,127533900.0
2020-11-02,105.41312408447266,150.2239990234375,80.4504623413086,259.0848388671875,192.41598510742188,12.512484550476074,305.3031311035156,133.50332641601562,122866900,145148000.0,44228000.0,27165700.0,30842200,299652000.0,86068300,87063300.0
2020-11-03,107.0315933227539,152.42050170898438,81.50740051269531,262.99053955078125,196.3151092529297,12.948854446411133,310.6935119628906,141.3000030517578,107624400,97958000.0,31432000.0,17961900.0,27512000,272900000.0,93294200,103055100.0
2020-11-04,111.40238952636719,162.05799865722656,86.46968841552734,284.8783874511719,205.78707885742188,13.719403266906738,317.63720703125,140.32666015625,138235500,136780000.0,71342000.0,35364400.0,42311800,410228000.0,126959700,96429300.0
2020-11-05,115.35648345947266,166.10000610351562,87.29434204101562,292.1147766113281,212.3489532470703,14.083165168762207,323.8321228027344,146.02999877929688,126387100,115786000.0,39758000.0,23823600.0,36080100,319028000.0,82039700,85243500.0
2020-11-06,115.22542572021484,165.56849670410156,87.15715026855469,290.8558044433594,212.75791931152344,14.482983589172363,323.75811767578125,143.31666564941406,114457900,92946000.0,28622000.0,13891000.0,25231900,383348000.0,74973000,65118000.0
2020-11-09,112.92459869384766,157.18699645996094,87.2408447265625,276.3432312011719,207.68907165527344,13.55678653717041,327.82635498046875,140.4199981689453,154515300,143808000.0,53440000.0,25117700.0,44395000,582976000.0,172304200,104499000.0
2020-11-10,112.58480072021484,151.75100708007812,86.06700897216797,270.0585021972656,200.67068481445312,12.700708389282227,327.3455810546875,136.7866668701172,138023400,131820000.0,43022000.0,29067700.0,44045100,644068000.0,85552000,90852600.0
2020-11-11,116.00206756591797,156.8695068359375,86.53802490234375,274.0732421875,205.93923950195312,13.34519100189209,329.7772521972656,139.0433349609375,112295000,87338000.0,31838000.0,14957000.0,29440800,404744000.0,58649000,52073100.0
2020-11-12,115.73023986816406,155.51400756835938,86.31961059570312,272.685302734375,204.88360595703125,13.383731842041016,326.5781555175781,137.25332641601562,103162300,87240000.0,26474000.0,12899500.0,21593900,365812000.0,67546200,59565300.0
2020-11-13,115.77877807617188,156.4405059814453,87.7777328491211,274.53912353515625,205.9011993408203,13.224849700927734,331.0994567871094,136.1666717529297,81581900,75124000.0,29744000.0,10391200.0,18621100,346312000.0,62892200,59313300.0
2020-11-16,116.7884292602539,156.55299377441406,87.86540222167969,276.5316467285156,206.58592224121094,13.441915512084961,335.2323913574219,136.02999877929688,91183000,76174000.0,25468000.0,12970400.0,24953300,413776000.0,74541100,80515800.0
2020-11-17,115.90499114990234,156.7830047607422,87.25272369384766,272.6061096191406,203.95164489746094,13.349419593811035,333.4294738769531,147.20333862304688,74271000,68894000.0,21314000.0,15040300.0,24154100,312028000.0,66111000,183564900.0
2020-11-18,114.58468627929688,155.2729949951172,86.21163177490234,269.60247802734375,201.2628173828125,13.355881690979004,329.4166259765625,162.2133331298828,76322100,58336000.0,20108000.0,12152900.0,28372800,510924000.0,70591300,234132000.0
2020-11-19,115.17687225341797,155.8509979248047,87.09967803955078,270.56402587890625,202.54049682617188,13.367321968078613,330.80352783203125,166.42333984375,74113000,60206000.0,20106000.0,12963700.0,24792700,565936000.0,59940900,187425900.0
2020-11-20,113.91482543945312,154.97000122070312,86.00064849853516,267.35223388671875,200.60487365722656,13.01673412322998,328.5382995605469,163.20333862304688,73604300,67488000.0,27694000.0,18114700.0,22843100,341088000.0,70417300,98735700.0
2020-11-23,110.52670288085938,154.91949462890625,85.56380462646484,266.09332275390625,200.33792114257812,13.06870174407959,330.5076599121094,173.9499969482422,127959300,94178000.0,22530000.0,20990800.0,25683500,361356000.0,63230600,150780900.0
2020-11-24,111.80819702148438,155.9029998779297,87.3636703491211,274.5093994140625,203.9134979248047,12.88744068145752,335.8333740234375,185.1266632080078,113874200,72042000.0,27984000.0,16930400.0,33979700,346500000.0,62415900,160945500.0
2020-11-25,112.64306640625,159.2534942626953,87.37506103515625,273.19097900390625,203.9230499267578,13.162938117980957,335.3156433105469,191.3333282470703,76499200,75808000.0,19600000.0,12467000.0,21012900,259916000.0,45330900,146790600.0
2020-11-27,113.18670654296875,159.76699829101562,88.50877380371094,275.39166259765625,205.21981811523438,13.189291954040527,336.2494812011719,195.25332641601562,46691300,47858000.0,14790000.0,7808400.0,14512200,167276000.0,28514100,112683300.0
2020-11-30,115.57492065429688,158.40199279785156,86.89315032958984,274.5589599609375,204.11373901367188,13.328782081604004,334.76092529296875,189.1999969482422,169410200,81278000.0,32418000.0,16693300.0,33064800,286952000.0,83872700,189009300.0
2020-12-01,119.13775634765625,161.00399780273438,88.92184448242188,284.05548095703125,206.15426635742188,13.317343711853027,338.4222717285156,194.9199981689453,127728200,90740000.0,37350000.0,20738900.0,30904500,296948000.0,74231400,120310500.0
2020-12-02,119.48727416992188,160.17649841308594,90.38838195800781,285.0170593261719,205.35330200195312,13.471006393432617,339.13421630859375,189.60667419433594,89004200,62586000.0,29424000.0,17361600.0,23724500,283360000.0,45927000,143327100.0
2020-12-03,119.35136413574219,159.3365020751953,90.2333755493164,279.396484375,204.27581787109375,13.327248573303223,339.0417785644531,197.7933349609375,78967600,57840000.0,24728000.0,12921700.0,25120900,199520000.0,62882000,127656000.0
2020-12-04,118.6814956665039,158.12899780273438,90.3284683227539,277.2651672363281,204.39024353027344,13.488665580749512,341.9635314941406,199.67999267578125,78260400,58272000.0,20544000.0,10880300.0,24666000,202244000.0,50749900,88203900.0
2020-12-07,120.13771057128906,157.89999389648438,89.99514770507812,283.0939636230469,204.32351684570312,13.53691577911377,341.2607421875,213.9199981689453,86712000,55026000.0,22288000.0,13007700.0,24620000,223244000.0,48944300,168929100.0
2020-12-08,120.74933624267578,158.864501953125,89.71281433105469,280.93292236328125,205.9635009765625,13.281486511230469,342.2593688964844,216.6266632080078,82225500,65726000.0,19936000.0,10747700.0,23284100,271920000.0,42458900,192795000.0
2020-12-09,118.22521209716797,155.2100067138672,88.05509185791016,275.500732421875,201.9493408203125,12.864386558532715,339.1897277832031,201.4933319091797,115089200,82016000.0,31728000.0,25189700.0,32440600,401300000.0,74098300,213873600.0
2020-12-10,119.64258575439453,155.07449340820312,87.54940795898438,274.7076416015625,200.72885131835938,12.905674934387207,339.0787353515625,209.02333068847656,81312200,60604000.0,28688000.0,20065100.0,26733300,207764000.0,57735400,201249600.0
2020-12-11,118.83684539794922,155.8209991455078,87.90352630615234,271.1687316894531,203.34140014648438,12.946465492248535,338.6811218261719,203.3300018310547,86939800,61294000.0,18628000.0,14391400.0,30979400,209264000.0,57698600,139425000.0
2020-12-14,118.22521209716797,157.84849548339844,86.78716278076172,271.8031311035156,204.23773193359375,13.240446090698242,337.1648254394531,213.27667236328125,79184500,83116000.0,33050000.0,16376900.0,28798400,270156000.0,69216200,156121800.0
2020-12-15,124.14715576171875,158.25599670410156,87.2239990234375,273.15130615234375,204.17092895507812,13.291929244995117,341.7231140136719,211.0833282470703,157243700,66390000.0,21352000.0,23979500.0,27000600,193016000.0,63865300,135214500.0
2020-12-16,124.07918548583984,162.04800415039062,87.03133392333984,273.270263671875,209.0814208984375,13.174535751342773,342.2593688964844,207.58999633789062,98208600,88552000.0,24676000.0,15885000.0,35023300,223116000.0,58420500,126287400.0
2020-12-17,124.94322204589844,161.8040008544922,86.20519256591797,272.0906677246094,209.2149200439453,13.27277946472168,344.17327880859375,218.63333129882812,94359800,69486000.0,34880000.0,16377800.0,32515800,231384000.0,64119500,168810300.0
2020-12-18,122.96275329589844,160.08250427246094,85.49742889404297,273.9938659667969,208.42355346679688,13.20388126373291,342.799072265625,231.6666717529297,192541500,119914000.0,85256000.0,26693200.0,63354900,342064000.0,136542300,666378600.0
2020-12-21,124.4869384765625,160.3090057373047,85.9104995727539,270.41534423828125,212.2374725341797,13.263826370239258,341.5733337402344,216.6199951171875,121251600,76736000.0,33974000.0,16553700.0,37181900,302332000.0,96386700,174135900.0
2020-12-22,128.03041076660156,160.3260040283203,85.20026397705078,264.7649230957031,213.5247039794922,13.210103988647461,340.99761962890625,213.44667053222656,168904800,47388000.0,20370000.0,17312900.0,22612200,185580000.0,47949000,155148000.0
2020-12-23,127.13726806640625,159.2635040283203,85.59698486328125,265.7760925292969,210.7405242919922,12.942482948303223,341.30413818359375,215.32666015625,88223700,41876000.0,22974000.0,14329000.0,18699600,179144000.0,46201400,99519000.0
2020-12-24,128.11776733398438,158.63450622558594,85.89068603515625,265.072265625,212.39002990722656,12.927062034606934,342.6319885253906,220.58999633789062,54930100,29038000.0,9312000.0,6702000.0,10550600,97884000.0,26457900,68596800.0
2020-12-28,132.6999969482422,164.197998046875,87.8619384765625,274.5887145996094,214.4972686767578,12.833792686462402,345.575439453125,221.22999572753906,124486200,113736000.0,27650000.0,23299700.0,17933500,212564000.0,39000400,96835800.0
2020-12-29,130.93310546875,166.10000610351562,87.05956268310547,274.3706359863281,213.72491455078125,12.87682056427002,344.9161376953125,221.99667358398438,121047300,97458000.0,19726000.0,16383000.0,17403200,170372000.0,53680500,68732400.0
2020-12-30,129.8166961669922,164.29249572753906,85.99420928955078,269.5033264160156,211.36978149414062,13.078279495239258,345.408203125,231.5933380126953,96452100,64186000.0,21026000.0,11803800.0,20272300,225396000.0,49455300,128538000.0
2020-12-31,128.8167266845703,162.84649658203125,86.80599212646484,270.7821044921875,212.0753936767578,12.987998962402344,347.1632385253906,235.22332763671875,99116600,59144000.0,21070000.0,12900400.0,20942100,192424000.0,78520700,148949700.0
2021-01-04,125.63251495361328,159.3314971923828,85.49297332763672,266.59881591796875,207.56536865234375,13.046195030212402,342.4370422363281,243.2566680908203,143301900,88228000.0,37324000.0,15106100.0,37130100,560640000.0,110210800,145914600.0
2021-01-05,127.185791015625,160.92550659179688,86.18241119384766,268.6111755371094,207.765625,13.335952758789062,344.7953796386719,245.0366668701172,97664900,53110000.0,20360000.0,9871600.0,23823000,322760000.0,66426200,96735600.0
2021-01-06,122.904541015625,156.91900634765625,85.33201599121094,261.017822265625,202.37841796875,12.549759864807129,346.85675048828125,251.9933319091797,155088000,87896000.0,46588000.0,24354100.0,35930700,580424000.0,107997700,134100000.0
2021-01-07,127.0984115600586,158.10800170898438,87.88075256347656,266.4005432128906,208.137451171875,13.275514602661133,352.01019287109375,272.0133361816406,109578200,70290000.0,41936000.0,15789800.0,27694500,461480000.0,68766800,154496700.0
2021-01-08,128.1954345703125,159.13499450683594,89.044189453125,265.2408142089844,209.40562438964844,13.208610534667969,354.0158996582031,293.3399963378906,105158200,70754000.0,35484000.0,18528300.0,22956200,292528000.0,71677200,225166500.0
2021-01-11,125.2150650024414,155.7104949951172,86.98676300048828,254.60415649414062,207.3746795654297,13.551589965820312,351.62945556640625,270.39666748046875,100384500,73668000.0,34796000.0,30412300.0,23031300,518344000.0,51034700,177904800.0
2021-01-12,125.04029083251953,156.04150390625,86.05265045166016,248.9042205810547,204.93374633789062,13.41554069519043,351.7037353515625,283.14666748046875,91951100,70292000.0,29528000.0,26383500.0,23249300,291476000.0,52547700,138812100.0
2021-01-13,127.0693130493164,158.29449462890625,86.53902435302734,249.449462890625,206.27818298339844,13.462299346923828,352.65093994140625,284.8033447265625,88636800,66424000.0,23432000.0,19528900.0,20087100,210028000.0,45303600,99937500.0
2021-01-14,125.14707946777344,156.37350463867188,85.730224609375,243.50167846679688,203.11257934570312,13.132501602172852,351.4159240722656,281.6666564941406,90221800,61418000.0,29212000.0,29739400.0,29480800,283120000.0,49989100,93798900.0
2021-01-15,123.42876434326172,155.21249389648438,85.56676483154297,249.17189025878906,202.75978088378906,12.793499946594238,348.8531494140625,275.38665771484375,111598500,84880000.0,31444000.0,24942900.0,31746500,277780000.0,107160000,116332800.0
2021-01-19,124.09861755371094,156.03799438476562,88.38249206542969,258.8270568847656,206.37350463867188,12.95840072631836,351.5923767089844,281.51666259765625,90757300,66102000.0,41660000.0,28028500.0,30480900,226188000.0,51233300,76101000.0
2021-01-20,128.17601013183594,163.16900634765625,93.117431640625,265.15155029296875,213.90609741210938,13.297154426574707,356.45794677734375,283.48333740234375,104319500,106196000.0,64152000.0,25199900.0,37777300,258572000.0,61836100,76997700.0
2021-01-21,132.874755859375,165.34950256347656,93.31949615478516,270.49462890625,214.50680541992188,13.7963285446167,356.7828674316406,281.663330078125,120150900,98722000.0,58634000.0,20838700.0,30709400,337780000.0,47840100,61563300.0
2021-01-22,135.01051330566406,164.6114959716797,93.73603057861328,272.1104431152344,215.44122314453125,13.642126083374023,355.5201110839844,282.21331787109375,114459400,56438000.0,32744000.0,21954000.0,30172700,246820000.0,52860500,60199500.0
2021-01-25,138.74818420410156,164.6999969482422,93.82121276855469,275.58990478515625,218.85470581054688,13.583176612854004,356.92218017578125,293.6000061035156,157611700,74996000.0,50586000.0,19087000.0,33152100,251112000.0,70402000,123520200.0
2021-01-26,138.98114013671875,166.30650329589844,94.49828338623047,279.5946960449219,221.52447509765625,13.366297721862793,356.36505126953125,294.36334228515625,98390600,59104000.0,31462000.0,19373600.0,49169600,163980000.0,42665300,69394800.0
2021-01-27,137.9132537841797,161.62899780273438,90.0897445678711,269.7710266113281,222.0679473876953,12.85145378112793,347.6554260253906,288.0533447265625,140843800,93204000.0,82512000.0,35346200.0,69870600,371272000.0,123351100,82002000.0
2021-01-28,133.08831787109375,161.88099670410156,91.78659057617188,262.6931457519531,227.8175048828125,12.98401927947998,350.64520263671875,278.4766540527344,142621100,62984000.0,55278000.0,37758800.0,49111200,228316000.0,94198100,79134000.0
2021-01-29,128.10806274414062,160.30999755859375,90.50675964355469,256.0812072753906,221.17169189453125,12.92308235168457,343.62542724609375,264.510009765625,177523800,85872000.0,44530000.0,30389500.0,42503100,271552000.0,126765100,104972400.0
2021-02-01,130.2244415283203,167.1439971923828,93.76129150390625,259.7291259765625,228.50401306152344,13.16906452178955,349.3453063964844,279.9366760253906,106239800,83204000.0,40252000.0,22914300.0,33314200,217204000.0,75817600,76174200.0
2021-02-02,131.04962158203125,169.0,95.05152893066406,264.7550048828125,228.37049865722656,13.487173080444336,354.2851257324219,290.92999267578125,83305400,141972000.0,66332000.0,17320800.0,25916300,220440000.0,64450700,73038600.0
2021-02-03,130.0302734375,165.62649536132812,101.9736557006836,264.3287658691406,231.6982421875,13.461053848266602,354.5637512207031,284.89666748046875,89880900,141776000.0,97882000.0,14223400.0,27158100,245408000.0,52427100,55030500.0
2021-02-04,133.37957763671875,166.5500030517578,101.71363067626953,264.1701354980469,230.75424194335938,13.594120025634766,358.5936279296875,283.3299865722656,84183100,73414000.0,48596000.0,16060000.0,25296100,201340000.0,47142600,47438100.0
2021-02-05,132.96632385253906,167.6074981689453,103.45704650878906,265.76617431640625,230.93544006347656,13.521247863769531,360.0049133300781,284.07666015625,75693800,72416000.0,29866000.0,12454400.0,18054800,169152000.0,48669800,55699800.0
2021-02-08,133.11216735839844,166.14700317382812,103.24356079101562,264.2593688964844,231.19288635253906,14.364646911621094,362.6048278808594,287.8066711425781,71297200,65148000.0,28828000.0,13755200.0,22211900,434624000.0,38365200,60485100.0
2021-02-09,132.2371826171875,165.25,102.79137420654297,267.1044616699219,232.4324188232422,14.190048217773438,362.3634338378906,283.1533203125,76774200,44070000.0,21892000.0,14613400.0,23565000,287560000.0,35551100,45473100.0
2021-02-10,131.63433837890625,164.32899475097656,103.34062957763672,269.5033264160156,231.52659606933594,14.68847370147705,362.2055358886719,268.2733459472656,73046600,63032000.0,25102000.0,14687200.0,22186700,485352000.0,59154400,108648300.0
2021-02-11,131.3815460205078,163.10650634765625,103.45307159423828,268.0362548828125,233.1189422607422,15.172478675842285,362.79058837890625,270.5533447265625,64280000,46028000.0,20480000.0,12828600.0,15751100,450828000.0,42913300,64868400.0
2021-02-12,131.6149139404297,163.885498046875,103.76411437988281,268.1452941894531,233.59567260742188,14.8844633102417,364.5826721191406,272.0400085449219,60145100,46706000.0,18990000.0,9097600.0,16561100,374756000.0,50593300,71304900.0
2021-02-16,129.4954071044922,163.44749450683594,104.54023742675781,271.5850830078125,232.36566162109375,15.25157356262207,364.2669372558594,265.40667724609375,80576300,51494000.0,31004000.0,15417200.0,26728500,321960000.0,50972400,59406900.0
2021-02-17,127.2105712890625,165.4320068359375,104.93248748779297,271.18853759765625,233.37869262695312,14.829497337341309,364.3504943847656,266.04998779296875,97918500,65950000.0,20294000.0,12763200.0,21653500,274756000.0,52290600,77989500.0
2021-02-18,126.1119155883789,166.4114990234375,104.29804229736328,267.0449523925781,232.9868927001953,14.752897262573242,362.7998352050781,262.4599914550781,96856700,60548000.0,22546000.0,15249100.0,16925600,233868000.0,59712800,53871300.0
2021-02-19,126.26744842529297,162.4949951171875,103.45604705810547,259.2830810546875,230.2918243408203,14.849892616271973,362.15911865234375,260.4333190917969,87668800,86104000.0,37938000.0,25622600.0,25262600,271724000.0,83241000,56874900.0
2021-02-22,122.50483703613281,159.03700256347656,101.74482727050781,258.06378173828125,224.11810302734375,14.282072067260742,359.37353515625,238.1666717529297,103916400,70314000.0,29466000.0,17434900.0,36446900,325884000.0,67414200,111809100.0
2021-02-23,122.36872100830078,159.72500610351562,102.0350570678711,263.5456848144531,222.93307495117188,14.069417953491211,359.8099670410156,232.94667053222656,158273000,93544000.0,34658000.0,21924600.0,30228700,391780000.0,107284100,199820700.0
2021-02-24,121.8728256225586,157.97650146484375,103.2083969116211,262.0091552734375,224.15631103515625,14.42458724975586,363.77471923828125,247.33999633789062,111039900,60226000.0,22608000.0,15736100.0,26339700,448320000.0,72433900,110301000.0
2021-02-25,117.63380432128906,152.85800170898438,99.8473892211914,252.472900390625,218.84271240234375,13.239203453063965,355.0093994140625,227.4066619873047,148199500,90676000.0,41548000.0,19053100.0,39542200,824436000.0,146670500,117071700.0
2021-02-26,117.89634704589844,154.64649963378906,100.14257049560547,255.3773651123047,222.0824737548828,13.644109725952148,353.18023681640625,225.1666717529297,164560400,85518000.0,40042000.0,26619500.0,37819200,500932000.0,152701600,123267600.0
2021-03-01,124.24517059326172,157.3070068359375,102.50756072998047,262.6039123535156,226.44041442871094,13.770710945129395,361.7413330078125,239.47666931152344,116307900,54582000.0,26060000.0,22157300.0,25324000,353184000.0,105348800,81408600.0
2021-03-02,121.64922332763672,154.72650146484375,102.25100708007812,256.74542236328125,223.50645446777344,13.337443351745605,358.91851806640625,228.81333923339844,102260900,51916000.0,25564000.0,15191700.0,22812500,264116000.0,79595300,71196600.0
2021-03-03,118.67412567138672,150.25,99.62252807617188,253.1866455078125,217.47607421875,12.739031791687012,354.1644592285156,217.73333740234375,112966300,79774000.0,33892000.0,15513500.0,34029500,377592000.0,119940200,90624000.0
2021-03-04,116.79764556884766,148.8784942626953,100.73792266845703,255.39724731445312,216.68284606933594,12.306760787963867,349.7817687988281,207.14666748046875,178155000,109632000.0,49216000.0,31626500.0,44727800,573344000.0,183433000,197758500.0
2021-03-05,118.05186462402344,150.0229949951172,103.86515045166016,261.9794616699219,221.3370361328125,12.397542953491211,356.21649169921875,199.31666564941406,153766600,107772000.0,53100000.0,26820100.0,41872800,542840000.0,152039600,268189500.0
2021-03-08,113.13223266601562,147.59750366210938,99.42886352539062,253.08749389648438,217.31361389160156,11.53375244140625,354.4429931640625,187.6666717529297,154376600,83700000.0,36868000.0,18391800.0,35267400,543112000.0,123149200,155361000.0
2021-03-09,117.73099517822266,153.1425018310547,101.0563735961914,263.42669677734375,223.42042541503906,12.460293769836426,359.5035705566406,224.52667236328125,129525800,80600000.0,33920000.0,22039700.0,33080500,521824000.0,113633600,202569900.0
2021-03-10,116.65181732177734,152.8820037841797,100.8498306274414,262.593994140625,222.1206817626953,12.408539772033691,361.7413330078125,222.68666076660156,111943300,60250000.0,27100000.0,14210300.0,29746800,384376000.0,109899400,181817100.0
2021-03-11,118.5768814086914,155.67950439453125,104.03701782226562,271.495849609375,226.62197875976562,12.93127727508545,365.4090881347656,233.1999969482422,103026500,55528000.0,27702000.0,21834000.0,29907600,299916000.0,86245000,108761700.0
2021-03-12,117.67267608642578,154.47450256347656,101.53382110595703,266.06353759765625,225.30313110351562,12.794432640075684,365.9012145996094,231.2433319091797,88105100,48438000.0,33818000.0,20600200.0,22653700,243964000.0,64653600,100751400.0
2021-03-15,120.55058288574219,154.08399963378906,101.75374603271484,271.36700439453125,224.40478515625,13.128079414367676,368.0832824707031,235.97999572753906,92403800,58272000.0,26168000.0,16844800.0,26034900,221988000.0,73427200,88006800.0
2021-03-16,122.08674621582031,154.59300231933594,103.21237182617188,276.8488464355469,227.17630004882812,13.227598190307617,367.61895751953125,225.6266632080078,115227900,50776000.0,31900000.0,22437700.0,28092200,272128000.0,73722500,96587100.0
2021-03-17,121.29922485351562,156.7864990234375,103.12964630126953,281.5376281738281,226.5360107421875,13.277361869812012,368.8725280761719,233.93666076660156,111932600,62372000.0,26382000.0,21315000.0,29562100,243864000.0,97959300,121117500.0
2021-03-18,117.18653869628906,151.39950561523438,100.11433410644531,276.19451904296875,220.49603271484375,12.661575317382812,363.50555419921875,217.72000122070312,121229700,72992000.0,31700000.0,18728300.0,34833000,293896000.0,115349100,99674400.0
2021-03-19,116.66152954101562,153.7480010986328,100.39268493652344,287.5845642089844,220.14239501953125,12.784234046936035,362.8329772949219,218.2899932861328,185549500,92508000.0,46072000.0,38930500.0,46430700,299208000.0,113624500,128682000.0
2021-03-22,119.96722412109375,155.5435028076172,100.57744598388672,290.9846496582031,225.53250122070312,13.123101234436035,365.7301940917969,223.3333282470703,111912300,58044000.0,33536000.0,28273100.0,30127000,297804000.0,73778600,118536600.0
2021-03-23,119.14078521728516,156.875,101.10442352294922,288.1000671386719,227.05201721191406,13.00815486907959,362.8515319824219,220.72000122070312,95467100,76346000.0,28510000.0,23000900.0,31638400,222048000.0,90686600,91475700.0
2021-03-24,116.75875091552734,154.35350036621094,100.66857147216797,279.6839599609375,225.02601623535156,12.582456588745117,361.00701904296875,210.08999633789062,88530500,59180000.0,25218000.0,18675000.0,25620100,245840000.0,97588600,101385600.0
2021-03-25,117.24488830566406,152.31300354003906,100.66510772705078,276.3134765625,222.04421997070312,12.475217819213867,363.0379333496094,213.4633331298828,98844700,71270000.0,35616000.0,24505600.0,34061900,295144000.0,116128600,117674700.0
2021-03-26,117.84770202636719,152.60150146484375,100.28225708007812,280.5562744140625,226.00079345703125,12.777764320373535,368.8882141113281,206.23666381835938,94071200,66258000.0,27978000.0,17629200.0,25479900,363968000.0,114409100,101558400.0
2021-03-29,118.02268981933594,153.7864990234375,101.32533264160156,288.2883605957031,224.81570434570312,12.88624382019043,368.701904296875,203.76333618164062,80819200,54920000.0,26492000.0,21718800.0,25227500,273520000.0,108107600,85911000.0
2021-03-30,116.57402801513672,152.76449584960938,101.35900115966797,285.492919921875,221.57595825195312,12.810110092163086,367.7237243652344,211.8733367919922,85671900,46752000.0,27312000.0,17474500.0,24792000,200204000.0,76262200,118297200.0
2021-03-31,118.76164245605469,154.70399475097656,102.15394592285156,291.9660339355469,225.32228088378906,13.284326553344727,369.21429443359375,222.64332580566406,118323800,61878000.0,42570000.0,19498200.0,43623500,314776000.0,112734200,100011900.0
2021-04-01,119.58804321289062,158.0500030517578,105.48522186279297,296.06011962890625,231.61068725585938,13.745606422424316,373.2014465332031,220.5833282470703,75089100,58806000.0,39880000.0,17616000.0,30338000,308276000.0,99682900,105895200.0
2021-04-05,122.4076156616211,161.3365020751953,109.90219116210938,306.22088623046875,238.03286743164062,13.920516014099121,378.55804443359375,230.35000610351562,88651200,66698000.0,48510000.0,28237000.0,36910600,255672000.0,91684800,125528400.0
2021-04-06,122.70901489257812,161.1909942626953,109.42178344726562,303.5939636230469,236.87652587890625,13.795117378234863,378.3344421386719,230.5399932861328,80171300,50756000.0,35240000.0,17335200.0,22931900,191744000.0,62021000,84815400.0
2021-04-07,124.35213470458984,163.96949768066406,110.89625549316406,310.364501953125,238.82608032226562,14.075769424438477,378.77227783203125,223.6566619873047,83466700,66924000.0,24134000.0,22855200.0,22719800,251284000.0,55836300,78928200.0
2021-04-08,126.7438735961914,164.96499633789062,111.46088409423828,310.295166015625,242.02764892578125,14.248437881469727,380.5703125,227.93333435058594,88844600,56242000.0,28664000.0,20894100.0,23625200,244416000.0,57863100,71772900.0
2021-04-09,129.31063842773438,168.61000061035156,112.46334075927734,309.7399597167969,244.51243591308594,14.331038475036621,383.3370666503906,225.67333984375,106686700,86830000.0,26146000.0,15988600.0,24326800,195172000.0,61104600,64311300.0
2021-04-12,127.5994644165039,168.96949768066406,111.17310333251953,308.8280029296875,244.5697784423828,15.136163711547852,383.47686767578125,233.9933319091797,91420000,65636000.0,25024000.0,10881900.0,27148700,869324000.0,56704900,87407100.0
2021-04-13,130.70098876953125,170.0,111.65898132324219,307.0635681152344,247.03543090820312,15.604411125183105,384.61334228515625,254.10667419433594,91266500,66316000.0,25682000.0,14036900.0,23837500,676212000.0,56551000,133958400.0
2021-04-14,128.36752319335938,166.64999389648438,111.03888702392578,300.1839294433594,244.26397705078125,15.203841209411621,383.29986572265625,244.07666015625,87222800,62904000.0,21002000.0,17421400.0,23070900,385500000.0,61659900,147052200.0
2021-04-15,130.76901245117188,168.95449829101562,113.18545532226562,305.140380859375,248.0006866455078,16.05997085571289,387.41741943359375,246.28334045410156,89347100,64672000.0,29174000.0,14558300.0,25627500,598480000.0,60229800,83546700.0
2021-04-16,130.43849182128906,169.9720001220703,113.06163787841797,303.5146484375,249.1857452392578,15.836297035217285,388.71234130859375,246.5933380126953,84922400,63720000.0,26282000.0,13059200.0,24878600,335208000.0,82037300,83938500.0
2021-04-19,131.099609375,168.60049438476562,113.40882873535156,299.60894775390625,247.27435302734375,15.28818416595459,386.80255126953125,238.2100067138672,94264200,54508000.0,30290000.0,14553500.0,23209300,404420000.0,78498500,119058600.0
2021-04-20,129.41758728027344,166.7344970703125,112.87641143798828,300.0153503417969,246.81564331054688,15.09859561920166,383.9705810546875,239.663330078125,94812300,52460000.0,22288000.0,16796400.0,19722900,334132000.0,81851800,106827000.0
2021-04-21,129.79678344726562,168.1009979248047,112.84371185302734,298.84564208984375,249.0328369140625,15.28693962097168,387.603759765625,248.0399932861328,68847100,44224000.0,23204000.0,14863500.0,24030400,216776000.0,66793000,93646500.0
2021-04-22,128.2800750732422,165.45199584960938,111.56437683105469,293.9387512207031,245.77398681640625,14.779133796691895,384.0637512207031,239.89666748046875,84566500,51612000.0,24146000.0,16375400.0,25606200,277788000.0,97582800,106770900.0
2021-04-23,130.5940399169922,167.04400634765625,113.91255187988281,298.5086669921875,249.57757568359375,15.192145347595215,388.22784423828125,243.13333129882812,78657500,63856000.0,29066000.0,17536800.0,21462600,227500000.0,73209200,85110000.0
2021-04-26,130.98289489746094,170.4499969482422,114.40782165527344,300.4019775390625,249.95986938476562,15.403876304626465,389.038330078125,246.06666564941406,66905100,97614000.0,32038000.0,16172600.0,19763300,197796000.0,52182400,93115500.0
2021-04-27,130.66207885742188,170.8715057373047,113.4692611694336,300.92742919921875,250.36126708984375,15.308090209960938,388.9546203613281,234.913330078125,66015800,76542000.0,44386000.0,15309300.0,31014200,164572000.0,51303100,88311000.0
2021-04-28,129.87454223632812,172.9250030517578,116.8401870727539,304.4266357421875,243.2795867919922,15.203591346740723,388.8427429199219,231.46665954589844,107760100,92638000.0,81106000.0,33907200.0,46903100,209416000.0,51238900,66813000.0
2021-04-29,129.77732849121094,173.5655059814453,118.51029205322266,326.6416015625,241.3204345703125,15.251361846923828,391.3207702636719,225.6666717529297,151101000,153648000.0,41234000.0,56526800.0,40589000,173196000.0,78544300,86536200.0
2021-04-30,127.8133773803711,173.37100219726562,116.5657958984375,322.2501525878906,241.00506591796875,14.9376220703125,388.74951171875,236.47999572753906,109839500,140186000.0,44856000.0,26332400.0,30945100,201912000.0,85527000,122276100.0
2021-05-03,128.86337280273438,169.32449340820312,116.0497055053711,319.7718505859375,240.6992645263672,14.76569652557373,389.5880126953125,228.3000030517578,75135100,117510000.0,28242000.0,18719500.0,19626600,203912000.0,68128300,81129300.0
2021-05-04,124.3034896850586,165.593505859375,114.25430297851562,315.5886535644531,236.80963134765625,14.282522201538086,387.1845703125,224.53334045410156,137564700,108788000.0,44818000.0,24032600.0,32756100,405324000.0,101591200,89217900.0
2021-05-05,124.54657745361328,163.52699279785156,114.64755249023438,312.2777099609375,235.54811096191406,14.389261245727539,387.3056640625,223.64666748046875,84000900,74226000.0,26636000.0,15577600.0,21901300,292024000.0,60162200,65705700.0
2021-05-06,126.14111328125,165.31849670410156,115.76589965820312,317.23419189453125,238.66363525390625,14.453450202941895,390.3984680175781,221.17999267578125,78128300,88954000.0,25190000.0,19012200.0,26491100,193380000.0,74321400,83353800.0
2021-05-07,126.8130874633789,164.58050537109375,116.488037109375,316.30230712890625,241.27268981933594,14.741315841674805,393.23980712890625,224.1233367919922,78973300,94206000.0,28898000.0,15916700.0,27032900,229328000.0,67733800,70407600.0
2021-05-10,123.54071807861328,159.52450561523438,113.50740051269531,303.3065185546875,236.2266387939453,14.197433471679688,389.3458251953125,209.67999267578125,88071200,116772000.0,30914000.0,24239200.0,29299900,268904000.0,81852400,94177200.0
2021-05-11,122.62525177001953,161.19549560546875,112.43311309814453,303.86163330078125,235.3187255859375,14.237739562988281,385.87103271484375,205.73333740234375,126142800,92396000.0,34186000.0,18920100.0,33641600,285584000.0,116888000,139511700.0
2021-05-12,119.56717681884766,157.5970001220703,108.97551727294922,299.9162292480469,228.40914916992188,13.69261360168457,377.673095703125,196.6300048828125,112172300,98728000.0,46376000.0,24645500.0,36684400,303408000.0,134811000,101470800.0
2021-05-13,121.70979309082031,158.07350158691406,110.40145111083984,302.6026611328125,232.26052856445312,13.599808692932129,382.20989990234375,190.56333923339844,105861300,67018000.0,33204000.0,18079200.0,29624300,285404000.0,106394000,132554700.0
2021-05-14,124.12506866455078,161.14500427246094,112.84519958496094,313.1897277832031,237.15367126464844,14.17479133605957,388.078857421875,196.5800018310547,81918000,66500000.0,31996000.0,19245700.0,23901100,258616000.0,82201600,100112700.0
2021-05-17,122.97584533691406,163.51950073242188,113.36722564697266,312.7138366699219,234.31527709960938,14.097662925720215,387.09136962890625,192.27667236328125,74244600,74478000.0,21598000.0,15401300.0,24970200,216980000.0,65129200,97171200.0
2021-05-18,121.5928955078125,161.61399841308594,112.05719757080078,307.2617492675781,232.30831909179688,13.94863224029541,383.7563171386719,192.6233367919922,63342900,56568000.0,22204000.0,14522400.0,20168000,186256000.0,59810200,110491800.0
2021-05-19,121.43708038330078,161.58999633789062,112.50443267822266,310.86016845703125,232.88304138183594,13.998392105102539,382.7502136230469,187.82000732421875,92612000,53594000.0,23684000.0,19106200.0,25739800,344000000.0,106467100,118735200.0
2021-05-20,123.98873901367188,162.38400268554688,114.26023864746094,315.83648681640625,236.1015625,14.542521476745605,386.8677673339844,195.5933380126953,76857100,52664000.0,32352000.0,17320200.0,21800700,321592000.0,78022200,92463300.0
2021-05-21,122.15777587890625,160.1540069580078,113.62527465820312,313.47723388671875,234.8467559814453,14.919957160949707,386.551025390625,193.6266632080078,79295400,82098000.0,40632000.0,13600900.0,21863100,672992000.0,76578700,78091800.0
2021-05-24,123.7842025756836,162.24949645996094,116.93924713134766,321.80401611328125,240.2205352783203,15.537235260009766,390.4916076660156,202.14666748046875,63092900,48456000.0,31832000.0,16445400.0,21411500,554816000.0,51376700,103674300.0
2021-05-25,123.58942413330078,162.95249938964844,117.0298843383789,324.9365234375,241.12094116210938,15.57281494140625,389.6252746582031,201.56333923339844,72009500,65222000.0,22440000.0,16437000.0,17704300,435408000.0,57451400,84017700.0
2021-05-26,123.54071807861328,163.25799560546875,117.8936538696289,324.8076477050781,240.900634765625,15.624813079833984,390.3984680175781,206.3766632080078,56575900,47680000.0,21572000.0,9686900.0,17771600,370440000.0,43088600,85917900.0
2021-05-27,122.01168060302734,161.5054931640625,117.02047729492188,329.85333251953125,238.8124237060547,15.41382884979248,390.6034240722656,210.28334045410156,94625600,51224000.0,35224000.0,20477700.0,24426200,581476000.0,56707700,79111800.0
2021-05-28,121.35916900634766,161.15350341796875,116.73171997070312,325.868408203125,239.16683959960938,16.166704177856445,391.3021240234375,208.4066619873047,71311100,46596000.0,21482000.0,12037400.0,18270200,644536000.0,58520200,68211000.0
2021-06-01,121.03778076171875,160.9324951171875,117.93673706054688,326.264892578125,236.98281860351562,16.186613082885742,390.9574279785156,207.96665954589844,67637100,48600000.0,23354000.0,11765900.0,23213300,472804000.0,54216600,54254700.0
2021-06-02,121.79743194580078,161.69949340820312,117.4122543334961,326.2846984863281,236.88705444335938,16.697900772094727,391.57232666015625,201.7066650390625,59278900,40290000.0,21158000.0,11654300.0,19406700,594168000.0,49097100,69908400.0
2021-06-03,120.31709289550781,159.35049438476562,116.27257537841797,323.2017822265625,235.36402893066406,16.88848304748535,390.11895751953125,190.94667053222656,76229200,47966000.0,18696000.0,12610800.0,25307700,580008000.0,58138800,90335700.0
2021-06-04,122.60576629638672,160.31100463867188,118.5504150390625,327.4743347167969,240.2301025390625,17.494068145751953,393.6869812011719,199.68333435058594,75169300,44994000.0,24458000.0,13289400.0,25281100,617120000.0,55938800,72110700.0
2021-06-07,122.61551666259766,159.90049743652344,118.98279571533203,333.6500549316406,243.12294006347656,17.53462791442871,393.3050231933594,201.7100067138672,71057600,44316000.0,24120000.0,20136700.0,23079200,575756000.0,51555000,67631100.0
2021-06-08,123.43360900878906,163.20550537109375,118.79161071777344,330.7752380371094,241.93516540527344,17.373403549194336,393.38885498046875,201.19667053222656,74403800,68334000.0,24240000.0,14580500.0,22455000,323848000.0,47134300,78160200.0
2021-06-09,123.81340789794922,164.0574951171875,119.26213836669922,327.3751220703125,242.91221618652344,17.279085159301758,392.802001953125,199.5933380126953,56877900,49110000.0,17942000.0,13727900.0,17937600,381656000.0,48436300,49753800.0
2021-06-10,122.82005310058594,167.4824981689453,120.60881805419922,329.5658874511719,246.40850830078125,17.34552764892578,394.62786865234375,203.3733367919922,71186400,69530000.0,25904000.0,13240200.0,24563600,287772000.0,51020100,71758800.0
2021-06-11,124.02770233154297,167.3415069580078,120.36465454101562,328.3763732910156,247.0312042236328,17.74395751953125,395.27996826171875,203.29666137695312,53522400,56348000.0,21958000.0,13587900.0,18999700,416308000.0,45570800,48615900.0
2021-06-14,127.07601928710938,169.19349670410156,121.29134368896484,333.8383483886719,248.94696044921875,17.936565399169922,396.1649475097656,205.89666748046875,96906500,51394000.0,22098000.0,12250800.0,19150500,321376000.0,42358500,61272000.0
2021-06-15,126.25794982910156,169.156494140625,120.2750015258789,333.81854248046875,247.48133850097656,17.707366943359375,395.4383850097656,199.7866668701172,62746300,48524000.0,21562000.0,15795200.0,18038900,243032000.0,51508500,53292300.0
2021-06-16,126.75463104248047,170.7624969482422,119.63408660888672,328.1978759765625,246.5426025390625,17.729019165039062,393.23052978515625,201.6233367919922,91815000,84056000.0,26472000.0,17232200.0,27220000,307124000.0,80386100,66432300.0
2021-06-17,128.35182189941406,174.46200561523438,120.595947265625,333.58062744140625,249.91436767578125,18.572158813476562,393.10009765625,205.53334045410156,96721700,102730000.0,25842000.0,17794100.0,27565500,809656000.0,90949700,68104200.0
2021-06-18,127.05660247802734,174.34500122070312,118.97882843017578,326.790283203125,248.50633239746094,18.553743362426758,387.7969665527344,207.77000427246094,108953300,104954000.0,46116000.0,23039500.0,37202200,968856000.0,118676300,73682700.0
2021-06-21,128.84857177734375,172.697998046875,120.664306640625,329.3973388671875,251.57159423828125,18.34320640563965,393.3486633300781,206.94332885742188,79663300,65542000.0,27414000.0,11337500.0,26696100,672384000.0,72822000,74438100.0
2021-06-22,130.48471069335938,175.27200317382812,121.17740631103516,336.07867431640625,254.330322265625,18.800607681274414,395.45159912109375,207.90333557128906,74783600,66902000.0,22390000.0,15345300.0,24694100,580144000.0,57700300,57476700.0
2021-06-23,130.21202087402344,175.1909942626953,120.97583770751953,337.6251220703125,254.1003875732422,18.970333099365234,394.9749450683594,218.85667419433594,60214200,56266000.0,19148000.0,14817800.0,19518700,332356000.0,49445400,93297600.0
2021-06-24,129.9296112060547,172.45399475097656,121.34532165527344,340.19256591796875,255.46060180664062,19.117904663085938,397.3115234375,226.60667419433594,68711000,76640000.0,21362000.0,12329100.0,21446900,320924000.0,45110300,137947200.0
2021-06-25,129.63743591308594,170.072998046875,121.35372924804688,338.3982238769531,253.86094665527344,18.944204330444336,398.7228088378906,223.9566650390625,70783700,78820000.0,34594000.0,14594400.0,25611100,278364000.0,58129500,97490100.0
2021-06-28,131.26385498046875,172.1945037841797,121.38097381591797,352.5441589355469,257.4051513671875,19.893856048583984,399.526611328125,229.57333374023438,62111300,44856000.0,28526000.0,29156100.0,19590000,495436000.0,53159600,64884600.0
2021-06-29,132.7733917236328,172.40699768066406,121.11995697021484,348.8267822265625,259.97222900390625,19.935413360595703,399.7415771484375,226.9199981689453,64556100,41968000.0,23108000.0,21417300.0,19937800,367632000.0,35970500,52143900.0
2021-06-30,133.38694763183594,172.00799560546875,120.93868255615234,344.68316650390625,259.4933166503906,19.911273956298828,400.0779724121094,226.56666564941406,63261400,48080000.0,24474000.0,15107500.0,21656500,326568000.0,64827900,56774700.0
2021-07-01,133.68890380859375,171.64849853515625,121.29034423828125,351.3050231933594,260.1639099121094,20.11981773376465,402.2930908203125,225.97332763671875,52485800,40742000.0,18110000.0,17137000.0,16725300,480136000.0,53441000,55903500.0
2021-07-02,136.30874633789062,175.5489959716797,124.07682037353516,351.6123352050781,265.9591369628906,20.3935604095459,405.3680114746094,226.3000030517578,78852600,63388000.0,25982000.0,11521300.0,26458000,342764000.0,57697700,81163500.0
2021-07-06,138.31497192382812,183.78700256347656,125.00052642822266,349.708984375,265.9687194824219,20.604093551635742,404.62969970703125,219.86000061035156,108181800,134896000.0,26404000.0,13488500.0,31565600,446708000.0,68710400,69853500.0
2021-07-07,140.79844665527344,184.82899475097656,125.28185272216797,347.4389343261719,268.14312744140625,20.27883529663086,406.0596618652344,214.88333129882812,104911600,106562000.0,24060000.0,14218900.0,23260000,418428000.0,63549500,56376000.0
2021-07-08,139.5031280517578,186.57049560546875,123.86531829833984,342.6410827636719,265.7388610839844,19.811975479125977,402.7510986328125,217.60333251953125,105575500,103612000.0,23790000.0,14406500.0,24618600,503300000.0,97595200,68319900.0
2021-07-09,141.3243865966797,185.9669952392578,124.33535766601562,347.3695373535156,266.2369079589844,19.95880126953125,407.05035400390625,218.98333740234375,99890800,74964000.0,18632000.0,13018700.0,23916700,296624000.0,76238600,54421500.0
2021-07-12,140.7303009033203,185.92750549316406,125.77862548828125,350.085693359375,265.6429748535156,20.4189453125,408.5083923339844,228.56666564941406,76299700,51432000.0,17668000.0,10018600.0,18931700,321984000.0,52889600,77781000.0
2021-07-13,141.8405303955078,183.8679962158203,126.14118194580078,349.0249938964844,269.14886474609375,20.157644271850586,407.1158752441406,222.84666442871094,100827100,76918000.0,19240000.0,11456000.0,26120100,290708000.0,52911300,62898300.0
2021-07-14,145.25901794433594,184.08399963378906,127.02822875976562,344.6038513183594,270.614501953125,19.751005172729492,407.7232666015625,217.7933349609375,127050800,65932000.0,23742000.0,13894200.0,23113700,380100000.0,64130400,64923600.0
2021-07-15,144.60643005371094,181.55999755859375,125.807861328125,341.46142578125,269.19683837890625,18.879745483398438,406.3307800292969,216.86666870117188,106820300,63706000.0,24218000.0,14781600.0,22604200,550564000.0,55126400,60628800.0
2021-07-16,142.57098388671875,178.68150329589844,125.773193359375,338.19012451171875,268.9285583496094,18.078166961669922,403.14361572265625,214.74000549316406,93251400,80874000.0,20424000.0,11026100.0,26186800,688224000.0,75874700,49113000.0
2021-07-19,138.73373413085938,177.47950744628906,123.40372467041016,334.016845703125,265.3460693359375,18.69409942626953,397.19000244140625,215.4066619873047,121434600,75692000.0,27968000.0,14372300.0,32935600,749060000.0,147987000,63891300.0
2021-07-20,142.33721923828125,178.6595001220703,125.01985168457031,338.685791015625,267.5588073730469,18.527111053466797,402.8819274902344,220.1666717529297,96350000,65114000.0,26312000.0,11024300.0,26259700,434687000.0,99608200,46461300.0
2021-07-21,141.60678100585938,179.25999450683594,126.34672546386719,343.216064453125,269.5512390136719,19.321475982666016,406.14373779296875,218.42999267578125,74993500,46380000.0,20746000.0,9279700.0,24364300,371017000.0,64724400,41859900.0
2021-07-22,142.9702606201172,181.90150451660156,127.21099090576172,348.13287353515625,274.0916442871094,19.504636764526367,406.9942932128906,216.4199981689453,77338200,65308000.0,14302000.0,12385400.0,23384100,323826000.0,47878500,45317100.0
2021-07-23,144.6843719482422,182.83200073242188,131.76119995117188,366.5709228515625,277.4729309082031,19.468801498413086,411.1815490722656,214.4600067138672,71447400,48726000.0,41506000.0,33694300.0,22768100,195672000.0,63766600,43814700.0
2021-07-26,145.10316467285156,184.99099731445312,132.77157592773438,369.2176818847656,276.8790283203125,19.20600128173828,412.19085693359375,219.2066650390625,72434100,58002000.0,30572000.0,14925200.0,23176100,203943000.0,43719200,76009800.0
2021-07-27,142.94110107421875,181.3195037841797,130.65670776367188,364.60821533203125,274.47479248046875,19.12039566040039,410.3122253417969,214.92666625976562,104818600,82638000.0,54710000.0,15705400.0,33604100,248863000.0,67397100,98439900.0
2021-07-28,141.19778442382812,181.51600646972656,134.81118774414062,370.03057861328125,274.1683349609375,19.414045333862305,410.1439514160156,215.66000366210938,118931200,59988000.0,95130000.0,29676900.0,33566900,202191000.0,52472400,48019800.0
2021-07-29,141.8405303955078,179.99600219726562,134.49766540527344,355.2008361816406,274.4365234375,19.57232666015625,411.8450622558594,225.78334045410156,56699500,110400000.0,31716000.0,33413200.0,18168300,190781000.0,47435300,91183800.0
2021-07-30,142.05477905273438,166.37950134277344,133.45657348632812,353.1983337402344,272.9133605957031,19.410066604614258,409.84490966796875,229.06666564941406,70440600,199312000.0,25576000.0,15976200.0,20944800,183497000.0,68951200,88969200.0
2021-08-02,141.72373962402344,166.57400512695312,133.58335876464844,348.88623046875,272.82720947265625,19.65992546081543,408.9850769042969,236.55667114257812,62880000,67078000.0,21634000.0,13180400.0,16267400,217444000.0,58783300,100847400.0
2021-08-03,143.515625,168.31199645996094,134.35154724121094,348.18243408203125,275.0303649902344,19.724626541137695,412.3123779296875,236.5800018310547,64786600,83146000.0,20762000.0,12406100.0,17879000,301811000.0,58053900,64860900.0
2021-08-04,143.11634826660156,167.73599243164062,133.85179138183594,355.7955627441406,274.4461364746094,20.181533813476562,410.2841796875,236.97332763671875,56368300,43678000.0,19676000.0,14180600.0,16191300,231309000.0,46732200,51007800.0
2021-08-05,143.22348022460938,168.79949951171875,134.96719360351562,359.8103332519531,277.329345703125,20.542879104614258,412.8824768066406,238.2100067138672,46397700,48670000.0,17870000.0,10247200.0,13900200,211435000.0,38969700,38758800.0
2021-08-06,142.54074096679688,167.2469940185547,134.45899963378906,360.3455810546875,277.2718505859375,20.273113250732422,413.5647277832031,233.03334045410156,54126800,52752000.0,20488000.0,8925000.0,16589300,178497000.0,46930000,46869000.0
2021-08-09,142.49197387695312,167.093505859375,135.62246704101562,358.4621276855469,276.1894226074219,20.202436447143555,413.228271484375,237.9199981689453,48908700,42964000.0,17760000.0,7798900.0,16117600,146443000.0,41222600,44145900.0
2021-08-10,142.0140380859375,166.03399658203125,135.5174560546875,357.98626708984375,274.37896728515625,19.845075607299805,413.74224853515625,236.663330078125,69023100,48252000.0,19414000.0,7469900.0,18616600,179238000.0,43339300,40296900.0
2021-08-11,142.2676239013672,164.60549926757812,134.99444580078125,356.82647705078125,274.86761474609375,19.60915756225586,414.77044677734375,235.94000244140625,48493500,58944000.0,15352000.0,8400300.0,13955900,185925000.0,44034300,29401800.0
2021-08-12,145.22296142578125,165.1750030517578,135.9008026123047,359.4930419921875,277.6071472167969,19.814218521118164,416.0134582519531,240.75,72282600,46282000.0,16506000.0,7170700.0,14561300,151652000.0,38909400,52377300.0
2021-08-13,145.42782592773438,164.69850158691406,136.4292755126953,360.0184326171875,280.51910400390625,20.095930099487305,416.7705078125,239.05667114257812,59375000,41134000.0,15948000.0,7195700.0,18249000,183063000.0,39470300,50194500.0
2021-08-16,147.39810180664062,164.94949340820312,137.00576782226562,363.3689880371094,282.1954345703125,19.859010696411133,417.75189208984375,228.72332763671875,103296000,66394000.0,22384000.0,11222100.0,22507600,210876000.0,73740000,68032200.0
2021-08-17,146.49099731445312,162.09800720214844,135.373291015625,355.32965087890625,280.7393798828125,19.36925506591797,415.0133972167969,221.90333557128906,92229700,67758000.0,21716000.0,12328700.0,20075300,204585000.0,92673900,71163900.0
2021-08-18,142.75531005859375,160.06100463867188,134.1722869873047,352.35577392578125,279.02154541015625,18.953163146972656,410.4711608886719,229.663330078125,86326000,56086000.0,19258000.0,10042400.0,21813000,285913000.0,89351900,61048200.0
2021-08-19,143.08697509765625,159.3874969482422,134.40109252929688,352.0286865234375,284.8183288574219,19.70771026611328,411.1067199707031,224.49000549316406,86960300,75658000.0,21782000.0,12004500.0,29850500,766555000.0,92812200,42940500.0
2021-08-20,144.5402374267578,159.99749755859375,136.13412475585938,356.24163818359375,292.10260009765625,20.72106170654297,414.3779296875,226.75332641601562,60549600,67168000.0,31194000.0,8697700.0,40817600,675741000.0,72008700,44525700.0
2021-08-23,146.02285766601562,163.2935028076172,138.72145080566406,360.18701171875,292.38092041015625,21.85785675048828,418.02301025390625,235.43333435058594,60131800,65362000.0,28454000.0,10942000.0,22830200,575807000.0,54973000,60794700.0
2021-08-24,145.93502807617188,165.28900146484375,139.9299774169922,362.32818603515625,290.43267822265625,21.693607330322266,418.6864929199219,236.163330078125,48606400,51036000.0,19268000.0,9235100.0,18175800,297299000.0,38744700,39249300.0
2021-08-25,144.70606994628906,164.95899963378906,140.73976135253906,365.1831359863281,289.8471984863281,22.111690521240234,419.5650634765625,237.06666564941406,58991300,33606000.0,15848000.0,9684500.0,20006100,347701000.0,40529700,37936800.0
2021-08-26,143.90628051757812,165.8000030517578,140.10731506347656,361.2080383300781,287.04486083984375,21.967355728149414,417.08831787109375,233.72000122070312,48597200,41976000.0,20610000.0,7888700.0,17666100,237940000.0,57829600,39642900.0
2021-08-27,144.94015502929688,167.48150634765625,142.64662170410156,369.3861999511719,287.64947509765625,22.532760620117188,420.8175048828125,237.30667114257812,55802400,48048000.0,28780000.0,11219100.0,22605700,304722000.0,77235100,41501400.0
2021-08-30,149.34884643554688,171.07850646972656,143.2275848388672,377.3463134765625,291.3636474609375,22.584524154663086,422.6681213378906,243.6366729736328,90956700,63844000.0,24434000.0,13547300.0,16348100,262580000.0,48357400,55812600.0
2021-08-31,148.090576171875,173.5395050048828,143.33358764648438,376.0774841308594,289.7225341796875,22.286834716796875,422.0418395996094,245.24000549316406,86453100,87128000.0,22448000.0,12345400.0,26285300,259850000.0,59300200,62566200.0
2021-09-01,148.75387573242188,173.9499969482422,143.8466796875,378.7242431640625,289.67449951171875,22.342586517333984,422.26617431640625,244.69667053222656,80313700,72598000.0,21936000.0,11567200.0,18983800,201767000.0,48721400,39612900.0
2021-09-02,149.86573791503906,173.156005859375,141.93637084960938,372.01318359375,289.02178955078125,22.297788619995117,423.5653381347656,244.1300048828125,71115500,58474000.0,32342000.0,14832900.0,16285600,187834000.0,42501000,38331900.0
2021-09-03,150.49978637695312,173.90249633789062,142.38461303710938,372.9845886230469,289.0123291015625,22.742826461791992,423.46246337890625,244.52333068847656,57808700,51514000.0,19850000.0,7509600.0,14747900,280532000.0,47170500,45738300.0
2021-09-07,152.8308868408203,175.46449279785156,142.9205322265625,378.85308837890625,288.0909423828125,22.562620162963867,421.9483947753906,250.97332763671875,82278300,54758000.0,20124000.0,10793800.0,17180400,198107000.0,51671500,60119400.0
2021-09-08,151.28981018066406,176.27499389648438,142.33656311035156,374.283203125,288.1197204589844,22.241037368774414,421.4343566894531,251.2899932861328,74420200,61068000.0,18344000.0,11067200.0,15046800,254434000.0,56181900,56379000.0
2021-09-09,150.2754364013672,174.20799255371094,142.18797302246094,374.70941162109375,285.27886962890625,22.079748153686523,419.6304931640625,251.6199951171875,57305700,54384000.0,15314000.0,9098900.0,19927000,196856000.0,57970400,42233100.0
2021-09-10,145.30104064941406,173.45750427246094,139.548095703125,375.3934326171875,283.8009948730469,22.37942886352539,416.3219299316406,245.42333984375,140893200,47946000.0,36840000.0,11549600.0,19633400,248376000.0,89948200,45552600.0
2021-09-13,145.8667449951172,172.85850524902344,140.99087524414062,373.2324523925781,285.02935791015625,22.05485725402832,417.38739013671875,247.6666717529297,102404300,51380000.0,22094000.0,13026300.0,23652900,297500000.0,83738600,68857500.0
2021-09-14,144.47198486328125,172.5,141.20086669921875,373.2522888183594,287.71661376953125,22.144466400146484,415.1349792480469,248.163330078125,109296300,38738000.0,19674000.0,8711600.0,21853400,199755000.0,78197100,55574700.0
2021-09-15,145.35951232910156,173.7895050048828,143.068115234375,370.6650390625,292.5440979003906,22.24302864074707,418.60247802734375,251.94332885742188,83281300,59150000.0,27408000.0,17940300.0,28356300,166538000.0,78792200,46073100.0
2021-09-16,145.1254425048828,174.41200256347656,142.25634765625,369.8124694824219,292.9279479980469,22.144466400146484,417.9388427734375,252.3300018310547,68034100,51672000.0,26190000.0,11934200.0,19550800,156033000.0,77786700,41770200.0
2021-09-17,142.46270751953125,173.12600708007812,139.47283935546875,361.5450744628906,287.7934875488281,21.80396270751953,413.8677062988281,253.163330078125,129868800,92332000.0,53384000.0,26299000.0,41372500,294503000.0,118425000,84612600.0
2021-09-20,139.4195556640625,167.7864990234375,137.41192626953125,352.60357666015625,282.4476623535156,21.020408630371094,406.9667663574219,243.38999938964844,123478900,93382000.0,46518000.0,19822800.0,38278700,349440000.0,166445500,74273100.0
2021-09-21,139.8974609375,167.18150329589844,137.72247314453125,354.3680725097656,282.9275817871094,21.15283203125,406.58233642578125,246.4600067138672,75834000,55618000.0,25332000.0,11751900.0,22364100,204688000.0,92526100,48992100.0
2021-09-22,142.25790405273438,169.00250244140625,138.961181640625,340.2223205566406,286.5552673339844,21.844783782958984,410.5484924316406,250.64666748046875,76404300,48228000.0,25056000.0,43692900.0,26626300,268726000.0,102350100,45378900.0
2021-09-23,143.2136993408203,170.8000030517578,139.88491821289062,342.9483642578125,287.49591064453125,22.383405685424805,415.53668212890625,251.2133331298828,64838200,47588000.0,20952000.0,21806300.0,18604600,248555000.0,76396000,35842500.0
2021-09-24,143.30154418945312,171.2760009765625,140.87449645996094,349.887451171875,287.29437255859375,21.98416519165039,416.2210998535156,258.1300048828125,53477900,42324000.0,22984000.0,18801900.0,14999000,217655000.0,62094800,64119000.0
2021-09-27,141.78970336914062,170.2899932861328,139.74224853515625,350.50201416015625,282.322998046875,21.565011978149414,415.03033447265625,263.78668212890625,74150700,72690000.0,21882000.0,15205800.0,23571700,245215000.0,61371100,84212100.0
2021-09-28,138.41494750976562,165.79800415039062,134.54966735839844,337.6846008300781,272.1018981933594,20.608226776123047,406.6667175292969,259.1866760253906,108972300,88616000.0,45772000.0,21710300.0,43186200,343069000.0,130436300,76144200.0
2021-09-29,139.31224060058594,165.05599975585938,133.08709716796875,336.65362548828125,272.56256103515625,20.427024841308594,407.35113525390625,260.4366760253906,74602000,51246000.0,30848000.0,14452200.0,26353700,218394000.0,82329200,62828700.0
2021-09-30,138.01502990722656,164.2519989013672,132.41595458984375,336.43560791015625,270.56634521484375,20.625158309936523,402.3724670410156,258.49334716796875,89056700,56848000.0,37996000.0,16547100.0,32343600,221009000.0,140506000,53868000.0
2021-10-01,139.13668823242188,164.16299438476562,135.2559356689453,340.0240478515625,277.4571838378906,20.651039123535156,407.154296875,258.40667724609375,94639600,56712000.0,35360000.0,14905300.0,30086300,240978000.0,129240100,51094200.0
2021-10-04,135.71311950683594,159.48899841308594,132.39962768554688,323.3901672363281,271.7083740234375,19.645471572875977,401.903564453125,260.510009765625,98322000,90462000.0,51202000.0,42885000.0,31350700,345635000.0,128570000,91449900.0
2021-10-05,137.63461303710938,161.0500030517578,134.74082946777344,330.0615539550781,277.130859375,20.361312866210938,406.08538818359375,260.1966552734375,80861100,65384000.0,32404000.0,35377900.0,24993000,279282000.0,90682500,55297800.0
2021-10-06,138.50270080566406,163.10049438476562,136.26834106445312,330.7356262207031,281.3056640625,20.60922622680664,407.773193359375,260.9166564941406,83221100,50660000.0,24364000.0,26443000.0,28002600,297202000.0,113032200,43898400.0
2021-10-07,139.7609100341797,165.1215057373047,137.9126739501953,326.3540954589844,282.9755554199219,20.982585906982422,411.298583984375,264.53668212890625,61732700,48182000.0,25110000.0,28307500.0,20430500,256919000.0,72437500,57587400.0
2021-10-08,139.38052368164062,164.43099975585938,138.46788024902344,327.1768798828125,282.9755554199219,20.73965072631836,410.5484924316406,261.8299865722656,58773200,39964000.0,26526000.0,15946100.0,17685700,151258000.0,74557400,50215800.0
2021-10-11,139.29275512695312,162.31500244140625,137.6046142578125,322.616943359375,282.3805236816406,20.604244232177734,407.576171875,263.9800109863281,64452200,40684000.0,17954000.0,14708200.0,19298600,163388000.0,65233300,42600900.0
2021-10-12,138.02479553222656,162.3665008544922,135.16282653808594,320.9515380859375,281.08489990234375,20.580350875854492,406.5729675292969,268.5733337402344,73035900,36392000.0,36332000.0,31658700.0,17974100,162134000.0,71181200,66060000.0
2021-10-13,137.43959045410156,164.21400451660156,136.28515625,321.7148132324219,284.3768310546875,20.847179412841797,408.0356140136719,270.3599853515625,78762700,48402000.0,19654000.0,14761500.0,23416300,180652000.0,72974000,42360300.0
2021-10-14,140.21937561035156,164.9929962158203,139.82052612304688,325.6700744628906,290.5574645996094,21.6506404876709,414.8990173339844,272.7733459472656,69907100,42190000.0,31894000.0,14302200.0,27262900,243589000.0,70236800,36741600.0
2021-10-15,141.2727508544922,170.4510040283203,140.0354766845703,321.9329528808594,291.9586181640625,21.76612663269043,418.058837890625,281.010009765625,67940300,103598000.0,30274000.0,21596400.0,25384800,226994000.0,66260200,56773800.0
2021-10-18,142.94065856933594,172.33700561523438,141.43214416503906,332.42083740234375,294.91461181640625,22.124549865722656,419.2965087890625,290.03668212890625,85589200,63482000.0,20396000.0,21585000.0,22729300,189494000.0,62213200,72621600.0
2021-10-19,145.09619140625,172.20750427246094,141.8868408203125,337.03033447265625,295.81671142578125,22.19225311279297,422.5312805175781,288.0899963378906,76378900,47722000.0,20164000.0,18786300.0,17682100,161473000.0,46996800,52143300.0
2021-10-20,145.58389282226562,170.7530059814453,140.43267822265625,337.8134765625,295.0297546386719,22.006074905395508,424.19091796875,288.6000061035156,58418800,42796000.0,23288000.0,13639500.0,16537100,146276000.0,49571600,42096300.0
2021-10-21,145.79843139648438,171.75050354003906,140.54859924316406,338.9039611816406,298.24481201171875,22.592485427856445,425.2973327636719,298.0,61421000,37628000.0,26292000.0,16354400.0,16918100,187590000.0,41305400,94444500.0
2021-10-22,145.0279083251953,166.77749633789062,136.26980590820312,321.7842712402344,296.7093200683594,22.626340866088867,424.8565979003906,303.2266540527344,58883400,62782000.0,50588000.0,35224500.0,17449300,249384000.0,58845100,68642400.0
2021-10-25,144.9791717529297,166.01849365234375,136.15142822265625,325.8287048339844,295.72076416015625,23.064409255981445,427.1350402832031,341.6199951171875,50720600,44520000.0,34412000.0,38409000.0,17554500,230235000.0,45214500,188556300.0
2021-10-26,145.64242553710938,168.80349731445312,137.995361328125,313.060791015625,297.6210632324219,24.60860824584961,427.51947021484375,339.4766540527344,60893400,53966000.0,49236000.0,65654000.0,28107300,485898000.0,56075100,187245000.0
2021-10-27,145.18399047851562,169.62449645996094,144.83924865722656,309.5020446777344,310.1550598144531,24.34377670288086,425.62548828125,345.9533386230469,56094900,54044000.0,85782000.0,29971800.0,52588700,245990000.0,72438000,115579500.0
2021-10-28,148.81239318847656,172.32850646972656,144.47422790527344,314.16119384765625,311.2875061035156,24.831626892089844,429.7322692871094,359.0133361816406,100077900,114174000.0,36206000.0,50806800.0,26297900,234204000.0,51437900,81639600.0
2021-10-29,146.11061096191406,168.6215057373047,146.6505126953125,320.7533264160156,318.2647705078125,25.454885482788086,430.60418701171875,371.3333435058594,124953200,129722000.0,43320000.0,37059400.0,34766000,292503000.0,70162400,89755200.0
2021-11-01,145.29127502441406,165.90550231933594,142.14439392089844,327.1074523925781,316.1053161621094,25.7137393951416,431.3450012207031,402.86334228515625,74588300,72178000.0,46924000.0,31518900.0,27073200,265740000.0,48433600,168146100.0
2021-11-02,146.3251953125,165.6374969482422,144.06166076660156,325.2240295410156,319.7139587402344,26.285228729248047,433.08892822265625,390.6666564941406,69122000,52552000.0,33482000.0,28353000.0,26487100,294112000.0,48908400,128213400.0
2021-11-03,147.75894165039062,169.1999969482422,145.21617126464844,328.73321533203125,320.5488586425781,26.481353759765625,435.7330322265625,404.6199951171875,54511500,67944000.0,27494000.0,20786500.0,21500100,239910000.0,52509800,103885500.0
2021-11-04,147.24205017089844,173.85000610351562,146.8699188232422,332.9263916015625,322.890625,29.670316696166992,437.7865295410156,409.9700012207031,60394600,107060000.0,38412000.0,22495300.0,23992200,1153631000.0,52847100,76192200.0
2021-11-05,147.7694854736328,175.94949340820312,147.44894409179688,338.1603698730469,322.52593994140625,29.62152671813965,439.3054504394531,407.36334228515625,65463900,99940000.0,38354000.0,26872800.0,22570100,851260000.0,66390600,64886400.0
2021-11-08,146.94895935058594,174.44900512695312,147.626220703125,335.6722106933594,323.4184265136719,30.668912887573242,439.68048095703125,387.64666748046875,55020900,61480000.0,23052000.0,18342500.0,20897000,503101000.0,50405200,100337100.0
2021-11-09,147.31036376953125,178.81149291992188,147.51480102539062,332.4505920410156,322.4203796386719,30.522563934326172,438.2271728515625,341.1666564941406,56787900,85898000.0,19530000.0,17556700.0,21307400,646746000.0,51149100,177317400.0
2021-11-10,144.4874725341797,174.1024932861328,144.51829528808594,324.7878723144531,317.4777526855469,29.32981300354004,434.70166015625,355.98333740234375,65187100,80548000.0,29970000.0,21872600.0,25500900,636206000.0,69429700,128408100.0
2021-11-11,144.43861389160156,173.625,144.39251708984375,324.886962890625,319.0421142578125,30.256732940673828,434.84234619140625,354.5033264160156,41000000,45288000.0,16518000.0,12376600.0,16849800,332172000.0,34848500,67189800.0
2021-11-12,146.50941467285156,176.25750732421875,147.2765655517578,337.9225158691406,323.159423828125,30.256732940673828,438.12396240234375,344.47332763671875,63804000,53788000.0,22360000.0,25414300.0,23831000,413054000.0,53466700,76719300.0
2021-11-15,146.51919555664062,177.28399658203125,147.0526885986328,344.534423828125,322.53558349609375,29.893333435058594,438.2740783691406,337.7966613769531,59222800,58594000.0,23508000.0,25076600.0,16723000,384909000.0,46980500,104326800.0
2021-11-16,147.49595642089844,177.03500366210938,146.4821319580078,339.9744873046875,325.8370361328125,30.070547103881836,440.0086975097656,351.57666015625,59256200,44342000.0,18904000.0,18181100.0,20886800,264484000.0,48857500,79627200.0
2021-11-17,149.92823791503906,177.4499969482422,146.6514892578125,337.8034973144531,326.05810546875,29.132680892944336,438.93975830078125,363.0033264160156,88807000,51206000.0,19594000.0,13602800.0,19053400,428508000.0,47858300,94336200.0
2021-11-18,154.20651245117188,184.80299377441406,148.42613220214844,335.74163818359375,328.1253967285156,31.536094665527344,440.43060302734375,365.4599914550781,137827700,114070000.0,35608000.0,17487200.0,22463500,781711000.0,50625600,62696700.0
2021-11-19,156.8244171142578,183.82850646972656,147.522705078125,342.2940673828125,329.89447021484375,32.8403434753418,439.6430358886719,379.0199890136719,117305600,98734000.0,33682000.0,26488500.0,21963400,533867000.0,57315600,64926900.0
2021-11-22,157.28346252441406,178.6284942626953,144.92294311523438,338.04150390625,326.7407531738281,31.81586456298828,438.40533447265625,385.6233215332031,117467900,96844000.0,30594000.0,27116800.0,31031100,754335000.0,72762000,99217500.0
2021-11-23,157.66441345214844,179.0019989013672,144.40785217285156,334.314208984375,324.6736145019531,31.60678482055664,438.98663330078125,369.6766662597656,96041900,73804000.0,27218000.0,17225000.0,30427600,532163000.0,73206500,108515100.0
2021-11-24,158.18209838867188,179.02049255371094,144.74266052246094,338.09100341796875,324.8948059082031,32.53071212768555,440.15869140625,372.0,69463600,46560000.0,18040000.0,13566200.0,21661300,435162000.0,61858800,67680600.0
2021-11-26,153.1711883544922,175.22799682617188,140.84278869628906,330.22021484375,316.9817810058594,31.364849090576172,430.341796875,360.6400146484375,76959800,59826000.0,30470000.0,14750700.0,24217200,283069000.0,112669600,35042700.0
2021-11-29,156.52157592773438,178.07850646972656,144.15872192382812,335.0873718261719,323.6640319824219,33.22962951660156,435.6205139160156,378.9966735839844,88748200,65312000.0,32596000.0,16650900.0,28563500,454964000.0,86268800,58393500.0
2021-11-30,161.4641571044922,175.35350036621094,140.55999755859375,321.6355285644531,317.856689453125,32.53270721435547,427.1444091796875,381.586669921875,174048100,80022000.0,42068000.0,25390000.0,42885600,622066000.0,148559600,81276000.0
2021-12-01,160.9464569091797,172.18600463867188,139.72193908691406,307.8961486816406,317.3663330078125,31.300981521606445,422.39996337890625,365.0,152052500,74916000.0,34020000.0,30329600.0,33337600,484368000.0,131939200,68450400.0
2021-12-02,159.95986938476562,171.8679962158203,141.618408203125,307.68804931640625,316.79913330078125,31.989036560058594,428.8697204589844,361.5333251953125,136739200,64726000.0,29194000.0,24396200.0,30766000,472890000.0,127637800,73114800.0
2021-12-03,158.0844268798828,169.489501953125,140.66302490234375,304.16888427734375,310.568603515625,30.56214714050293,425.1379699707031,338.3233337402344,118023100,80712000.0,41230000.0,27471000.0,41779300,544325000.0,137331600,92322000.0
2021-12-06,161.48370361328125,171.36849975585938,141.80560302734375,315.1029052734375,313.6261291503906,29.908939361572266,430.1729736328125,336.336669921875,107497000,68860000.0,30618000.0,21758300.0,30032600,658938000.0,98977500,81663000.0
2021-12-07,167.20770263671875,176.1645050048828,145.88134765625,319.9999084472656,322.02001953125,32.28874588012695,439.0710144042969,350.5833435058594,120405400,66410000.0,32240000.0,18794000.0,31021900,593053000.0,95484700,56084700.0
2021-12-08,171.01724243164062,176.1580047607422,146.78968811035156,327.6824035644531,322.0680236816406,31.690309524536133,440.23370361328125,356.32000732421875,116998900,45254000.0,24270000.0,19937700.0,24761000,475551000.0,72238800,41906400.0
2021-12-09,170.50930786132812,174.17100524902344,146.2468719482422,326.94891357421875,320.2700500488281,30.360008239746094,437.2613525390625,334.6000061035156,108923700,46062000.0,23270000.0,16879200.0,22214200,488507000.0,61272600,59438400.0
2021-12-10,175.28579711914062,172.21200561523438,146.60643005371094,326.8794860839844,329.3464050292969,30.06925392150879,441.3775939941406,339.010009765625,115402700,60690000.0,24458000.0,14528000.0,38095700,488825000.0,77159800,59664300.0
2021-12-13,171.66188049316406,169.5675048828125,144.45191955566406,331.57818603515625,326.3273620605469,28.040939331054688,437.46771240234375,322.13665771484375,153237000,62170000.0,27070000.0,22948700.0,28899400,598344000.0,87724700,78595500.0
2021-12-14,170.28457641601562,169.0915069580078,142.55050659179688,330.8347473144531,315.6933288574219,28.216184616088867,434.45794677734375,319.5033264160156,139380400,55976000.0,38446000.0,20461000.0,44438700,667035000.0,97264100,70806300.0
2021-12-15,175.13929748535156,173.31500244140625,145.06063842773438,338.685791015625,321.76031494140625,30.329145431518555,441.2463073730469,325.3299865722656,131063300,75794000.0,36370000.0,24681300.0,35381100,698297000.0,116899300,75169200.0
2021-12-16,168.26266479492188,168.87100219726562,143.0834503173828,331.9846496582031,312.3858642578125,28.265974044799805,437.3551940917969,308.97332763671875,150185800,60876000.0,33650000.0,22635000.0,35034800,707366000.0,116568600,82771500.0
2021-12-17,167.16860961914062,170.0175018310547,140.38909912109375,330.88433837890625,311.3282775878906,27.68247413635254,432.7004699707031,310.8566589355469,195432700,85542000.0,50416000.0,40012600.0,47750300,713758000.0,135511600,100437300.0
2021-12-20,165.81088256835938,167.07899475097656,140.27220153808594,322.616943359375,307.58807373046875,27.60082244873047,428.099365234375,299.9800109863281,107499100,57372000.0,27192000.0,17901800.0,28326500,461847000.0,107134800,56480100.0
2021-12-21,168.9757080078125,170.41700744628906,142.12014770507812,331.2907409667969,314.6837463378906,28.9510440826416,435.7019958496094,312.84332275390625,91185900,55956000.0,28756000.0,16116800.0,24740600,524385000.0,69806300,71517900.0
2021-12-22,171.56423950195312,171.03700256347656,145.03488159179688,327.57342529296875,320.3661804199219,29.274656295776367,440.058349609375,336.2900085449219,92135300,55036000.0,26322000.0,16764600.0,24831500,395184000.0,58890200,93634200.0
2021-12-23,172.18936157226562,171.06849670410156,145.53164672851562,332.3216857910156,321.79876708984375,29.513626098632812,442.79644775390625,355.6666564941406,68356600,36788000.0,26384000.0,13987700.0,19617800,343022000.0,56439700,92713200.0
2021-12-27,176.14537048339844,169.66949462890625,146.5123291015625,343.1664733886719,329.25994873046875,30.81306266784668,449.06304931640625,364.64666748046875,74919600,58688000.0,15976000.0,17795000.0,19947000,403686000.0,56808600,71145900.0
2021-12-28,175.12950134277344,170.66099548339844,145.30435180664062,343.20611572265625,328.1060485839844,30.19272804260254,448.696044921875,362.8233337402344,79144300,54638000.0,18200000.0,16637600.0,15661500,420591000.0,47274600,60324000.0
2021-12-29,175.21739196777344,169.2010040283203,145.27261352539062,339.95465087890625,328.77911376953125,29.873092651367188,449.27008056640625,362.0633239746094,62348900,35754000.0,17788000.0,10747000.0,15042000,343139000.0,54503000,56154000.0
2021-12-30,174.0648193359375,168.64450073242188,144.82240295410156,341.3623046875,326.2503967285156,29.45986557006836,448.0279846191406,356.7799987792969,59773000,37584000.0,15688000.0,10593300.0,15994500,308864000.0,55329000,47040900.0
2021-12-31,173.44940185546875,166.7169952392578,143.4866180419922,333.4219970703125,323.36602783203125,29.28561019897461,446.89892578125,352.260009765625,64062300,47830000.0,18136000.0,12870500.0,18000800,266530000.0,65237400,40733700.0
2022-01-03,177.78636169433594,170.4044952392578,143.6248016357422,335.5929870605469,321.85650634765625,29.992586135864258,449.4864196777344,399.9266662597656,104487900,63520000.0,28646000.0,14537900.0,28865100,391547000.0,72668200,103931400.0
2022-01-04,175.52999877929688,167.52200317382812,143.03839111328125,333.60052490234375,316.337646484375,29.165130615234375,449.3359069824219,383.1966552734375,99310400,70726000.0,28400000.0,15998000.0,32674300,527154000.0,71178700,100248300.0
2022-01-05,170.8609161376953,164.35699462890625,136.476318359375,321.3480224609375,304.1940612792969,27.486316680908203,440.7076416015625,362.7066650390625,94537600,64302000.0,54618000.0,20564500.0,40054300,498064000.0,104538900,80119800.0
2022-01-06,168.00868225097656,163.25399780273438,136.44908142089844,329.5658874511719,301.790283203125,28.057861328125,440.293701171875,354.8999938964844,96904000,51958000.0,37348000.0,27962800.0,39646100,454186000.0,86858900,90336600.0
2022-01-07,168.1747283935547,162.5540008544922,135.72547912597656,328.9017639160156,301.9441833496094,27.130836486816406,438.552978515625,342.32000732421875,86709100,46606000.0,29760000.0,14722000.0,32720000,409939000.0,85111600,84164700.0
2022-01-10,168.19427490234375,161.48599243164062,137.36239624023438,325.214111328125,302.16534423828125,27.283187866210938,438.00726318359375,352.7066650390625,106765600,87798000.0,44408000.0,24942400.0,44289500,594681000.0,119362000,91815000.0
2022-01-11,171.01724243164062,165.36199951171875,138.4188232421875,331.45928955078125,302.84796142578125,27.698406219482422,441.9967956542969,354.79998779296875,76138300,62806000.0,28730000.0,16226800.0,29386800,404089000.0,74303100,66063300.0
2022-01-12,171.45680236816406,165.20700073242188,140.09738159179688,330.35894775390625,306.0111999511719,27.879627227783203,443.1916809082031,368.739990234375,74805200,50030000.0,26108000.0,14104900.0,34372200,383413000.0,67605400,83739000.0
2022-01-13,168.19427490234375,161.21400451660156,137.28067016601562,323.6379699707031,293.0600280761719,26.461698532104492,437.0851745605469,343.85333251953125,84505800,52188000.0,31436000.0,14797100.0,45366000,540171000.0,91173100,97209900.0
2022-01-14,169.05384826660156,162.13800048828125,138.1657257080078,329.0107421875,298.2520446777344,26.827138900756836,437.263916015625,349.8699951171875,80440800,45974000.0,29662000.0,16868500.0,39846400,395832000.0,95890900,72924300.0
2022-01-18,165.8596954345703,158.91749572753906,134.71607971191406,315.38043212890625,290.99285888671875,25.79256248474121,429.5201721191406,343.5033264160156,90956700,67292000.0,34872000.0,22645600.0,42333200,424270000.0,109709100,66743400.0
2022-01-19,162.37254333496094,156.2989959716797,133.84288024902344,316.8079528808594,291.6466369628906,24.960124969482422,425.0602111816406,331.8833312988281,94815000,53242000.0,28648000.0,20814700.0,45933900,488315000.0,109357600,75442500.0
2022-01-20,160.6924591064453,151.66749572753906,132.0509490966797,313.8043212890625,289.98333740234375,24.047039031982422,420.3555603027344,332.0899963378906,91420500,71974000.0,29908000.0,16925000.0,35380700,435181000.0,122379700,70488600.0
2022-01-21,158.64120483398438,142.64300537109375,129.122802734375,300.5307922363281,284.6278076171875,23.274349212646484,412.1037902832031,314.6333312988281,122848900,163972000.0,55652000.0,28710700.0,57984400,718958000.0,202271200,103416000.0
2022-01-24,157.8695526123047,144.54400634765625,129.57102966308594,306.0226135253906,284.9547424316406,23.272357940673828,413.8539123535156,310.0,162294600,155624000.0,76622000.0,38878100.0,85731500,913982000.0,251783900,151565700.0
2022-01-25,156.072265625,139.98599243164062,125.73851013183594,297.5371398925781,277.3782043457031,22.22882080078125,408.80108642578125,306.1333312988281,115798400,90824000.0,46960000.0,25108500.0,72848600,664616000.0,167997300,86595900.0
2022-01-26,155.98431396484375,138.87249755859375,128.0148468017578,292.0652160644531,285.2816162109375,22.674917221069336,407.7755126953125,312.4700012207031,108275300,95602000.0,49130000.0,28348800.0,90428900,755959000.0,186391100,104867400.0
2022-01-27,155.5252685546875,139.6374969482422,127.78900146484375,292.0751647949219,288.2911071777344,21.850440979003906,405.7619323730469,276.3666687011719,121954600,77516000.0,31950000.0,21629900.0,53481300,573353000.0,149878300,147109500.0
2022-01-28,166.37742614746094,143.97799682617188,132.09405517578125,299.0835876464844,296.38677978515625,22.742626190185547,415.8392333984375,282.1166687011719,179935700,74392000.0,34362000.0,21871600.0,49743700,543774000.0,164457400,134789100.0
2022-01-31,170.72418212890625,149.57350158691406,134.0281219482422,310.53302001953125,299.0020751953125,24.381607055664062,423.3289489746094,312.239990234375,115541600,78308000.0,39986000.0,21579500.0,46444500,564680000.0,152251400,104436000.0
2022-02-01,170.55812072753906,151.19349670410156,136.3465576171875,316.22308349609375,296.86749267578125,24.532962799072266,426.1893310546875,310.4166564941406,86213900,59220000.0,68644000.0,18023800.0,40950400,518925000.0,123155400,73138200.0
2022-02-02,171.75955200195312,150.6125030517578,146.60494995117188,320.18829345703125,301.38653564453125,25.134387969970703,430.3293151855469,301.88665771484375,84914300,87330000.0,123200000.0,58458300.0,36636000,543419000.0,117361000,66792900.0
2022-02-03,168.88775634765625,138.8455047607422,141.74124145507812,235.6902618408203,289.64678955078125,23.845895767211914,420.2144775390625,297.0466613769531,89418100,225532000.0,71518000.0,188119900.0,43730000,410178000.0,118024400,78855600.0
2022-02-04,168.6041717529297,157.63949584960938,141.94232177734375,235.02609252929688,294.1561584472656,24.215320587158203,422.19036865234375,307.7733459472656,82465400,253456000.0,57998000.0,89342200.0,35096500,354829000.0,118454400,73625400.0
2022-02-07,167.8902130126953,157.9355010986328,137.88890075683594,222.95211791992188,289.3583984375,24.622577667236328,420.83551025390625,302.4466552734375,77251200,102624000.0,54974000.0,88613800.0,28533300,376868000.0,84472900,60994500.0
2022-02-08,170.9905548095703,161.4134979248047,138.08502197265625,218.26327514648438,292.8293151855469,25.000959396362305,424.2981262207031,307.3333435058594,74829200,76040000.0,54284000.0,94729700.0,32421200,410359000.0,81012000,50729100.0
2022-02-09,172.40872192382812,161.1894989013672,140.25735473632812,229.98040771484375,299.2231140136719,26.591148376464844,430.50811767578125,310.6666564941406,71285000,68786000.0,40144000.0,86563300.0,31284700,524282000.0,92589900,52259400.0
2022-02-10,168.34005737304688,159.0034942626953,137.31336975097656,226.0846405029297,290.73333740234375,25.713899612426758,422.7737731933594,301.51666259765625,90865900,68268000.0,39330000.0,49310400.0,45386200,513200000.0,140103700,66126900.0
2022-02-11,164.93653869628906,153.2935028076172,133.0167694091797,217.6387939453125,283.676025390625,23.846891403198242,414.4372863769531,286.6666564941406,98670700,77100000.0,39958000.0,46156900.0,39175600,605472000.0,153214600,79645800.0
2022-02-14,165.1712646484375,155.16700744628906,134.24853515625,215.80487060546875,283.6375427246094,24.163545608520508,413.082275390625,291.9200134277344,86185500,83230000.0,34302000.0,38184000.0,36359500,440424000.0,123006300,67756500.0
2022-02-15,168.9954071044922,156.510498046875,135.32083129882812,219.07615661621094,288.89678955078125,26.38204574584961,419.7440490722656,307.4766540527344,62527400,56440000.0,26680000.0,42685500.0,27058300,699869000.0,88482700,57286200.0
2022-02-16,168.7606658935547,158.10049438476562,136.439697265625,214.65496826171875,288.5596008300781,26.39797019958496,420.2144775390625,307.7966613769531,61177400,52704000.0,25022000.0,45817500.0,29982100,732676000.0,84863600,51294300.0
2022-02-17,165.1712646484375,154.65249633789062,131.28968811035156,205.90188598632812,280.1099548339844,24.402517318725586,411.2381591796875,292.1166687011719,69589300,64032000.0,38950000.0,38747500.0,32461600,810595000.0,102259100,55178400.0
2022-02-18,163.62596130371094,152.60150146484375,129.17379760742188,204.3653564453125,277.4122619628906,23.54120635986328,408.5753479003906,285.6600036621094,82772700,63604000.0,45620000.0,37128400.0,34264000,761255000.0,132642900,68501700.0
2022-02-22,160.71142578125,150.19749450683594,128.58987426757812,200.32086181640625,277.2099304199219,23.29027557373047,404.19061279296875,273.84332275390625,91162800,66128000.0,44990000.0,39852400.0,41736100,633422000.0,124391800,83288100.0
2022-02-23,156.55474853515625,144.82699584960938,126.38536071777344,196.72250366210938,270.0321044921875,22.291555404663086,397.02081298828125,254.67999267578125,90009200,64244000.0,32786000.0,44481400.0,37811200,566511000.0,132578000,95256900.0
2022-02-24,159.1660919189453,151.35800170898438,131.4402618408203,205.79278564453125,283.8289489746094,23.646751403808594,402.9956359863281,266.92333984375,141147500,100786000.0,54456000.0,49957200.0,56989700,735801000.0,213942900,135322200.0
2022-02-25,161.229736328125,153.7884979248047,133.19210815429688,208.64776611328125,286.4495849609375,24.054006576538086,411.8873291015625,269.9566650390625,91974200,62396000.0,36406000.0,37627600.0,32546700,528866000.0,121804500,76067700.0
2022-02-28,161.49383544921875,153.56300354003906,133.78396606445312,209.19296264648438,287.87554931640625,24.281036376953125,410.8334655761719,290.1433410644531,95056600,57684000.0,38864000.0,34239800.0,34627500,477319000.0,145615000,99006900.0
2022-03-01,159.61599731445312,151.14199829101562,132.79782104492188,201.71859741210938,284.17578125,23.376909255981445,404.57647705078125,288.1233215332031,83474400,44874000.0,26496000.0,27094900.0,31217800,412056000.0,137785900,74766900.0
2022-03-02,162.9022216796875,152.05250549316406,133.30303955078125,206.29837036132812,289.22442626953125,24.120851516723633,412.0190734863281,293.2966613769531,79724800,47334000.0,23520000.0,29452100.0,31873000,389642000.0,117726500,74643300.0
2022-03-03,162.57943725585938,147.89849853515625,132.6373748779297,201.203125,285.1103820800781,23.61692237854004,409.9678955078125,279.7633361816406,76678400,65198000.0,24604000.0,27263500.0,27314500,365095000.0,105501700,61623600.0
2022-03-04,159.58660888671875,145.64100646972656,130.6631317138672,198.31845092773438,279.2717590332031,22.842105865478516,406.636962890625,279.42999267578125,83737200,60934000.0,30430000.0,32130900.0,32356500,431415000.0,113978200,66999600.0
2022-03-07,155.80165100097656,137.4530029296875,125.18727111816406,185.83804321289062,268.7216796875,21.264591217041016,394.6496887207031,268.1933288574219,96418800,86934000.0,45112000.0,38560600.0,43157200,450821000.0,137896600,72494100.0
2022-03-08,153.98248291015625,136.01449584960938,125.90641784667969,188.6334991455078,265.7735900878906,21.42593002319336,391.6575927734375,274.79998779296875,131148300,91662000.0,40428000.0,37508100.0,48159500,557467000.0,164772700,80399100.0
2022-03-09,159.37147521972656,139.2790069580078,132.16236877441406,196.7720184326172,277.96142578125,22.91978645324707,402.1582336425781,286.3233337402344,91454900,82656000.0,37026000.0,31894700.0,35204500,492742000.0,116990800,59184000.0
2022-03-10,155.03878784179688,146.8175048828125,131.1812286376953,193.51068115234375,275.15771484375,22.565244674682617,400.34222412109375,279.4333190917969,105342000,135062000.0,27102000.0,24853000.0,30628000,428066000.0,93972700,58648500.0
2022-03-11,151.3319854736328,145.52450561523438,128.64633178710938,185.97683715820312,269.83941650390625,22.009531021118164,395.25189208984375,265.1166687011719,96970100,68900000.0,31526000.0,34694500.0,27209300,367209000.0,95636300,67037100.0
2022-03-14,147.312255859375,141.85299682617188,124.76378631591797,185.00535583496094,266.34197998046875,21.242679595947266,392.3632507324219,255.4566650390625,108732100,74086000.0,38812000.0,31010500.0,30660700,385354000.0,95729200,71152200.0
2022-03-15,151.68408203125,147.3665008544922,127.98015594482422,190.35838317871094,276.66064453125,22.87895393371582,400.99151611328125,267.2966613769531,92964300,75584000.0,30920000.0,31721700.0,34245100,491996000.0,106219100,66841200.0
2022-03-16,156.08523559570312,153.10400390625,132.0242156982422,201.8573760986328,283.63629150390625,24.395721435546875,409.8831481933594,280.07666015625,102300200,84958000.0,35576000.0,40640300.0,37826300,671422000.0,144954800,84028800.0
2022-03-17,157.0926513671875,157.23899841308594,132.57742309570312,206.03073120117188,284.4359436035156,24.664613723754883,415.0111389160156,290.5333251953125,75615400,72934000.0,28264000.0,29499700.0,30816600,471941000.0,102676900,66582900.0
2022-03-18,160.37881469726562,161.25050354003906,134.8423614501953,214.6054229736328,289.45562744140625,26.344707489013672,419.55670166015625,301.7966613769531,123511700,102962000.0,44566000.0,52128000.0,43390600,730719000.0,106345500,100414200.0
2022-03-21,161.74813842773438,161.4915008544922,134.818603515625,209.64894104003906,288.2320861816406,26.624557495117188,419.4340515136719,307.0533447265625,95811400,66538000.0,26832000.0,30142300.0,28351200,591727000.0,88349800,81981600.0
2022-03-22,165.11257934570312,164.88900756835938,138.5496063232422,214.7640380859375,292.95306396484375,26.41541862487793,424.3419189453125,331.32666015625,81532000,64086000.0,35496000.0,31998800.0,27599700,547007000.0,74650400,105868500.0
2022-03-23,166.47201538085938,163.4080047607422,136.97210693359375,211.601806640625,288.54998779296875,25.529064178466797,418.8771667480469,333.03668212890625,98062700,55812000.0,25154000.0,23717300.0,25715400,502120000.0,79426100,120676200.0
2022-03-24,170.24729919433594,163.64950561523438,140.237548828125,217.65863037109375,292.9915466308594,28.034765243530273,425.1914367675781,337.97332763671875,90131400,56798000.0,26396000.0,31502300.0,24484500,877379000.0,64736900,68920800.0
2022-03-25,170.88299560546875,164.77349853515625,140.33758544921875,219.88905334472656,292.5869445800781,27.578636169433594,427.26800537109375,336.8800048828125,80546200,49032000.0,24126000.0,40039000.0,22566500,579016000.0,77101300,62031600.0
2022-03-28,171.74368286132812,168.99049377441406,140.12216186523438,221.6436309814453,299.3504943847656,28.103479385375977,430.3070983886719,363.9466552734375,90371900,59854000.0,35050000.0,26224100.0,29578200,425494000.0,68529800,102506100.0
2022-03-29,175.0299072265625,169.31500244140625,141.16224670410156,227.85903930664062,303.88848876953125,28.5386962890625,435.63037109375,366.5233459472656,100589400,66154000.0,34318000.0,31417900.0,30393400,488984000.0,86581500,73614900.0
2022-03-30,173.86599731445312,166.30099487304688,140.60060119628906,225.86651611328125,302.39501953125,27.57664680480957,432.9404296875,364.663330078125,92633200,56168000.0,19884000.0,25588000.0,28163600,463487000.0,79666900,59865000.0
2022-03-31,170.77540588378906,162.99749755859375,137.7566375732422,220.42431640625,297.0478515625,27.174299240112305,426.27691650390625,359.20001220703125,103049300,59966000.0,37524000.0,24192300.0,33422100,523440000.0,121699900,48992700.0
2022-04-01,170.48202514648438,163.55999755859375,138.82945251464844,222.8926544189453,298.1172790527344,26.60264778137207,427.4849853515625,361.5299987792969,78751300,57090000.0,25942000.0,19544800.0,27110500,517235000.0,89048800,54263100.0
2022-04-04,174.5213165283203,168.34649658203125,141.6238250732422,231.8539276123047,303.4644775390625,27.247997283935547,431.1470947265625,381.8166809082031,76468400,49882000.0,25942000.0,28054800.0,24289600,397120000.0,59601000,82035900.0
2022-04-05,171.2154998779297,164.05499267578125,139.2657928466797,229.82180786132812,299.52392578125,25.824844360351562,425.7010803222656,363.7533264160156,73401800,53728000.0,21418000.0,29727200.0,23156700,436615000.0,74214500,80075100.0
2022-04-06,168.0564422607422,158.75599670410156,135.2609100341797,221.35617065429688,288.5596008300781,24.30708122253418,421.4443664550781,348.586669921875,89058800,79056000.0,32468000.0,28995100.0,40110400,703833000.0,106898000,89348400.0
2022-04-07,168.359619140625,157.7845001220703,134.6075897216797,221.00917053222656,290.36126708984375,24.108896255493164,423.5679931640625,352.4200134277344,77594700,68136000.0,26234000.0,21037200.0,31411200,557992000.0,78097200,79447200.0
2022-04-08,166.35470581054688,154.4604949951172,132.03111267089844,220.39459228515625,286.1220397949219,23.024356842041016,422.4354553222656,341.8299865722656,76575500,46002000.0,25142000.0,18375700.0,24361900,524781000.0,79272700,55013700.0
2022-04-11,162.1099853515625,151.1219940185547,127.60920715332031,214.57571411132812,274.83984375,21.82727813720703,415.2150573730469,325.30999755859375,72246700,52112000.0,36884000.0,20516600.0,34569300,575207000.0,89770500,59357100.0
2022-04-12,163.97802734375,150.78750610351562,126.51067352294922,212.27587890625,271.7566833496094,21.415964126586914,413.6766052246094,328.98333740234375,79265200,55178000.0,32710000.0,20128800.0,30966700,662258000.0,84363600,65976000.0
2022-04-13,166.65785217285156,155.54100036621094,128.66961669921875,213.11851501464844,277.11358642578125,22.112106323242188,418.4146728515625,340.7900085449219,70618900,53390000.0,27928000.0,19231800.0,21907200,516943000.0,74070400,55121100.0
2022-04-14,161.6600799560547,151.7064971923828,125.53545379638672,208.350341796875,269.6081237792969,21.170970916748047,413.2046203613281,328.3333435058594,75329400,51598000.0,31598000.0,18379500.0,28221600,569097000.0,97869500,58422300.0
2022-04-18,161.44491577148438,152.78500366210938,126.4730224609375,208.93521118164062,270.27288818359375,21.69382667541504,413.37457275390625,334.7633361816406,69023900,46514000.0,20808000.0,16580800.0,20778000,525701000.0,66002500,51715200.0
2022-04-19,163.72373962402344,158.11549377441406,128.78350830078125,215.4182891845703,274.8783264160156,22.107128143310547,420.0475158691406,342.7166748046875,67723800,54926000.0,26490000.0,20089900.0,22297700,512781000.0,77821000,49847700.0
2022-04-20,163.5574951171875,153.9980010986328,126.83307647705078,198.67530822753906,275.8995361328125,21.394058227539062,419.7359619140625,325.73333740234375,67929800,59630000.0,31696000.0,43036500.0,22906700,468974000.0,65224400,70711200.0
2022-04-21,162.76527404785156,148.29600524902344,123.63799285888672,186.43283081054688,270.5523681640625,20.100378036499023,413.4595031738281,336.260009765625,87227800,63970000.0,36446000.0,49954100.0,29454600,656209000.0,85417300,105416400.0
2022-04-22,158.2369384765625,144.35000610351562,118.50780487060547,182.50732421875,264.02001953125,19.435110092163086,402.1144714355469,335.01666259765625,84882400,73078000.0,56884000.0,36426800.0,29405800,624713000.0,132471800,69696600.0
2022-04-25,159.30299377441406,146.07400512695312,121.91389465332031,185.3622283935547,270.46563720703125,19.82052230834961,404.4458312988281,332.67333984375,96046400,61874000.0,46128000.0,29281100.0,35678900,641566000.0,119647700,68341200.0
2022-04-26,153.3565216064453,139.39100646972656,117.53160095214844,179.37478637695312,260.34918212890625,18.711088180541992,392.7327575683594,292.1400146484375,95623200,77530000.0,73054000.0,31747400.0,46518400,653143000.0,103996300,136133700.0
2022-04-27,153.13157653808594,138.16700744628906,113.21717071533203,173.42703247070312,272.8743896484375,18.339614868164062,393.8370056152344,293.836669921875,88063200,71336000.0,91820000.0,71062900.0,63477700,499460000.0,122030000,76956300.0
2022-04-28,160.0463409423828,144.59649658203125,117.40531158447266,203.93911743164062,279.0502014160156,19.70101547241211,403.78515625,292.5033264160156,130216800,117316000.0,48884000.0,100890600.0,33646600,570327000.0,105449100,124948500.0
2022-04-29,154.1878662109375,124.28150177001953,113.03390502929688,198.72486877441406,267.3825378417969,18.471073150634766,388.8629455566406,290.2533264160156,131747600,272662000.0,42676000.0,49193400.0,37073900,500435000.0,145491100,88133100.0
2022-05-02,154.49110412597656,124.5,115.48407745361328,209.2920684814453,274.0786437988281,19.45303726196289,391.2037048339844,300.9800109863281,123055300,148788000.0,35534000.0,49915300.0,35151100,572049000.0,158312500,75781500.0
2022-05-03,155.9777069091797,124.25350189208984,116.22801208496094,210.18426513671875,271.4869384765625,19.521751403808594,392.99700927734375,303.0833435058594,88966500,79134000.0,24968000.0,41556300.0,25978600,475751000.0,100028200,63709500.0
2022-05-04,162.37405395507812,125.92849731445312,121.10856628417969,221.4652099609375,279.38739013671875,20.250761032104492,404.96490478515625,317.5400085449219,108256500,110746000.0,49916000.0,41375900.0,33599300,648855000.0,144247900,81643800.0
2022-05-05,153.32716369628906,116.40699768066406,115.40731811523438,206.46688842773438,267.21868896484375,18.766855239868164,390.5713195800781,291.09332275390625,130525300,144392000.0,45840000.0,41129200.0,43260400,626331000.0,172929100,92519100.0
2022-05-06,154.05201721191406,114.77249908447266,114.65547943115234,201.9961700439453,264.6944274902344,18.598546981811523,388.2401123046875,288.54998779296875,116124600,124260000.0,39710000.0,34747200.0,37780300,633297000.0,151770800,72903000.0
2022-05-09,148.93914794921875,108.78900146484375,111.45046997070312,194.50198364257812,254.91517639160156,16.880611419677734,375.80963134765625,262.3699951171875,131577900,128124000.0,40802000.0,36303200.0,47726000,644455000.0,155586100,90810300.0
2022-05-10,151.33888244628906,108.85900115966797,113.31670379638672,195.92941284179688,259.655517578125,17.52297019958496,376.677978515625,266.67999267578125,115366700,105434000.0,39900000.0,34452500.0,39336400,761474000.0,132497200,84401700.0
2022-05-11,143.49325561523438,105.37200164794922,112.53169250488281,187.09698486328125,251.03244018554688,16.561920166015625,370.69403076171875,244.6666717529297,142689800,109704000.0,37534000.0,31153400.0,48975900,670167000.0,142361000,97224600.0
2022-05-12,139.63409423828125,106.93049621582031,111.78034210205078,189.5752410888672,246.02235412597656,16.108781814575195,370.30706787109375,242.6666717529297,182602000,132026000.0,53836000.0,38262200.0,51033800,708728000.0,125090800,140313000.0
2022-05-13,144.09075927734375,113.05500030517578,114.95661163330078,196.89097595214844,251.58160400390625,17.633512496948242,379.1603088378906,256.5299987792969,113990900,93684000.0,35038000.0,24549800.0,34925100,670437000.0,104174400,92150700.0
2022-05-16,142.55296325683594,110.81050109863281,113.3662338256836,198.29861450195312,251.94772338867188,17.193321228027344,377.621826171875,241.4566650390625,86643800,74566000.0,25990000.0,27112600.0,32550900,521446000.0,78622400,86098500.0
2022-05-17,146.1770477294922,115.36849975585938,115.37512969970703,200.85618591308594,257.0733642578125,18.102588653564453,385.3896179199219,253.8699951171875,78336300,76448000.0,23054000.0,24872700.0,28828800,585830000.0,83029700,80236200.0
2022-05-18,137.92979431152344,107.11250305175781,110.84473419189453,190.5665283203125,245.3689422607422,16.86865997314453,369.8539733886719,236.60333251953125,109742900,108380000.0,35126000.0,23960000.0,31356000,545161000.0,117674500,87811800.0
2022-05-19,134.53106689453125,107.31900024414062,109.34353637695312,189.6248016357422,244.46115112304688,17.053895950317383,367.5887451171875,236.47332763671875,136095600,88142000.0,34144000.0,24446900.0,32692300,621310000.0,98510700,90296700.0
2022-05-20,134.76611328125,107.59100341796875,107.88143920898438,191.8551788330078,243.90101623535156,16.625659942626953,367.74920654296875,221.3000030517578,137426100,99500000.0,48962000.0,31465600.0,39199300,739105000.0,131432200,144973200.0
2022-05-23,140.1728057861328,107.55699920654297,110.43710327148438,194.52178955078125,251.7136688232422,16.828826904296875,374.6298522949219,224.96665954589844,117726300,107798000.0,37184000.0,25059200.0,33175400,639889000.0,76414900,88903500.0
2022-05-24,137.47927856445312,104.0999984741211,104.97113037109375,179.70193481445312,250.71900939941406,16.087865829467773,371.77001953125,209.3866729736328,104132700,102934000.0,76780000.0,50406300.0,29043900,588550000.0,91448800,89092500.0
2022-05-25,137.63597106933594,106.7750015258789,104.80768585205078,182.229736328125,253.51954650878906,16.9055118560791,375.0545654296875,219.60000610351562,92482700,93120000.0,40258000.0,28030200.0,28547900,781132000.0,91472900,92139300.0
2022-05-26,140.82908630371094,111.07749938964844,106.77645111083984,189.96182250976562,256.7836608886719,17.777923583984375,382.54864501953125,235.91000366210938,90601500,93002000.0,37948000.0,23056500.0,25002100,996575000.0,82168300,106003200.0
2022-05-27,146.56881713867188,115.14649963378906,111.2577896118164,193.431396484375,263.8720397949219,18.733993530273438,391.93988037109375,253.2100067138672,90978500,93660000.0,37914000.0,22562700.0,26910800,738379000.0,84768700,89295000.0
2022-05-31,145.78521728515625,120.20950317382812,112.6896743774414,191.95433044433594,262.5489807128906,18.595565795898438,389.7407531738281,252.75332641601562,103718400,144634000.0,50012000.0,26131100.0,37827700,664100000.0,95937000,101914500.0
2022-06-01,145.6579132080078,121.68399810791016,112.81844329833984,186.99786376953125,263.08013916015625,18.245004653930664,386.5882263183594,246.7899932861328,74286600,127528000.0,36606000.0,36623500.0,25292200,544514000.0,86585800,77247900.0
2022-06-02,148.1065673828125,125.51100158691406,116.5137939453125,197.12889099121094,265.16607666015625,19.51179313659668,393.9502868652344,258.3333435058594,72348100,100560000.0,37992000.0,31951600.0,44008200,648656000.0,79609600,93473100.0
2022-06-03,142.39622497558594,122.3499984741211,113.46134185791016,189.11924743652344,260.7623596191406,18.643362045288086,387.48492431640625,234.51666259765625,88570300,97604000.0,26136000.0,19465000.0,28059000,598779000.0,71874300,112393800.0
2022-06-06,143.14065551757812,124.79000091552734,115.71934509277344,192.55902099609375,259.5360107421875,18.70909309387207,388.6647644042969,238.27999877929688,71598400,135269000.0,33542000.0,30574200.0,22400300,422406000.0,57508900,84204600.0
2022-06-07,145.6579132080078,123.0,116.04524993896484,193.9468231201172,263.1573791503906,18.848520278930664,392.3929138183594,238.8866729736328,67808200,85156700.0,31590000.0,18828700.0,22860700,388914000.0,59272400,72808500.0
2022-06-08,144.9232940673828,121.18000030517578,116.0893325805664,194.92820739746094,261.1390686035156,18.575586318969727,388.1268005371094,241.86666870117188,53950200,64926600.0,26108000.0,22267200.0,17372300,363252000.0,64350000,76210500.0
2022-06-09,139.7124786376953,116.1500015258789,113.75306701660156,182.3982696533203,255.71173095703125,17.97791862487793,378.89599609375,239.7066650390625,69473000,67029800.0,25798000.0,23501600.0,26439700,395574000.0,86289800,96491400.0
2022-06-10,134.31556701660156,109.6500015258789,110.11368560791016,174.0416259765625,244.31626892089844,16.90808868408203,367.90966796875,232.22999572753906,91437900,87266000.0,41452000.0,27450800.0,31422800,465248000.0,132893900,97536600.0
2022-06-13,129.17330932617188,103.66999816894531,105.38964080810547,162.83009338378906,233.9541473388672,15.586240768432617,353.9407958984375,215.73666381835938,122207100,99277700.0,47252000.0,31749300.0,46135800,604153000.0,170004900,102767400.0
2022-06-14,130.03524780273438,102.30999755859375,105.70960998535156,162.3046875,236.1077423095703,15.774506568908691,352.8742370605469,220.88999938964844,84784300,69728800.0,33706000.0,27244300.0,28651500,469680000.0,104011800,97988700.0
2022-06-15,132.65040588378906,107.66999816894531,108.72986602783203,167.87579345703125,243.12843322753906,16.462825775146484,357.90496826171875,233.0,91533000,85011100.0,39698000.0,30008300.0,33111700,563936000.0,125666800,119131800.0
2022-06-16,127.39067077636719,103.66000366210938,105.03402709960938,159.4696044921875,236.57125854492188,15.54041862487793,346.05975341796875,213.10000610351562,108123900,82186300.0,51684000.0,26944100.0,33169200,545749000.0,134473300,107390700.0
2022-06-17,128.85987854003906,106.22000122070312,106.13357543945312,162.3146514892578,239.15939331054688,15.81833553314209,346.8056945800781,216.75999450683594,134520300,99772100.0,51376000.0,31374200.0,43084800,630334000.0,111113900,92641800.0
2022-06-21,133.0814208984375,108.68000030517578,110.49259185791016,155.682861328125,245.04052734375,16.501672744750977,355.53607177734375,237.0366668701172,81000500,70901200.0,47416000.0,50724900.0,29928300,483089000.0,76811900,122793000.0
2022-06-22,132.57212829589844,108.94999694824219,110.4366226196289,154.49330139160156,244.4514923095703,16.296470642089844,354.8916015625,236.086669921875,73409200,60040100.0,30774000.0,47267800.0,25939900,437135000.0,90059400,101107500.0
2022-06-23,135.43215942382812,112.44000244140625,111.18401336669922,157.36805725097656,249.9849853515625,16.16199493408203,358.3703308105469,235.07000732421875,72433800,64345300.0,28362000.0,40499200.0,25861400,463680000.0,79292100,104202600.0
2022-06-24,138.75259399414062,116.45999908447266,116.86296081542969,168.67874145507812,258.5220031738281,17.059492111206055,369.7643127441406,245.7066650390625,89116800,69867600.0,41164000.0,68736000.0,33923200,472153000.0,98050300,95770800.0
2022-06-27,138.75259399414062,113.22000122070312,114.74166870117188,168.0145721435547,255.8082733154297,16.803489685058594,368.35198974609375,244.9199981689453,70207900,62133200.0,36420000.0,29174600.0,24615100,427968000.0,66009600,89178300.0
2022-06-28,134.61924743652344,107.4000015258789,110.95172882080078,159.28125,247.6866455078125,15.919939041137695,360.825439453125,232.663330078125,67083400,74942900.0,35792000.0,27744500.0,27295500,461149000.0,86548900,90391200.0
2022-06-29,136.37242126464844,108.91999816894531,110.64861297607422,162.5128936767578,251.33702087402344,15.481646537780762,360.5316467285156,228.49000549316406,66242400,66375300.0,24716000.0,28595200.0,20069800,482352000.0,65676000,82897200.0
2022-06-30,133.91400146484375,106.20999908447266,107.93592834472656,159.84629821777344,248.02462768554688,15.10013484954834,357.6025390625,224.47332763671875,98964500,97679400.0,43170000.0,35250600.0,31730900,686070000.0,112508300,94600500.0
2022-07-01,136.07862854003906,109.55999755859375,107.7125473022461,158.6369171142578,250.68032836914062,14.46660327911377,361.384765625,227.26333618164062,71051600,73021200.0,35476000.0,31423900.0,22837700,577610000.0,74839700,74460300.0
2022-07-05,138.6546630859375,113.5,112.19538116455078,166.7258758544922,253.8382568359375,14.905891418457031,362.0672912597656,233.06666564941406,73353800,76583700.0,39342000.0,28618600.0,22941000,651397000.0,81438000,84581100.0
2022-07-06,139.98675537109375,114.33000183105469,113.49203491210938,168.29214477539062,257.0830078125,15.071246147155762,363.2900695800781,231.73333740234375,74064300,66958900.0,37432000.0,23085900.0,23824400,529066000.0,70426200,71853600.0
2022-07-07,143.34632873535156,116.33000183105469,117.6633529663086,170.69107055664062,259.19793701171875,15.796419143676758,368.7311096191406,244.5433349609375,66253700,57872300.0,40936000.0,24083400.0,20859900,492903000.0,64525900,81930600.0
2022-07-08,144.02218627929688,115.54000091552734,118.22847747802734,169.39248657226562,258.4833068847656,15.77649974822998,368.4278564453125,250.76333618164062,64547800,45719700.0,38238000.0,19249200.0,19658800,467972000.0,72397800,101854200.0
2022-07-11,141.89666748046875,111.75,114.58612823486328,161.4621124267578,255.4413604736328,15.09316349029541,364.21905517578125,234.3433380126953,63141600,53487600.0,31196000.0,21885600.0,19455200,437321000.0,58366900,99241200.0
2022-07-12,142.8663787841797,109.22000122070312,112.94573211669922,161.84872436523438,244.97300720214844,15.023432731628418,360.99609375,233.07000732421875,77588800,54280300.0,29960000.0,16639700.0,35868500,458483000.0,62219200,87930900.0
2022-07-13,142.5039825439453,110.4000015258789,110.30387878417969,162.06680297851562,244.0555419921875,15.10511589050293,359.1002197265625,237.0399932861328,71185600,61353800.0,43722000.0,16555100.0,29497400,521918000.0,84224600,97954500.0
2022-07-14,145.4228515625,110.62999725341797,109.32717895507812,156.67416381835938,245.3689422607422,15.312307357788086,358.2281494140625,238.31333923339844,78140700,51163100.0,37004000.0,23765200.0,25102800,456235000.0,89704800,78557400.0
2022-07-15,147.08792114257812,113.55000305175781,110.72388458251953,163.2662811279297,247.91842651367188,15.700793266296387,365.0721435546875,240.06666564941406,76259900,84317800.0,46770000.0,23342800.0,29774100,385935000.0,79060400,69683100.0
2022-07-18,144.0515899658203,113.76000213623047,108.00228118896484,165.77423095703125,245.53309631347656,16.038476943969727,362.05780029296875,240.54666137695312,81420900,59115400.0,43164600.0,23574300.0,20975000,670517000.0,63203600,82537500.0
2022-07-19,147.90087890625,118.20999908447266,112.73722839355469,174.2498016357422,250.6320343017578,16.9260196685791,371.8403015136719,245.52999877929688,82982400,60990000.0,36530900.0,25933700.0,25012600,702366000.0,78506000,80890200.0
2022-07-20,149.89906311035156,122.7699966430664,112.82637786865234,181.4961395263672,253.2781219482422,17.73784828186035,374.2101135253906,247.5,64823400,71268300.0,35600400.0,24784300.0,22788300,760538000.0,71843800,88864200.0
2022-07-21,152.16165161132812,124.62999725341797,113.26222229003906,181.5754852294922,255.75999450683594,17.979909896850586,378.0207214355469,271.7066650390625,65086600,60239900.0,32676200.0,27195800.0,22404700,557049000.0,64903900,142032300.0
2022-07-22,150.927490234375,122.41999816894531,106.8829345703125,167.79649353027344,251.43360900878906,17.25174903869629,374.513427734375,272.24334716796875,66675400,51463800.0,48901200.0,42583900.0,21881300,536671000.0,72197300,103472700.0
2022-07-25,149.8108367919922,121.13999938964844,106.4966049194336,165.1992950439453,249.95606994628906,16.9578914642334,374.9683532714844,268.4333190917969,53623900,50221300.0,34690900.0,26166300.0,21056000,480748000.0,53631500,64073400.0
2022-07-26,148.4885711669922,114.80999755859375,104.03009033203125,157.7646026611328,243.26365661621094,16.46880340576172,370.5321960449219,258.8599853515625,55138700,67075100.0,47991000.0,28468400.0,39348000,397865000.0,52946400,66820800.0
2022-07-27,153.57211303710938,120.97000122070312,111.9942855834961,168.1038055419922,259.5262451171875,17.720918655395508,380.1535339355469,274.82000732421875,78620700,61582000.0,59858500.0,43846600.0,45994000,569776000.0,82342100,88110000.0
2022-07-28,154.12060546875,122.27999877929688,113.14335632324219,159.32090759277344,266.93328857421875,17.914161682128906,384.9216003417969,280.8999938964844,81378700,82245500.0,32816600.0,73214300.0,33459300,474646000.0,73966600,84723000.0
2022-07-29,159.17465209960938,134.9499969482422,115.22357177734375,157.71502685546875,271.1148376464844,18.092470169067383,390.5332336425781,297.1499938964844,101786900,148892900.0,37223400.0,42065400.0,32152800,435460000.0,87003700,95313000.0
2022-08-01,158.19517517089844,135.38999938964844,113.77733612060547,158.5377960205078,268.4784851074219,18.369388580322266,389.3768005371094,297.27667236328125,67829400,76846900.0,26034300.0,40596700.0,21539600,476469000.0,69997500,117042900.0
2022-08-02,156.7259521484375,134.16000366210938,114.04478454589844,158.79551696777344,265.3978271484375,18.45406150817871,386.8079528808594,300.586669921875,59907000,61922400.0,20236000.0,27374500.0,22754200,489527000.0,63435400,95577600.0
2022-08-03,162.7203826904297,139.52000427246094,116.96697235107422,167.33058166503906,272.78564453125,18.81963348388672,392.86517333984375,307.39666748046875,82507500,71827800.0,28499000.0,31721900.0,23518900,418146000.0,67820600,80091000.0
2022-08-04,162.4069366455078,142.57000732421875,117.0759506225586,169.08517456054688,273.925048828125,19.140382766723633,392.5997314453125,308.6333312988281,55474100,70585000.0,21602900.0,23938200.0,18098700,409652000.0,45656600,72256200.0
2022-08-05,162.18133544921875,140.8000030517578,116.36273956298828,165.65528869628906,273.2104797363281,18.91526222229004,391.9361877441406,288.1700134277344,56697000,50686900.0,19159500.0,25832700.0,16774600,386068000.0,56814900,113172900.0
2022-08-08,161.71054077148438,139.41000366210938,116.1943359375,168.76792907714844,270.7092590332031,17.723905563354492,391.481201171875,290.42333984375,60276900,52229000.0,19138300.0,27299100.0,18739200,981859000.0,53886100,98994000.0
2022-08-09,161.75958251953125,137.8300018310547,115.5306396484375,167.0629119873047,272.6214294433594,17.019651412963867,389.9266357421875,283.3333435058594,63135500,40434700.0,19086500.0,18655100.0,23405200,668263000.0,44931800,86244600.0
2022-08-10,165.996826171875,142.69000244140625,118.57170867919922,176.7875213623047,279.2462158203125,18.02672576904297,398.1165771484375,294.3566589355469,70170500,54773800.0,30930400.0,30262100.0,24687800,597422000.0,68665700,94918800.0
2022-08-11,165.26116943359375,140.63999938964844,117.71981048583984,175.94491577148438,277.17950439453125,17.87232208251953,398.1165771484375,286.6300048828125,57149200,44867300.0,24293700.0,24079100.0,20065900,509327000.0,59489700,70155000.0
2022-08-12,168.8020477294922,143.5500030517578,120.53305053710938,178.9287109375,281.9018859863281,18.6363525390625,404.8563232421875,300.0299987792969,68039400,47643500.0,19096300.0,21274000.0,22619700,478094000.0,61694500,79657200.0
2022-08-15,169.87110900878906,143.17999267578125,120.92926788330078,179.31532287597656,283.4084167480469,18.95809555053711,406.5246887207031,309.32000732421875,54091700,39014600.0,19494800.0,15878700.0,18085700,457666000.0,54048300,89359200.0
2022-08-16,169.71417236328125,144.77999877929688,120.55284881591797,177.90769958496094,282.67449951171875,18.80569076538086,407.3208312988281,306.5633239746094,56377100,59102900.0,19041200.0,21156700.0,18102900,451240000.0,59289000,88136400.0
2022-08-17,171.2050323486328,142.10000610351562,118.42313385009766,173.32791137695312,281.9292907714844,18.263803482055664,404.42974853515625,303.9966735839844,79542000,48149800.0,22847000.0,20118100.0,18253400,446799000.0,63563400,68766000.0
2022-08-18,170.81268310546875,142.3000030517578,119.03727722167969,173.13955688476562,280.81640625,18.700101852416992,405.60516357421875,302.8699951171875,62290100,37458700.0,17987700.0,18844500.0,17186200,415447000.0,49023200,47500500.0
2022-08-19,168.23312377929688,138.22999572753906,116.10518646240234,166.49790954589844,276.92596435546875,17.779691696166992,400.15460205078125,296.6666564941406,70346300,47792800.0,21809500.0,26240800.0,20570000,441588000.0,68016900,61395300.0
2022-08-22,164.3588104248047,133.22000122070312,113.16316223144531,161.630615234375,268.7967529296875,16.967857360839844,391.8224182128906,289.913330078125,69026800,50461500.0,21456600.0,19499700.0,25061100,409593000.0,77695600,55843200.0
2022-08-23,164.0253143310547,133.6199951171875,112.78675079345703,159.70751953125,267.5289611816406,17.114282608032227,390.87451171875,296.4533386230469,54147100,36252100.0,15870400.0,18111800.0,17527400,369986000.0,49105200,63984900.0
2022-08-24,164.319580078125,133.8000030517578,112.61837768554688,161.83877563476562,266.8999328613281,17.155122756958008,392.12579345703125,297.0966796875,53841500,38627000.0,17734600.0,20891500.0,18137000,522661000.0,49177800,57259800.0
2022-08-25,166.77166748046875,137.27999877929688,115.55045318603516,167.31072998046875,269.861328125,17.84343910217285,397.6615905761719,296.07000732421875,51218200,37496300.0,16956800.0,15550500.0,16583400,770691000.0,50942300,53230000.0
2022-08-26,160.48451232910156,130.75,109.2999267578125,160.37168884277344,259.4481201171875,16.196861267089844,384.2011413574219,288.0899963378906,78961000,53322700.0,37245700.0,24023600.0,27549300,769127000.0,103087000,57163900.0
2022-08-29,158.28741455078125,129.7899932861328,108.38861083984375,157.78440856933594,256.68035888671875,15.739641189575195,381.66070556640625,284.82000732421875,73314000,48101600.0,21191200.0,20052700.0,20338500,496132000.0,65370800,41864700.0
2022-08-30,155.86471557617188,128.72999572753906,107.91313171386719,155.79190063476562,254.4931182861328,15.40793514251709,377.4709777832031,277.70001220703125,77906200,49203000.0,27513300.0,19567900.0,22767100,530181000.0,85652400,50541800.0
2022-08-31,154.20712280273438,126.7699966430664,107.19992065429688,161.51168823242188,253.04153442382812,15.035385131835938,374.5987243652344,275.6099853515625,87991100,53648700.0,28627000.0,40953000.0,24791800,573710000.0,76029700,52107300.0
2022-09-01,154.93299865722656,127.81999969482422,108.70559692382812,163.92054748535156,252.00599670410156,13.882882118225098,375.774169921875,277.1600036621094,74229900,56636100.0,28360900.0,30145700.0,23263400,1178865000.0,78740100,54287000.0
2022-09-02,152.82418823242188,127.51000213623047,106.83341217041016,158.9243927001953,247.80592346191406,13.59400463104248,371.8117980957031,270.2099914550781,76957800,57429800.0,24160700.0,22634200.0,22855400,743157000.0,99632100,50890100.0
2022-09-06,151.5686798095703,126.11000061035156,105.80322265625,157.15988159179688,245.08648681640625,13.412714004516602,370.40899658203125,274.4200134277344,73714800,43888600.0,25068300.0,19339800.0,21328200,535751000.0,76637400,55860000.0
2022-09-07,152.97129821777344,129.47999572753906,108.41831970214844,158.9937744140625,249.7704620361328,13.66480541229248,377.06329345703125,283.70001220703125,87449600,47900300.0,23167000.0,16831200.0,24126700,512657000.0,70964200,50028900.0
2022-09-08,151.50001525878906,129.82000732421875,107.35840606689453,160.64927673339844,250.1865997314453,13.939814567565918,379.5279235839844,289.260009765625,84923800,43988500.0,24238300.0,22530800.0,20319900,624873000.0,80821700,53713100.0
2022-09-09,154.35426330566406,133.27000427246094,109.60702514648438,167.67750549316406,255.93511962890625,14.335392951965332,385.4239807128906,299.67999267578125,68028800,49387600.0,23197700.0,22086800.0,22084700,486612000.0,76706900,54338100.0
2022-09-12,160.29811096191406,136.4499969482422,109.81503295898438,167.4892120361328,258.0545349121094,14.452967643737793,389.5664367675781,304.4200134277344,104956000,53826900.0,22966800.0,23220400.0,18747700,484159000.0,69256300,48674600.0
2022-09-13,150.89190673828125,126.81999969482422,103.33667755126953,151.79698181152344,243.8671417236328,13.08389663696289,372.6270446777344,292.1300048828125,122656600,72694000.0,38172900.0,44444100.0,33353300,714956000.0,122947100,68229600.0
2022-09-14,152.33377075195312,128.5500030517578,104.01026916503906,150.15142822265625,244.08970642089844,13.080906867980957,374.0489501953125,302.6099853515625,87965400,45316800.0,26395100.0,43064200.0,23913000,588507000.0,85023700,72628700.0
2022-09-15,149.45010375976562,126.27999877929688,101.93997192382812,148.2481689453125,237.4701690673828,12.882620811462402,369.80224609375,303.75,90481100,52887200.0,34188300.0,34606300.0,31530900,523625000.0,87633800,64795500.0
2022-09-16,147.8120574951172,123.52999877929688,101.83100891113281,145.0165252685547,236.85081481933594,13.150655746459961,366.9810791015625,303.3500061035156,162278800,115667800.0,42797200.0,40122800.0,39791800,670751000.0,103084800,87087800.0
2022-09-19,151.51963806152344,124.66000366210938,102.09845733642578,146.73146057128906,236.63792419433594,13.333995819091797,369.8270263671875,309.07000732421875,81474200,47279700.0,23036800.0,22169500.0,26826900,569685000.0,73278500,60231200.0
2022-09-20,153.89328002929688,122.19000244140625,100.1866455078125,144.81826782226562,234.6346435546875,13.128735542297363,365.5819396972656,308.7300109863281,107689800,47698400.0,26517100.0,23217400.0,26660300,524818000.0,77274900,61642800.0
2022-09-21,150.77423095703125,118.54000091552734,98.34419250488281,140.8828125,231.24745178222656,13.21342945098877,359.20477294921875,300.79998779296875,101696800,58498900.0,31487300.0,38338600.0,28625600,807679000.0,106746600,62555700.0
2022-09-22,149.81298828125,117.30999755859375,99.19608306884766,141.57675170898438,233.21202087402344,12.515941619873047,356.1875,288.5899963378906,86652500,55229200.0,34298600.0,34418500.0,31061200,759162000.0,89472600,70545400.0
2022-09-23,147.5472412109375,113.77999877929688,97.80927276611328,139.1876983642578,230.25064086914062,12.47110366821289,350.2196960449219,275.3299865722656,96029900,65126700.0,31625400.0,31710700.0,34176000,663309000.0,122346900,63748400.0
2022-09-26,147.8807373046875,115.1500015258789,97.2446517944336,135.182861328125,229.79580688476562,12.184138298034668,346.7550354003906,276.010009765625,93339400,62723300.0,27072700.0,30497000.0,27694200,547343000.0,92581200,58076900.0
2022-09-27,148.85179138183594,114.41000366210938,96.58097839355469,133.2300262451172,228.78933715820312,12.368471145629883,345.869873046875,282.94000244140625,84442700,60094700.0,30072800.0,30826500.0,27018700,553854000.0,108294100,61925200.0
2022-09-28,146.9685821533203,118.01000213623047,99.10692596435547,140.37725830078125,233.29913330078125,12.690316200256348,352.67529296875,287.80999755859375,146691400,55763800.0,32466300.0,32658500.0,29029700,542414000.0,110802200,54664800.0
2022-09-29,139.74960327148438,114.80000305175781,96.5017318725586,135.2225341796875,229.8441925048828,12.176164627075195,345.3083190917969,268.2099914550781,128138200,58969700.0,31047200.0,38985400.0,27484200,532763000.0,112952300,77620600.0
2022-09-30,135.5516357421875,113.0,94.74840545654297,134.4989013671875,225.3924560546875,12.09545612335205,339.9686279296875,265.25,124925300,59479600.0,32941500.0,33166400.0,35694800,565638000.0,153711200,67726600.0
2022-10-03,139.72018432617188,115.87999725341797,97.71021270751953,137.40338134765625,232.979736328125,12.467117309570312,348.9441223144531,242.39999389648438,114311700,50941900.0,27982000.0,27723100.0,28880400,547478000.0,89756500,98363500.0
2022-10-04,143.30023193359375,121.08999633789062,100.68194580078125,139.058837890625,240.85736083984375,13.119766235351562,359.7568359375,249.44000244140625,87830100,62812600.0,28850800.0,34670700.0,34888400,584182000.0,103602800,109578500.0
2022-10-05,143.594482421875,120.94999694824219,100.47390747070312,137.7701873779297,241.16702270507812,13.161617279052734,358.9192199707031,240.80999755859375,79471000,48217500.0,22176900.0,27979300.0,20347100,507131000.0,88065700,86982700.0
2022-10-06,142.64306640625,120.30000305175781,100.4640121459961,137.85940551757812,238.83470153808594,13.08289909362793,355.2167053222656,238.1300048828125,68402200,42253800.0,22324000.0,36231100.0,20239900,644157000.0,82333500,69298400.0
2022-10-07,137.40542602539062,114.55999755859375,97.74983978271484,132.28829956054688,226.6892852783203,12.032682418823242,345.3083190917969,223.07000732421875,85925600,54678000.0,27502800.0,33214800.0,37769600,672478000.0,107789500,83916800.0
2022-10-10,137.7290802001953,113.66999816894531,96.93757629394531,132.6253204345703,221.86013793945312,11.628138542175293,342.6717834472656,222.9600067138672,74899000,42339700.0,18225100.0,24024000.0,29743600,698699000.0,76042800,67925000.0
2022-10-11,136.316650390625,112.20999908447266,96.26399230957031,127.42103576660156,218.14395141601562,11.544442176818848,340.5015869140625,216.5,77033700,56432200.0,26507100.0,38481400.0,30474000,667482000.0,92482800,77013200.0
2022-10-12,135.68893432617188,112.9000015258789,96.6404037475586,126.39009857177734,218.4729461669922,11.458746910095215,339.3784484863281,217.24000549316406,70433700,45728700.0,21876400.0,34605200.0,21903900,492590000.0,76991800,66860700.0
2022-10-13,140.2498779296875,112.52999877929688,98.12626647949219,129.15582275390625,226.6892852783203,11.917098045349121,348.33502197265625,221.72000122070312,113224000,86868100.0,34574500.0,34325700.0,42551800,850103000.0,147254500,91483000.0
2022-10-14,135.72816467285156,106.9000015258789,95.64982604980469,125.65653991699219,221.1923828125,11.186728477478027,340.39691162109375,204.99000549316406,88598000,67737300.0,25410700.0,23559400.0,30198600,713432000.0,123737000,94124500.0
2022-10-17,139.6809539794922,113.79000091552734,99.02767944335938,132.87315368652344,229.87322998046875,11.845355987548828,349.1440734863281,219.35000610351562,85250900,62782000.0,28419200.0,29612200.0,28142300,580774000.0,93168200,79428800.0
2022-10-18,140.99526977539062,116.36000061035156,99.82015228271484,131.64398193359375,230.81198120117188,11.924071311950684,353.24639892578125,220.19000244140625,99136600,65607400.0,24060700.0,25445000.0,26329600,659362000.0,97162900,75891900.0
2022-10-19,141.10316467285156,115.06999969482422,98.69087982177734,132.07020568847656,228.85704040527344,12.007770538330078,350.7431945800781,222.0399932861328,61758300,47198100.0,23811100.0,30691000.0,19985700,523131000.0,79746900,66571500.0
2022-10-20,140.6421356201172,115.25,99.02767944335938,130.38502502441406,228.53770446777344,12.15025806427002,347.80206298828125,207.27999877929688,64522000,48795100.0,25323200.0,26356300.0,21811000,652398000.0,88283100,117798100.0
2022-10-21,144.44784545898438,119.31999969482422,100.17675018310547,128.8782501220703,234.31524658203125,12.421282768249512,356.254150390625,214.44000244140625,86548600,55660500.0,32458700.0,46348600.0,26299700,609494000.0,131038400,75713800.0
2022-10-24,146.58607482910156,119.81999969482422,101.55364227294922,128.5907745361328,239.27993774414062,12.553805351257324,360.6134033203125,211.25,75981900,49531500.0,27176400.0,63563400.0,24911200,517457000.0,85436900,100446800.0
2022-10-25,149.420654296875,120.5999984741211,103.49517059326172,136.3129425048828,242.57998657226562,13.21342945098877,366.3719177246094,222.4199981689453,74732300,50934600.0,40611400.0,38433200.0,34775500,505482000.0,78846300,96507900.0
2022-10-26,146.4879608154297,115.66000366210938,94.03518676757812,128.68992614746094,223.8634033203125,12.849740028381348,363.6117248535156,224.63999938964844,88194300,68802300.0,88114100.0,82791500.0,82543200,532953000.0,104087300,85012500.0
2022-10-27,142.02516174316406,110.95999908447266,91.35073852539062,97.08740997314453,219.4407501220703,13.128735542297363,361.6700134277344,225.08999633789062,109180200,129605400.0,60710900.0,232316600.0,40424600,583113000.0,81971800,61638800.0
2022-10-28,152.75550842285156,103.41000366210938,95.38236999511719,98.3364486694336,228.26673889160156,13.78437328338623,370.2742919921875,228.52000427246094,164762400,223133400.0,43697300.0,95928300.0,40647700,521040000.0,100302000,69152400.0
2022-10-31,150.4014892578125,102.44000244140625,93.61914825439453,92.34903717041016,224.64727783203125,13.44858455657959,367.5997314453125,227.5399932861328,97943200,99251400.0,31675000.0,121361400.0,28357300,486341000.0,96631300,61554300.0
2022-11-01,147.76303100585938,96.79000091552734,89.61724090576172,94.37127685546875,220.81495666503906,13.494417190551758,365.9912109375,227.82000732421875,80379300,153370000.0,47161400.0,110189600.0,30592300,432817000.0,85407600,62688800.0
2022-11-02,142.250732421875,92.12000274658203,86.15022277832031,89.7518310546875,213.00509643554688,13.17158031463623,356.8062438964844,214.97999572753906,93604600,135761800.0,57038300.0,71821100.0,38407000,672628000.0,126990400,63070300.0
2022-11-03,136.21859741210938,89.30000305175781,82.64360046386719,88.13603973388672,207.34365844726562,13.372855186462402,353.1322326660156,215.30999755859375,97918500,136683300.0,61288000.0,60664000.0,36633900,500065000.0,87100100,56538800.0
2022-11-04,135.9533233642578,90.9800033569336,85.7638931274414,89.99967193603516,214.2534942626953,14.105219841003418,358.21490478515625,207.47000122070312,140814800,129101300.0,51124900.0,55638100.0,36789100,612576000.0,103505200,98622200.0
2022-11-07,136.48387145996094,90.52999877929688,87.65589141845703,95.87804412841797,220.52459716796875,14.249699592590332,361.641357421875,197.0800018310547,83374600,77495700.0,34078900.0,81987300.0,33498000,410061000.0,68286900,93916500.0
2022-11-08,137.05372619628906,89.9800033569336,88.06202697753906,95.6302261352539,221.4923858642578,14.549620628356934,363.5926513671875,191.3000030517578,89908500,88703400.0,30429000.0,52088300.0,28192500,595292000.0,84641100,128803400.0
2022-11-09,132.50489807128906,86.13999938964844,86.4969253540039,100.5866928100586,217.2729034423828,13.726584434509277,356.1018371582031,177.58999633789062,74917800,90796200.0,31769100.0,107677300.0,27852900,454414000.0,78495500,127062700.0
2022-11-10,144.29441833496094,96.62999725341797,93.05451965332031,110.8961410522461,235.14752197265625,15.693500518798828,375.6711120605469,190.72000122070312,118854000,173414900.0,51620100.0,80671000.0,46268000,700819000.0,141455800,132703000.0
2022-11-11,147.07484436035156,100.79000091552734,95.50122833251953,112.03614044189453,239.14443969726562,16.268430709838867,379.3070983886719,195.97000122070312,93979700,111590500.0,33090500.0,59961700.0,34620200,655487000.0,93839900,114403600.0
2022-11-14,145.67971801757812,98.48999786376953,94.79792785644531,113.2257080078125,233.7636260986328,16.23655128479004,376.0804748535156,190.9499969482422,73374100,99533100.0,30179500.0,53395000.0,31123300,527852000.0,71903500,92226600.0
2022-11-15,147.40884399414062,98.94000244140625,97.5121078491211,116.06079864501953,234.17010498046875,16.60621452331543,379.28802490234375,194.4199981689453,89868300,111336300.0,41640800.0,50670500.0,31390100,545876000.0,93194500,91293800.0
2022-11-16,146.18077087402344,97.12000274658203,97.91824340820312,112.24432373046875,234.59707641601562,15.852927207946777,376.39453125,186.9199981689453,64218300,87958800.0,29105200.0,33287800.0,24093300,649547000.0,68508500,66567600.0
2022-11-17,148.0769500732422,94.8499984741211,97.43285369873047,110.47980499267578,234.54859924316406,15.620763778686523,375.2427978515625,183.1699981689453,80389400,82617900.0,26052600.0,35093800.0,23123500,710894000.0,74496300,64336000.0
2022-11-18,148.63693237304688,94.13999938964844,96.51162719726562,111.07459259033203,234.10218811035156,15.353727340698242,376.946533203125,180.19000244140625,74829600,72428200.0,28342300.0,33357700.0,27613500,492072000.0,92922500,76048900.0
2022-11-21,145.4144744873047,92.45999908447266,94.69888305664062,108.9036636352539,234.9076690673828,15.262054443359375,375.5759582519531,167.8699951171875,58724100,84330300.0,21647400.0,24351100.0,26394700,404739000.0,51243200,92882700.0
2022-11-22,147.54638671875,93.19999694824219,96.13521575927734,110.46990966796875,237.79974365234375,15.980470657348633,380.6300964355469,169.91000366210938,51804100,62192000.0,23438500.0,29029000.0,19665700,472866000.0,60429000,78452300.0
2022-11-23,148.4208221435547,94.12999725341797,97.53190612792969,111.262939453125,240.27450561523438,16.459739685058594,383.0286560058594,183.1999969482422,58301400,59414700.0,18868100.0,21343100.0,19508500,427241000.0,68261600,109536700.0
2022-11-25,145.5126953125,93.41000366210938,96.54134368896484,110.44017028808594,240.18714904785156,16.21163558959961,382.9429626464844,182.86000061035156,35195900,35088600.0,9701400.0,12007600.0,9200800,167934000.0,30545400,50672700.0
2022-11-28,141.69091796875,93.94999694824219,95.1446304321289,107.83305358886719,234.62623596191406,15.770225524902344,376.8323669433594,182.9199981689453,69246000,74943100.0,26237500.0,23309400.0,24778200,303741000.0,67881600,92905200.0
2022-11-29,138.6944122314453,92.41999816894531,94.29273986816406,108.50713348388672,233.23843383789062,15.582898139953613,376.1852111816406,180.8300018310547,83763800,65567300.0,20061700.0,23899200.0,17956300,298384000.0,52310000,83357100.0
2022-11-30,145.43411254882812,96.54000091552734,100.03807067871094,117.07192993164062,247.6114044189453,16.866607666015625,388.0352478027344,194.6999969482422,111380900,102805800.0,43647500.0,43348600.0,47594200,565298000.0,144566700,109186400.0
2022-12-01,145.70916748046875,95.5,100.03807067871094,119.39155578613281,247.17466735839844,17.07790184020996,387.74969482421875,194.6999969482422,71250400,68488000.0,28687100.0,36551400.0,26041500,470977000.0,76398200,80046200.0
2022-12-02,145.21798706054688,94.12999725341797,99.49325561523438,122.41500091552734,247.49496459960938,16.819765090942383,387.30230712890625,194.86000061035156,65447400,72496400.0,21480700.0,39950500.0,21528500,371389000.0,85342700,73645900.0
2022-12-05,144.0586700439453,91.01000213623047,98.54231262207031,121.36422729492188,242.81719970703125,16.55465316772461,380.33502197265625,182.4499969482422,68826400,71535500.0,24405100.0,35474900.0,23435300,352255000.0,77289800,93122700.0
2022-12-06,140.40391540527344,88.25,96.06586456298828,113.1265869140625,237.8870849609375,15.933727264404297,374.85260009765625,179.82000732421875,64727200,75503600.0,24910700.0,43689200.0,22463700,352694000.0,77972200,92150800.0
2022-12-07,138.46847534179688,88.45999908447266,94.04509735107422,112.93824005126953,237.15924072265625,16.0662841796875,374.21484375,174.0399932861328,69721100,68086900.0,31045400.0,29461100.0,20481500,372388000.0,65927900,84213300.0
2022-12-08,140.1484375,90.3499984741211,92.8266830444336,114.32603454589844,240.09979248046875,17.11178970336914,377.14642333984375,173.44000244140625,62128300,73305900.0,32213300.0,30619400.0,22611800,515456000.0,60737900,97624500.0
2022-12-09,139.6670379638672,89.08999633789062,91.95498657226562,114.89107513427734,238.17822265625,16.944345474243164,374.3290710449219,179.0500030517578,76097000,67398500.0,28225400.0,26033400.0,20609700,465338000.0,81447700,104872300.0
2022-12-12,141.9561767578125,90.55000305175781,92.4304428100586,113.71142578125,245.05902099609375,17.4765682220459,379.7259216308594,167.82000732421875,70462700,61999800.0,29420000.0,24747100.0,30665100,457328000.0,75405800,109794500.0
2022-12-13,142.91900634765625,92.48999786376953,94.72859191894531,119.10408020019531,249.33889770507812,18.011777877807617,382.6003112792969,160.9499969482422,93886200,100212000.0,40593700.0,44701100.0,42196900,656589000.0,123782500,175862700.0
2022-12-14,140.69863891601562,91.58000183105469,94.17386627197266,120.53153991699219,249.63003540039062,17.6151065826416,380.1541748046875,156.8000030517578,82291200,70298000.0,28733600.0,36922000.0,35410900,496888000.0,108111300,140682300.0
2022-12-15,134.10633850097656,88.44999694824219,90.00355529785156,115.13890075683594,241.66229248046875,16.895509719848633,370.8549499511719,157.6699981689453,98931900,84802900.0,40107000.0,34531000.0,35560400,478542000.0,117705900,122334500.0
2022-12-16,132.15121459960938,87.86000061035156,89.40921020507812,118.39035034179688,237.4697723388672,16.515779495239258,366.4765930175781,150.22999572753906,160156900,146144100.0,58011800.0,67064000.0,86102000,478232000.0,119858000,139032200.0
2022-12-19,130.04873657226562,84.91999816894531,87.60636138916016,113.48344421386719,233.3548583984375,16.19983673095703,363.3689880371094,149.8699951171875,79592600,83531500.0,29493000.0,29769900.0,29696400,354039000.0,79878100,139390600.0
2022-12-20,129.97994995117188,85.19000244140625,88.18089294433594,116.07072448730469,234.66505432128906,16.031402587890625,363.8662414550781,137.8000030517578,77432800,74348300.0,23453800.0,28742500.0,25150800,403260000.0,74427200,159563300.0
2022-12-21,133.07469177246094,86.7699966430664,88.7356185913086,118.71747589111328,237.2174530029297,16.446014404296875,369.3069152832031,137.57000732421875,85928000,59267200.0,24745600.0,20392800.0,23690600,325025000.0,78167400,145417400.0
2022-12-22,129.91119384765625,83.79000091552734,86.93278503417969,116.1004638671875,231.1615753173828,15.287886619567871,364.038330078125,125.3499984741211,77852100,81431300.0,27658300.0,23618100.0,28651700,565045000.0,100120900,210090300.0
2022-12-23,129.54766845703125,85.25,88.388916015625,117.01245880126953,231.68565368652344,15.155330657958984,366.13238525390625,123.1500015258789,63814900,57433700.0,23003000.0,17796600.0,21207000,349326000.0,59857300,166989700.0
2022-12-27,127.74976348876953,83.04000091552734,86.5662612915039,115.86254119873047,229.96786499023438,14.073944091796875,364.6885681152344,109.0999984741211,69007800,57284000.0,20097300.0,21392300.0,16688600,464902000.0,51638200,208643400.0
2022-12-28,123.82971954345703,81.81999969482422,85.20916748046875,114.61351776123047,227.60955810546875,13.989229202270508,360.15625,112.70999908447266,85438400,58228600.0,19523200.0,19612500.0,17457100,351066000.0,70911500,221070500.0
2022-12-29,127.33715057373047,84.18000030517578,87.61627960205078,119.21311950683594,233.8983612060547,14.554338455200195,366.6391906738281,121.81999969482422,75703700,54995900.0,23333500.0,22366200.0,19770700,354923000.0,66970900,221923300.0
2022-12-30,127.6515121459961,84.0,87.39834594726562,119.29242706298828,232.7434844970703,14.565301895141602,365.67340087890625,123.18000030517578,77034200,62401200.0,23986300.0,19583800.0,21938500,310490000.0,84022200,157777300.0
2023-01-03,122.87673950195312,85.81999969482422,88.27995300292969,123.65411376953125,232.51055908203125,14.26729679107666,364.13397216796875,108.0999984741211,112117500,76706000.0,28131200.0,35528500.0,25740000,401277000.0,74850700,231402800.0
2023-01-04,124.14411926269531,85.13999938964844,87.24974822998047,126.26123809814453,222.33982849121094,14.699851989746094,366.9450988769531,113.63999938964844,89113600,68885100.0,34854800.0,32397100.0,50623400,431324000.0,85934100,180389000.0
2023-01-05,122.8276138305664,83.12000274658203,85.38745880126953,125.83496856689453,215.75013732910156,14.217466354370117,362.7570495605469,110.33999633789062,80962700,67930800.0,27194400.0,25447100.0,39585600,389168000.0,76970500,157986300.0
2023-01-06,127.34696197509766,86.08000183105469,86.51673889160156,128.88815307617188,218.29281616210938,14.809484481811523,371.0758361816406,113.05999755859375,87754700,83303400.0,41381500.0,27584500.0,43613600,405044000.0,104189600,220911100.0
2023-01-09,127.8676528930664,87.36000061035156,87.19032287597656,128.34291076660156,220.41822814941406,15.57592487335205,370.86541748046875,119.7699966430664,70790800,65266100.0,29003900.0,26649100.0,27369800,504231000.0,73978100,190284000.0
2023-01-10,128.43746948242188,89.87000274658203,87.58654022216797,131.8323211669922,222.09716796875,15.855986595153809,373.46630859375,118.8499984741211,63896200,67756600.0,30467800.0,28684400.0,27033900,384101000.0,65358100,167642500.0
2023-01-11,131.1490936279297,95.08999633789062,90.6573257446289,131.73318481445312,228.81298828125,15.947678565979004,378.1898498535156,123.22000122070312,69458900,103126200.0,26862000.0,25423000.0,28669300,353285000.0,68881100,183810800.0
2023-01-12,131.0705108642578,95.2699966430664,90.27099609375,135.51992797851562,231.47210693359375,16.45598030090332,379.56671142578125,123.55999755859375,71379600,85254800.0,30258100.0,30757700.0,27269500,551409000.0,90157700,169400900.0
2023-01-13,132.39683532714844,98.12000274658203,91.2516860961914,135.78758239746094,232.1708984375,16.842689514160156,381.0393371582031,122.4000015258789,57809700,85549400.0,26329200.0,22423800.0,21333300,447287000.0,63903900,180714100.0
2023-01-17,133.55612182617188,96.05000305175781,90.42949676513672,134.18167114257812,233.25782775878906,17.64301300048828,380.3412780761719,131.49000549316406,63646600,72755000.0,32602400.0,21147600.0,29831300,511102000.0,62677300,186477000.0
2023-01-18,132.8389129638672,95.45999908447266,90.2611083984375,131.86204528808594,228.851806640625,17.3190975189209,374.33642578125,128.77999877929688,69672800,79570400.0,29116700.0,20215500.0,30028700,439624000.0,99632300,195680300.0
2023-01-19,132.8978729248047,93.68000030517578,92.17291259765625,134.96481323242188,225.08631896972656,16.70913314819336,371.611328125,127.16999816894531,58280400,69002700.0,37000400.0,28625200.0,28623000,452932000.0,86958900,170291900.0
2023-01-20,135.4523162841797,97.25,97.09603881835938,138.15673828125,233.1316680908203,17.779560089111328,378.5340576171875,133.4199981689453,80223600,67481500.0,63191100.0,28688600.0,35389800,564967000.0,91806400,138858100.0
2023-01-23,138.63546752929688,97.5199966430664,98.849365234375,142.0228271484375,235.4220428466797,19.129045486450195,383.07598876953125,143.75,81760300,76501100.0,40005100.0,27470100.0,31934000,655163000.0,84178800,203119200.0
2023-01-24,140.03054809570312,96.31999969482422,96.7790756225586,141.8939666748047,234.89794921875,19.200803756713867,382.6648254394531,143.88999938964844,66435100,66929500.0,33078500.0,21970200.0,40234400,496204000.0,59524900,158699100.0
2023-01-25,139.37229919433594,97.18000030517578,94.32246398925781,140.26820373535156,233.51016235351562,19.25861167907715,382.80828857421875,144.42999267578125,65799300,94261600.0,42330000.0,26622000.0,66526600,449537000.0,84800300,192734300.0
2023-01-26,141.43548583984375,99.22000122070312,96.60077667236328,146.01776123046875,240.6820831298828,19.736013412475586,387.0154113769531,160.27000427246094,54105100,68523600.0,30114000.0,25482100.0,33454500,489535000.0,72287400,234815100.0
2023-01-27,143.3709259033203,102.23999786376953,98.43334197998047,150.41909790039062,240.83740234375,20.297138214111328,387.9046630859375,177.89999389648438,70555800,87775600.0,33879800.0,35771900.0,26498900,542142000.0,68346200,306590600.0
2023-01-30,140.49232482910156,100.55000305175781,96.0262451171875,145.77980041503906,235.54820251464844,19.098146438598633,383.0377197265625,166.66000366210938,64015300,70691900.0,27226200.0,28040100.0,25867400,488611000.0,74202000,230878800.0
2023-01-31,141.75970458984375,103.12999725341797,97.9083251953125,147.67320251464844,240.49771118164062,19.471900939941406,388.669677734375,173.22000122070312,65874500,66527300.0,29870700.0,29842100.0,26541100,498017000.0,86811800,196813500.0
2023-02-01,142.8796844482422,105.1500015258789,99.48335266113281,151.78704833984375,245.2919158935547,20.873212814331055,392.8003234863281,181.41000366210938,77663600,80450100.0,35531100.0,55661000.0,31259900,660477000.0,101459200,213806300.0
2023-02-02,148.17520141601562,112.91000366210938,106.72444152832031,187.12672424316406,256.7923278808594,21.636659622192383,398.5183410644531,188.27000427246094,118339000,158154200.0,69883800.0,150475700.0,39940400,564276000.0,101654500,217448300.0
2023-02-03,151.7906494140625,103.38999938964844,103.7923355102539,184.90623474121094,250.7266845703125,21.029691696166992,394.2824401855469,189.97999572753906,154357300,144374800.0,65309300.0,76809700.0,29077300,429366000.0,94736800,232662000.0
2023-02-06,149.06922912597656,102.18000030517578,101.9300765991211,184.44033813476562,249.1933135986328,21.018726348876953,391.8728332519531,194.75999450683594,69858300,81945200.0,31999600.0,42483800.0,22518000,452197000.0,60295300,186188100.0
2023-02-07,151.9380340576172,102.11000061035156,106.62538146972656,189.95193481445312,259.6649475097656,22.0991153717041,396.9980163574219,196.80999755859375,83322600,119501300.0,49010200.0,47080700.0,50841400,664150000.0,90990700,186010300.0
2023-02-08,149.25588989257812,100.05000305175781,98.43334197998047,181.83322143554688,258.85943603515625,22.131006240844727,392.65692138671875,201.2899932861328,64120100,75878300.0,94743500.0,36139100.0,54686000,559651000.0,76227500,180673600.0
2023-02-09,148.22425842285156,98.23999786376953,94.11442565917969,176.37120056152344,255.84120178222656,22.262563705444336,389.25286865234375,207.32000732421875,56007100,64622500.0,119455000.0,37118800.0,42375100,523876000.0,78694900,215431400.0
2023-02-10,148.58836364746094,97.61000061035156,93.6785888671875,172.63400268554688,255.33656311035156,21.19413948059082,390.1612548828125,196.88999938964844,57450700,52740100.0,54980700.0,33433600.0,25818500,550737000.0,70769700,204754100.0
2023-02-13,151.38282775878906,99.54000091552734,93.71820068359375,177.86801147460938,263.31396484375,21.715394973754883,394.7414245605469,194.63999938964844,62199000,52841500.0,50076100.0,31463200.0,44630900,474919000.0,64913500,172475500.0
2023-02-14,150.7432403564453,99.69999694824219,93.78754425048828,177.91758728027344,264.1388854980469,22.894453048706055,394.5597839355469,209.25,61707600,56202900.0,54726100.0,24034600.0,37047900,675474000.0,88389300,216455700.0
2023-02-15,152.83908081054688,101.16000366210938,96.0262451171875,175.61781311035156,262.0277099609375,22.688142776489258,395.841064453125,214.24000549316406,65573800,47957600.0,50169000.0,25308900.0,28922400,420575000.0,61555700,181006400.0
2023-02-16,151.2450714111328,98.1500015258789,94.60972595214844,170.93887329101562,255.05177307128906,21.92868423461914,390.3907470703125,202.0399932861328,68167900,56339200.0,42462600.0,25827500.0,29603600,412026000.0,76431500,229586500.0
2023-02-17,150.1037139892578,97.19999694824219,93.46066284179688,171.3750457763672,251.07254028320312,21.316730499267578,389.41546630859375,208.30999755859375,59144100,60029400.0,34284100.0,24171300.0,30000100,465888000.0,89257800,213738500.0
2023-02-21,146.0989532470703,94.58000183105469,90.92479705810547,170.58203125,245.8284912109375,20.58617401123047,381.60345458984375,197.3699951171875,58867200,56580400.0,33629300.0,34592600.0,28397400,410015000.0,82655900,180018600.0
2023-02-22,146.5220489501953,95.79000091552734,90.7861099243164,169.63037109375,244.6999053955078,20.684839248657227,381.0775146484375,200.86000061035156,51011300,59534100.0,30884000.0,22433200.0,22491100,513184000.0,83742300,191828500.0
2023-02-23,147.0041961669922,95.81999969482422,90.03326416015625,170.5423583984375,247.8716278076172,23.585145950317383,383.1046447753906,202.07000732421875,48394200,48467000.0,41206400.0,20017800.0,29219100,1117995000.0,96242400,146360000.0
2023-02-24,144.35736083984375,93.5,88.28987121582031,168.90673828125,242.47190856933594,23.208404541015625,379.0121765136719,196.8800048828125,55469600,57053800.0,36585100.0,19791300.0,24990900,589716000.0,108194400,142228100.0
2023-02-27,145.54794311523438,93.76000213623047,89.02288818359375,168.0641326904297,243.38644409179688,23.422685623168945,380.3030700683594,207.6300048828125,44998500,47470300.0,27502300.0,19277000.0,21190000,452994000.0,80444700,161028300.0
2023-02-28,145.0460968017578,94.2300033569336,89.21109008789062,173.4171142578125,242.66648864746094,23.138633728027344,378.8974304199219,205.7100067138672,50547000,43959300.0,30142000.0,46051100.0,22491000,455963000.0,96438600,153144900.0
2023-03-01,142.9797821044922,92.16999816894531,89.50826263427734,171.91033935546875,239.60182189941406,22.62236213684082,377.4440612792969,202.77000427246094,55479000,52299500.0,31111200.0,30998400.0,27565300,460026000.0,99706800,156852800.0
2023-03-02,143.5701904296875,92.12999725341797,91.1328125,173.01068115234375,244.3107147216797,23.236310958862305,380.3794860839844,190.89999389648438,52238100,55509400.0,32204400.0,17352000.0,24808200,389415000.0,85127800,181500700.0
2023-03-03,148.60804748535156,94.9000015258789,92.76725769042969,183.6373748779297,248.3775177001953,23.81039047241211,386.4799499511719,197.7899932861328,70732300,55759600.0,35160100.0,45877700.0,30760100,412393000.0,90120000,154193300.0
2023-03-06,151.36314392089844,93.75,94.23330688476562,183.29042053222656,249.9147491455078,23.47551155090332,386.7477111816406,193.80999755859375,87558000,52112400.0,32639300.0,33209400.0,24109800,437429000.0,72795900,128100100.0
2023-03-07,149.16891479492188,93.55000305175781,92.97528076171875,182.90380859375,247.2683868408203,23.214340209960938,380.8193359375,187.7100067138672,56182000,49100700.0,27835500.0,36701500.0,21473200,515154000.0,108310600,148125800.0
2023-03-08,150.41854858398438,93.91999816894531,93.3615951538086,183.3598175048828,246.83059692382812,24.104515075683594,381.4409484863281,182.0,47204800,44899100.0,34103300.0,19432400.0,17340200,513573000.0,74746600,151897800.0
2023-03-09,148.1750946044922,92.25,91.44978332519531,180.10838317871094,245.48797607421875,23.36186981201172,374.4034118652344,172.9199981689453,53833600,56218700.0,28813500.0,26582800.0,26653400,501257000.0,111945300,170023800.0
2023-03-10,146.11863708496094,90.7300033569336,89.77571105957031,177.9473419189453,241.85897827148438,22.892358779907227,369.0009765625,173.44000244140625,68572400,69827500.0,35941000.0,25665000.0,28333900,474866000.0,189253000,191488900.0
2023-03-13,148.05703735351562,92.43000030517578,90.2511978149414,179.32525634765625,247.04464721679688,22.893354415893555,368.4749755859375,174.47999572753906,84457100,72397100.0,37335600.0,24728000.0,33339700,421890000.0,157790000,167790300.0
2023-03-14,150.14303588867188,94.87999725341797,93.0842514038086,192.33103942871094,253.72860717773438,23.986888885498047,374.56591796875,183.25999450683594,73695900,60912700.0,36050200.0,41642600.0,33620300,474910000.0,149752400,143717900.0
2023-03-15,150.53663635253906,96.19999694824219,95.20406341552734,196.02857971191406,258.2527160644531,24.151369094848633,372.2232360839844,180.4499969482422,77167900,70731800.0,50622100.0,42123600.0,46028000,524486000.0,172996900,145995600.0
2023-03-16,153.3507537841797,100.04000091552734,99.3743896484375,203.1460418701172,268.72137451171875,25.4602108001709,378.7540283203125,184.1300048828125,76161100,84446900.0,65492000.0,50447100.0,54768800,583253000.0,143254200,121136800.0
2023-03-17,152.514404296875,98.94999694824219,100.66212463378906,193.9071807861328,271.8639221191406,25.643632888793945,374.3252868652344,180.1300048828125,98944600,87300200.0,61028500.0,50141100.0,69527400,848547000.0,140553400,133197100.0
2023-03-20,154.87588500976562,97.70999908447266,100.26589965820312,196.0880584716797,264.85882568359375,25.818077087402344,377.9247131347656,183.25,73641400,62388900.0,32960400.0,25186300.0,43466600,432747000.0,93055800,129684400.0
2023-03-21,156.7257537841797,100.61000061035156,103.93101501464844,200.40017700195312,266.36688232421875,26.116134643554688,382.8870849609375,197.5800018310547,73938300,58597300.0,42110300.0,31827000.0,34558700,547408000.0,91524200,153391400.0
2023-03-22,155.29901123046875,98.69999694824219,102.39563751220703,198.07064819335938,264.917236328125,26.384279251098633,376.3602294921875,191.14999389648438,75701800,57475400.0,43427400.0,28477800.0,34873300,797295000.0,111746600,150376400.0
2023-03-23,156.38134765625,98.70999908447266,104.60462188720703,202.50173950195312,270.1418762207031,27.104991912841797,377.377685546875,192.22000122070312,67622100,57559300.0,40797800.0,27389700.0,36610900,564889000.0,119351300,144193900.0
2023-03-24,157.68020629882812,98.12999725341797,104.44612121582031,204.2166748046875,272.9731140136719,26.69429588317871,379.8539733886719,190.41000366210938,59196500,56095400.0,30393300.0,27716400.0,28172000,454920000.0,107682400,116312400.0
2023-03-27,155.74176025390625,98.04000091552734,101.49420928955078,201.0742645263672,268.8965148925781,26.44708251953125,380.5642395019531,191.80999755859375,52390300,46721300.0,31120900.0,18527200.0,26840200,361026000.0,74010400,120851600.0
2023-03-28,155.12188720703125,97.23999786376953,100.07769775390625,198.93304443359375,267.7775573730469,26.32646369934082,379.7099914550781,189.19000244140625,45992200,38720100.0,32057900.0,19127300.0,21878600,356104000.0,62871700,98654600.0
2023-03-29,158.19186401367188,100.25,100.4343032836914,203.5624237060547,272.9147033691406,26.89864730834961,385.2290344238281,193.8800048828125,51305700,49783300.0,28779600.0,18851100.0,25087000,393694000.0,77497900,123660000.0
2023-03-30,159.75637817382812,102.0,99.93901824951172,206.03073120117188,276.3587951660156,27.29638671875,387.4846496582031,195.27999877929688,49501700,53633400.0,33086200.0,22608300.0,25053400,364516000.0,69840000,110252200.0
2023-03-31,162.25563049316406,103.29000091552734,102.75224304199219,210.09503173828125,280.4938049316406,27.68914222717285,392.9460754394531,207.4600067138672,68749800,56750300.0,36863400.0,25440300.0,32766000,433933000.0,112062600,170222100.0
2023-04-03,163.50523376464844,102.41000366210938,103.37630462646484,211.2152099609375,279.4527282714844,27.87654685974121,394.4434509277344,194.77000427246094,56976200,41135700.0,25035400.0,17924600.0,24883300,398716000.0,67391100,169545900.0
2023-04-04,162.97393798828125,103.94999694824219,103.73291015625,212.85081481933594,279.4040832519531,27.366167068481445,392.2550964355469,192.5800018310547,46278300,48662500.0,24420100.0,21026400.0,25824300,368592000.0,66601500,126463800.0
2023-04-05,161.13389587402344,101.0999984741211,103.48526000976562,209.63905334472656,276.6409606933594,26.79598045349121,391.22802734375,185.52000427246094,51511700,45175400.0,28290500.0,19396600.0,22064800,515015000.0,65200200,133882500.0
2023-04-06,162.0194854736328,102.05999755859375,107.39803314208984,214.21884155273438,283.70440673828125,26.951480865478516,392.7541198730469,185.05999755859375,45390100,43808000.0,48711500.0,26104400.0,29770300,397654000.0,63743300,123857900.0
2023-04-10,159.43170166015625,102.16999816894531,105.43669891357422,212.88058471679688,281.55426025390625,27.49176788330078,393.1571960449219,184.50999450683594,47716900,37261200.0,27067400.0,16106100.0,23103000,395279000.0,63681000,142154600.0
2023-04-11,158.2213897705078,99.91999816894531,104.35697937011719,211.9884033203125,275.17181396484375,27.08306312561035,393.2628479003906,186.7899932861328,47644200,60417800.0,26311800.0,16710100.0,27276600,314378000.0,59297900,115770900.0
2023-04-12,157.53260803222656,97.83000183105469,103.6536636352539,212.13711547851562,275.8139343261719,26.411195755004883,391.659912109375,180.5399932861328,50133100,56735000.0,24370300.0,18972200.0,27403400,446259000.0,86420400,150256300.0
2023-04-13,162.905029296875,102.4000015258789,106.41736602783203,218.4318389892578,281.9920349121094,26.37929916381836,396.86224365234375,185.89999389648438,68445600,67925100.0,24843600.0,23310400.0,24222700,353615000.0,85814800,112933000.0
2023-04-14,162.56063842773438,102.51000213623047,107.84380340576172,219.56190490722656,278.39227294921875,26.673364639282227,395.8927307128906,185.0,49386500,51450500.0,26578000.0,21591200.0,20987900,395660000.0,78161500,96438700.0
2023-04-17,162.580322265625,102.73999786376953,104.97113037109375,216.9547882080078,280.9802551269531,26.916593551635742,397.3133544921875,187.0399932861328,41516200,39919500.0,37571200.0,15481900.0,23836200,321471000.0,66436400,116662200.0
2023-04-18,163.80044555664062,102.30000305175781,103.51498413085938,215.99325561523438,280.5618896484375,27.579490661621094,397.572509765625,184.30999755859375,49923000,39790500.0,26596400.0,12281000.0,20161800,604812000.0,63560000,92067000.0
2023-04-19,164.94186401367188,104.30000305175781,103.197998046875,213.82229614257812,280.63970947265625,27.842653274536133,397.50537109375,180.58999633789062,47720200,58398900.0,20905700.0,15898100.0,17150300,358660000.0,55227300,125732700.0
2023-04-20,163.97755432128906,103.80999755859375,104.29754638671875,211.2152099609375,278.3630065917969,27.018268585205078,395.3361511230469,162.99000549316406,52456400,57696900.0,27820800.0,16475400.0,23244400,427713000.0,75840400,210970800.0
2023-04-21,162.37368774414062,106.95999908447266,104.41641235351562,211.0367889404297,278.0225524902344,27.033220291137695,395.64324951171875,165.0800018310547,58337300,86774200.0,25800100.0,17717200.0,21676400,345103000.0,73457400,123539000.0
2023-04-24,162.67874145507812,106.20999908447266,104.97113037109375,210.93765258789062,274.1405334472656,26.95646858215332,396.0560607910156,162.5500030517578,41949600,69575600.0,23542800.0,15750900.0,26611000,339282000.0,64332100,140006600.0
2023-04-25,161.1437530517578,102.56999969482422,102.87110137939453,205.74327087402344,267.9624938964844,26.158000946044922,389.7690734863281,160.6699981689453,48714100,65026800.0,46664100.0,19198200.0,45772200,378527000.0,97766700,121999300.0
2023-04-26,161.13389587402344,104.9800033569336,102.73242950439453,207.57713317871094,287.37225341796875,26.870737075805664,388.1181335449219,153.75,45498800,73803800.0,53347600.0,41992700.0,64599200,406337000.0,80447000,153364100.0
2023-04-27,165.7093505859375,109.81999969482422,106.57585144042969,236.4832763671875,296.576171875,27.13988494873047,395.8448181152344,160.19000244140625,64902300,149961200.0,50089200.0,71196500.0,46462600,377161000.0,92968400,127015200.0
2023-04-28,166.958984375,105.44999694824219,106.32820129394531,238.22799682617188,298.9403381347656,27.661231994628906,399.22344970703125,164.30999755859375,55275900,130715900.0,36139800.0,39554000.0,36469600,292216000.0,89433100,122515800.0
2023-05-01,166.8704071044922,102.05000305175781,106.18952178955078,241.06307983398438,297.2864074707031,28.818559646606445,398.8202819824219,161.8300018310547,52472900,74728100.0,26681700.0,29143900.0,21294100,570329000.0,62122300,109015000.0
2023-05-02,165.83726501464844,103.62999725341797,104.3272476196289,237.1573944091797,297.14044189453125,28.12076759338379,394.337890625,160.30999755859375,48425700,73469400.0,30997200.0,24350100.0,26404400,402730000.0,103998500,128259700.0
2023-05-03,164.7647247314453,103.6500015258789,104.41641235351562,234.9666290283203,296.1578063964844,27.714061737060547,391.6311950683594,160.61000061035156,65136000,65051900.0,21795400.0,34463900.0,22360800,383387000.0,91531800,119728000.0
2023-05-04,163.13136291503906,104.0,103.70319366455078,231.48719787597656,297.14044189453125,27.474822998046875,388.85723876953125,161.1999969482422,81235400,45345500.0,23419500.0,17889400.0,22519900,321850000.0,94901900,95108500.0
2023-05-05,170.78660583496094,105.66000366210938,104.57489776611328,230.75363159179688,302.23858642578125,28.589284896850586,396.0560607910156,170.05999755859375,113453200,56951700.0,26639300.0,27000500.0,28197100,361494000.0,87891800,107607300.0
2023-05-08,170.71774291992188,105.83000183105469,106.754150390625,231.23936462402344,300.292724609375,29.05879783630371,396.1615295410156,171.7899932861328,55962800,49430900.0,26511400.0,16400500.0,21318600,344979000.0,50046800,112249400.0
2023-05-09,169.01547241210938,106.62000274658203,106.33812713623047,231.33848571777344,298.6873474121094,28.48063087463379,394.4242858886719,169.14999389648438,45326900,44089400.0,36360100.0,16865600.0,21340800,314869000.0,49220100,88965000.0
2023-05-10,170.77674865722656,110.19000244140625,110.69664764404297,231.05099487304688,303.8536071777344,28.793636322021484,396.26715087890625,168.5399932861328,53724500,78627600.0,63153400.0,19119000.0,30078000,369350000.0,96142900,119840700.0
2023-05-11,170.9636993408203,112.18000030517578,115.47119140625,233.73739624023438,301.71319580078125,28.487607955932617,395.5760192871094,172.0800018310547,49514700,74924800.0,78900000.0,20449000.0,31680200,322149000.0,70157100,103889900.0
2023-05-12,170.03749084472656,110.26000213623047,116.40235137939453,231.77464294433594,300.6040344238281,28.250362396240234,395.0577392578125,167.97999572753906,45533100,49852700.0,41102300.0,16161400.0,19774700,274222000.0,70481500,157849600.0
2023-05-15,169.5448455810547,111.19999694824219,115.41177368164062,236.78070068359375,301.0807800292969,28.861417770385742,396.4207458496094,166.35000610351562,37266700,53011100.0,36266800.0,20653200.0,16336500,293926000.0,54289400,105592500.0
2023-05-16,169.5448455810547,113.4000015258789,118.38349914550781,236.74105834960938,303.299072265625,29.1205997467041,393.7716064453125,166.52000427246094,42110300,71472900.0,45035600.0,18163800.0,26730300,449405000.0,57705500,98288800.0
2023-05-17,170.15576171875,115.5,119.70096588134766,240.37908935546875,306.1656799316406,30.082550048828125,398.5515441894531,173.86000061035156,57951600,65655200.0,33323600.0,21193100.0,24315000,432535000.0,87287000,125473600.0
2023-05-18,172.4811248779297,118.1500015258789,121.67220306396484,244.70114135742188,310.5729675292969,31.577802658081055,402.390869140625,176.88999938964844,65496700,73174100.0,35234200.0,22943300.0,27276000,748725000.0,97177200,109520300.0
2023-05-19,172.58953857421875,116.25,121.60287475585938,243.50167846679688,310.3974304199219,31.165109634399414,401.8053894042969,180.13999938964844,55809500,55056300.0,41353400.0,21733600.0,27546700,473908000.0,103793300,136196700.0
2023-05-22,171.64356994628906,115.01000213623047,123.87126922607422,246.15834045410156,313.16656494140625,31.077390670776367,401.9685363769531,188.8699951171875,43570900,70741100.0,35253000.0,27738500.0,24115700,372000000.0,60745400,132001400.0
2023-05-23,169.0423126220703,114.98999786376953,121.40475463867188,244.59210205078125,307.3942565917969,30.590932846069336,397.45733642578125,185.77000427246094,50747300,67576300.0,34046300.0,17748100.0,30797200,356253000.0,86383500,156952100.0
2023-05-24,169.31822204589844,116.75,119.76039123535156,247.04058837890625,306.0193786621094,30.4414119720459,394.5778503417969,182.89999389648438,45143500,63487900.0,34182600.0,17724300.0,23384900,721419000.0,89213700,137605100.0
2023-05-25,170.4513702392578,115.0,122.31607818603516,250.49029541015625,317.788330078125,37.859867095947266,397.9948425292969,184.47000122070312,56058300,66496700.0,42317000.0,22371400.0,43301700,1543911000.0,90961600,96870700.0
2023-05-26,172.85556030273438,120.11000061035156,123.43543243408203,259.7589416503906,324.58441162109375,38.822811126708984,403.1491394042969,193.1699981689453,54835000,96779900.0,35635900.0,25727200.0,36630600,714397000.0,93830000,162061500.0
2023-05-30,174.69810485839844,121.66000366210938,122.50428771972656,260.23468017578125,322.9463195800781,39.9841194152832,403.302734375,201.16000366210938,55964400,64314800.0,35076700.0,23816500.0,29503100,923401000.0,72216000,128818700.0
2023-05-31,174.64881896972656,120.58000183105469,121.71183013916016,262.4155578613281,320.1966552734375,37.71432876586914,401.0663146972656,203.92999267578125,99625300,72800800.0,37325800.0,25473700.0,45950600,1002580000.0,110811800,150711700.0
2023-06-01,177.4471435546875,122.7699966430664,122.5538101196289,270.23687744140625,324.2821044921875,39.64420700073242,404.8768615722656,207.52000427246094,68901800,54375100.0,30772700.0,25609500.0,26773900,635873000.0,88865000,148029900.0
2023-06-02,178.29452514648438,124.25,123.4948501586914,270.23687744140625,327.03173828125,39.202606201171875,410.7318115234375,213.97000122070312,61996900,61264400.0,26980100.0,19416900.0,25873800,482731000.0,91426200,164398400.0
2023-06-05,176.94464111328125,125.30000305175781,124.82223510742188,269.02752685546875,327.5582580566406,39.04710388183594,409.9448547363281,217.61000061035156,121946500,47950100.0,32305500.0,20742900.0,21307100,396094000.0,65460200,151143100.0
2023-06-06,176.58006286621094,126.61000061035156,126.10997772216797,268.75982666015625,325.3547058105469,38.53174591064453,410.8374328613281,221.30999755859375,64848400,45695200.0,26638300.0,19419000.0,20396200,388729000.0,64022200,146911600.0
2023-06-07,175.21047973632812,121.2300033569336,121.34532165527344,261.3053894042969,315.31170654296875,37.360328674316406,409.4167785644531,224.57000732421875,61944600,95663300.0,52539000.0,26163600.0,40717100,511998000.0,85373300,185710800.0
2023-06-08,177.92013549804688,124.25,120.98872375488281,262.2767639160156,317.1448059082031,38.39216613769531,411.8932800292969,234.86000061035156,50214900,62159300.0,29389200.0,20899400.0,23277700,417772000.0,61952800,164489700.0
2023-06-09,178.3043670654297,123.43000030517578,121.0778579711914,262.6435852050781,318.6365966796875,38.65137481689453,412.63226318359375,244.39999389648438,48900000,51396000.0,23778300.0,16949800.0,22529000,427717000.0,85742800,200242400.0
2023-06-12,181.0928192138672,126.56999969482422,122.47455596923828,268.6903991699219,323.5703125,39.36118698120117,416.3756103515625,249.8300018310547,54274900,51338000.0,28306400.0,15442500.0,24260300,388701000.0,76104300,150337900.0
2023-06-13,180.6199188232422,126.66000366210938,122.66278076171875,268.9581298828125,325.94952392578125,40.896480560302734,419.1207580566406,258.7099914550781,54929100,50564800.0,22278300.0,16164000.0,22951300,613208000.0,95899700,162384300.0
2023-06-14,181.25048828125,126.41999816894531,122.50428771972656,270.9704895019531,328.92340087890625,42.86543655395508,419.6199035644531,256.7900085449219,57462900,52422500.0,30592300.0,19175100.0,26003800,740465000.0,100612100,170575500.0
2023-06-15,183.28025817871094,127.11000061035156,123.91089630126953,279.3766174316406,339.4149169921875,42.522491455078125,424.8221435546875,255.89999389648438,65433200,60458500.0,35246300.0,25973500.0,38899100,568622000.0,110303100,160171200.0
2023-06-16,182.2062530517578,125.48999786376953,122.3656005859375,278.5538330078125,333.7888488769531,42.56136703491211,423.3751525878906,260.5400085449219,101256200,84247100.0,45535600.0,43127700.0,46552000,655709000.0,114165800,167915600.0
2023-06-20,182.29493713378906,125.77999877929688,121.93966674804688,281.8548583984375,329.6156311035156,43.6739616394043,421.17852783203125,274.45001220703125,49799100,56930100.0,26097500.0,20701600.0,26375400,451153000.0,76160400,165611200.0
2023-06-21,181.26034545898438,124.83000183105469,119.41368865966797,279.1883239746094,325.2377014160156,42.91328811645508,419.0205993652344,259.4599914550781,49515700,52137700.0,30306300.0,20556200.0,25117800,551603000.0,76982300,211797100.0
2023-06-22,184.25575256347656,130.14999389648438,121.98918151855469,282.4000549316406,331.2342224121094,42.89335250854492,420.53314208984375,264.6099853515625,51245300,90354600.0,26952200.0,17563100.0,23556800,417737000.0,70637200,166875900.0
2023-06-23,183.94041442871094,129.3300018310547,121.18681335449219,286.21661376953125,326.66119384765625,42.07984161376953,417.3539123535156,256.6000061035156,53117000,71927800.0,34913600.0,51092000.0,23146900,358140000.0,92074500,177460800.0
2023-06-26,182.55113220214844,127.33000183105469,117.22452545166016,276.0458679199219,320.4015197753906,40.50767135620117,415.64874267578125,241.0500030517578,48088700,59989300.0,33969900.0,24232700.0,21520600,594322000.0,72823600,179990600.0
2023-06-27,185.30020141601562,129.17999267578125,117.21463012695312,284.55120849609375,326.22247314453125,41.74786376953125,420.20556640625,250.2100067138672,50730800,46801000.0,39535900.0,26108300.0,24354100,462175000.0,72813700,164968200.0
2023-06-28,186.47271728515625,129.0399932861328,119.04718780517578,282.8065490722656,327.4705505371094,40.99119567871094,420.4175720214844,256.239990234375,51216800,52149500.0,27091400.0,16722100.0,20259500,582639000.0,75636000,159770800.0
2023-06-29,186.80772399902344,127.9000015258789,117.97737884521484,279.0792541503906,326.6903991699219,40.69709014892578,422.0745544433594,257.5,46347300,40761000.0,24090900.0,15395700.0,16997000,380514000.0,67882300,131283400.0
2023-06-30,191.12344360351562,130.36000061035156,118.57170867919922,284.4818420410156,332.0435791015625,42.17255401611328,427.05535888671875,261.7699890136719,85213200,54350700.0,29532200.0,19694900.0,26832800,501148000.0,104964000,112620800.0
2023-07-03,189.63563537597656,130.22000122070312,118.76983642578125,283.53021240234375,329.55712890625,42.283226013183594,427.546630859375,279.82000732421875,31458200,28264800.0,14467900.0,8629300.0,12508700,198209000.0,32793400,119685900.0
2023-07-05,188.52218627929688,130.3800048828125,120.60238647460938,291.8074951171875,329.71319580078125,42.187522888183594,426.91082763671875,282.4800109863281,46920300,35895400.0,27584800.0,33865500.0,18172400,323618000.0,58418400,131530900.0
2023-07-06,188.99514770507812,128.36000061035156,118.97783660888672,289.44818115234375,332.7552795410156,41.974178314208984,423.5678405761719,276.5400085449219,45094300,40639900.0,24745200.0,47600500.0,28161200,303582000.0,80658300,120332100.0
2023-07-07,187.8817596435547,129.77999877929688,118.35379028320312,288.0009765625,328.8063659667969,42.372947692871094,422.49847412109375,274.42999267578125,46815000,41992300.0,21709500.0,25586000.0,21214800,355881000.0,86134200,113879200.0
2023-07-10,185.8420867919922,127.12999725341797,115.35232543945312,291.53985595703125,323.55084228515625,42.05093765258789,423.5678405761719,269.6099853515625,59922200,61889300.0,35315200.0,37058300.0,32791400,353908000.0,62443500,119425400.0
2023-07-11,185.31988525390625,128.77999877929688,116.03582000732422,295.6933288574219,324.17486572265625,42.27524185180664,426.2652893066406,269.7900085449219,46638100,49951500.0,23078800.0,27585900.0,26698200,298244000.0,64463800,91972400.0
2023-07-12,186.98509216308594,130.8000030517578,117.80895233154297,306.64715576171875,328.786865234375,43.76766586303711,429.6949768066406,271.989990234375,60750200,54022800.0,30404400.0,36677100.0,29995300,481277000.0,91924500,95672100.0
2023-07-13,187.7437744140625,134.3000030517578,123.3660888671875,310.68170166015625,334.1106262207031,45.83632278442383,433.1054382324219,277.8999938964844,41342300,61170900.0,44297900.0,30281000.0,20567200,478204000.0,72425200,112681500.0
2023-07-14,187.8916015625,134.67999267578125,124.23779296875,306.1812438964844,336.626220703125,45.32986831665039,432.8357238769531,281.3800048828125,41616200,54487100.0,33283100.0,23054100.0,28352700,772075000.0,69815800,120062400.0
2023-07-17,191.14315795898438,133.55999755859375,123.47504425048828,307.9160461425781,337.10406494140625,46.31882858276367,434.33868408203125,290.3800048828125,50520200,48450200.0,25716200.0,25323100.0,20363900,510488000.0,52680200,131569600.0
2023-07-18,190.88697814941406,132.8300018310547,122.59342956542969,309.3335266113281,350.5207214355469,47.34867477416992,437.5660400390625,293.3399963378906,48288200,54882900.0,26193600.0,20731900.0,64738600,569164000.0,80668200,112120300.0
2023-07-19,192.2368621826172,135.36000061035156,120.8797378540039,313.25909423828125,346.22076416015625,46.932945251464844,438.5390319824219,291.260009765625,80507300,54531000.0,37224000.0,21763700.0,39732900,427502000.0,65891700,142355400.0
2023-07-20,190.29579162597656,129.9600067138672,118.07642364501953,299.88653564453125,338.215576171875,45.38071823120117,435.6296081542969,262.8999938964844,59581200,59820600.0,37906800.0,23836900.0,33778400,537865000.0,70591600,175158300.0
2023-07-21,189.12326049804688,130.0,118.8886947631836,291.6984558105469,335.1929626464844,44.17341613769531,435.6296081542969,260.0199890136719,71951700,133307300.0,72937900.0,42139300.0,69405400,963769000.0,71275600,161796100.0
2023-07-24,189.92138671875,128.8000030517578,120.38446044921875,289.07147216796875,336.4995422363281,44.475502014160156,437.57568359375,269.05999755859375,45377800,45591100.0,29686100.0,24915700.0,26678100,382516000.0,54023400,136508500.0
2023-07-25,190.77857971191406,129.1300048828125,121.05804443359375,291.9065856933594,342.22308349609375,45.53923416137695,438.7702331542969,265.2799987792969,37283200,39236700.0,52509600.0,19585600.0,41637700,348081000.0,55191200,112757300.0
2023-07-26,191.6456756591797,128.14999389648438,128.05149841308594,295.97088623046875,329.3426513671875,45.31292724609375,438.8376770019531,264.3500061035156,47471900,53910100.0,61682100.0,47256900.0,58383700,364237000.0,71052900,95856200.0
2023-07-27,190.3844757080078,128.25,128.18026733398438,308.99652099609375,322.46856689453125,45.75955581665039,435.92822265625,255.7100067138672,47460200,52610700.0,44952100.0,64229200.0,39635300,455976000.0,92194400,103697300.0
2023-07-28,192.95616149902344,132.2100067138672,131.33030700683594,322.6466979980469,329.9277038574219,46.60695266723633,440.19610595703125,266.44000244140625,48291400,46317400.0,36591200.0,39220300.0,28484900,331194000.0,80011800,111446000.0
2023-07-31,193.5670623779297,133.67999267578125,131.46896362304688,315.8265380859375,327.538818359375,46.58601760864258,441.03424072265625,267.42999267578125,38824100,41901500.0,28055500.0,25799600.0,25446000,251055000.0,62040400,84582200.0
2023-08-01,192.73939514160156,131.69000244140625,130.30999755859375,319.9007873535156,327.9483642578125,46.36469650268555,439.772216796875,261.07000732421875,35175100,42098500.0,23166800.0,22817900.0,18311900,237858000.0,55291500,83166000.0
2023-08-02,189.75384521484375,128.2100067138672,127.1698989868164,311.5738830566406,319.32891845703125,44.133541107177734,433.6545715332031,254.11000061035156,50389300,51027600.0,26273300.0,20461100.0,27761300,530142000.0,93933400,101752900.0
2023-08-03,188.3645477294922,128.91000366210938,127.23921966552734,310.4636535644531,318.50982666015625,44.378787994384766,432.4118347167969,259.32000732421875,61235200,88585200.0,20089500.0,15180200.0,18253700,324176000.0,64276100,97569100.0
2023-08-04,179.3192596435547,139.57000732421875,126.90242004394531,308.02508544921875,319.6019287109375,44.54328536987305,430.4560852050781,253.86000061035156,115956800,153128500.0,26147200.0,17612800.0,23741500,362666000.0,100128900,99539900.0
2023-08-07,176.225341796875,142.22000122070312,130.2902069091797,313.8043212890625,321.87371826171875,45.27803421020508,434.2133483886719,251.4499969482422,97576100,71213100.0,22746300.0,16236500.0,17741500,322154000.0,58357500,111097900.0
2023-08-08,177.161376953125,139.94000244140625,130.16143798828125,309.9184265136719,317.9150085449219,44.52732849121094,432.3251037597656,249.6999969482422,67823000,51710500.0,23535200.0,15183500.0,22327600,353843000.0,71361300,96642200.0
2023-08-09,175.5750274658203,137.85000610351562,128.43783569335938,302.5531005859375,314.19036865234375,42.423789978027344,429.4349060058594,242.19000244140625,60378500,50017300.0,24912900.0,19955800.0,22373300,586449000.0,78789600,101596300.0
2023-08-10,175.35824584960938,138.55999755859375,128.46754455566406,303.0785217285156,314.8728942871094,42.25829315185547,429.5890808105469,245.33999633789062,54686900,58928400.0,20857800.0,14358900.0,20113700,492705000.0,93005500,109498600.0
2023-08-11,175.41744995117188,138.41000366210938,128.3387451171875,299.0141906738281,313.0008239746094,40.72998809814453,429.3385314941406,242.64999389648438,52036700,42905800.0,19591100.0,14046300.0,24355500,533085000.0,68690900,99038600.0
2023-08-14,177.065185546875,140.57000732421875,130.09210205078125,303.52459716796875,315.9552307128906,43.61912155151367,431.7085266113281,239.75999450683594,43675600,47148700.0,24695600.0,15641900.0,18836100,690286000.0,47867400,98595300.0
2023-08-15,175.0819854736328,137.6699981689453,128.5567169189453,299.3215026855469,313.82958984375,43.8055534362793,426.6795959472656,232.9600067138672,43622600,42781500.0,19770700.0,11623600.0,16966300,676512000.0,75707500,88197600.0
2023-08-16,174.21376037597656,135.07000732421875,127.48686218261719,291.7281799316406,313.0674743652344,43.352943420410156,423.54852294921875,225.60000610351562,46964900,41675900.0,25216100.0,18547700.0,20698900,527451000.0,80107200,112484500.0
2023-08-17,171.67803955078125,133.97999572753906,128.69537353515625,282.6083068847656,309.6280212402344,43.21137237548828,420.32122802734375,219.22000122070312,66062900,48354100.0,33446300.0,23950100.0,21257200,452395000.0,95711300,120718400.0
2023-08-18,172.1614990234375,133.22000122070312,126.25857543945312,280.7843017578125,309.23712158203125,43.16651153564453,420.5234680175781,215.49000549316406,61172200,48497700.0,30504800.0,35347900.0,24755000,583768000.0,98852000,136276600.0
2023-08-21,173.49349975585938,134.67999267578125,127.15996551513672,287.3763122558594,314.51361083984375,46.82329177856445,423.2595520019531,231.27999877929688,46311900,41442500.0,25248700.0,20181500.0,24040000,692573000.0,68719000,135702700.0
2023-08-22,174.8649139404297,134.25,127.8633041381836,285.0964660644531,315.08026123046875,45.52825927734375,422.1130676269531,233.19000244140625,42038900,32905400.0,22054900.0,12980200.0,16084600,755293000.0,64994200,130442800.0
2023-08-23,178.7030029296875,135.52000427246094,131.1222686767578,291.6786193847656,319.51641845703125,46.971832275390625,426.8144836425781,236.86000061035156,52722800,42801000.0,27819700.0,18287000.0,21166400,779046000.0,68441000,101077600.0
2023-08-24,174.0262451171875,131.83999633789062,128.5567169189453,284.2537536621094,312.6473388671875,47.01869583129883,420.89923095703125,230.0399932861328,54945800,43646300.0,28500700.0,18360900.0,23281400,1156044000.0,88517300,99777400.0
2023-08-25,176.2264862060547,133.25999450683594,128.65576171875,283.01470947265625,315.58843994140625,45.87718963623047,423.866455078125,238.58999633789062,51449600,44147500.0,26762900.0,23701400.0,21684100,925341000.0,102325100,106612200.0
2023-08-28,177.7854461669922,133.13999938964844,129.7751007080078,287.7332458496094,316.2919921875,46.69169998168945,426.554443359375,238.82000732421875,43820700,34108400.0,20543300.0,14239300.0,14808500,685192000.0,61595400,107673700.0
2023-08-29,181.66299438476562,134.91000366210938,133.30157470703125,295.39599609375,320.89410400390625,48.63473129272461,432.72015380859375,257.17999267578125,53003900,38646100.0,43075600.0,20844500.0,19284600,701397000.0,83081900,134047600.0
2023-08-30,185.14584350585938,135.07000732421875,134.59921264648438,292.5311584472656,321.26544189453125,49.11325454711914,434.50238037109375,256.8999938964844,60813900,36137000.0,28315800.0,17717000.0,15222100,735206000.0,69053900,121988400.0
2023-08-31,185.36294555664062,138.00999450683594,134.88645935058594,293.314208984375,320.259033203125,49.2039909362793,433.8665771484375,258.0799865722656,60794500,58781300.0,30053800.0,17229900.0,26411000,528570000.0,66084600,108861700.0
2023-09-01,186.93170166015625,138.1199951171875,134.38125610351562,293.79998779296875,321.1383972167969,48.36056900024414,434.6758117675781,245.00999450683594,45766500,40991500.0,21543700.0,12842300.0,14942000,463830000.0,58944100,132541600.0
2023-09-05,187.16856384277344,137.27000427246094,134.490234375,297.5371398925781,325.91644287109375,48.39945602416992,432.79718017578125,256.489990234375,45280000,40636700.0,19403100.0,14956000.0,18553900,382653000.0,55166200,129469600.0
2023-09-06,180.46914672851562,135.36000061035156,133.1925811767578,296.5657043457031,325.26190185546875,46.920867919921875,429.8876647949219,251.9199981689453,81755800,41785500.0,18684500.0,15418100.0,17535800,468670000.0,70758500,116959800.0
2023-09-07,175.19052124023438,137.85000610351562,133.98501586914062,296.0700988769531,322.35986328125,46.10331344604492,428.56787109375,251.49000549316406,112488800,48498900.0,18844300.0,33748700.0,18381000,433330000.0,70355400,115312900.0
2023-09-08,175.80224609375,138.22999572753906,135.09445190429688,295.29681396484375,326.6200256347656,45.436302185058594,429.2132873535156,248.5,65551300,38348200.0,23558300.0,17548000.0,19530100,473069000.0,61659700,118367700.0
2023-09-11,176.96653747558594,143.10000610351562,135.62939453125,304.8826599121094,330.2060241699219,45.04347229003906,432.0361328125,273.5799865722656,58953100,56764500.0,20763400.0,19489300.0,16583300,473966000.0,60180100,174667900.0
2023-09-12,173.94732666015625,141.22999572753906,134.0642852783203,299.0340270996094,324.17718505859375,44.73638916015625,429.6661376953125,267.4800109863281,90370200,42668500.0,18405500.0,13480400.0,17565500,349256000.0,67565400,135999900.0
2023-09-13,171.88523864746094,144.85000610351562,135.42137145996094,302.4044189453125,328.36907958984375,45.34955978393555,430.1670837402344,271.29998779296875,84267900,60465200.0,20749500.0,13210900.0,16544400,398355000.0,60199300,111673700.0
2023-09-14,173.39479064941406,144.72000122070312,136.7982940673828,309.0065002441406,330.9486083984375,45.445274353027344,433.87615966796875,276.0400085449219,60895800,64033600.0,24751000.0,19343100.0,20267000,370097000.0,83430800,107709800.0
2023-09-15,172.67454528808594,140.38999938964844,136.1048583984375,297.6957702636719,322.6627502441406,43.7692756652832,428.648681640625,274.3900146484375,109259500,102909300.0,38919600.0,28131100.0,37679800,506831000.0,111848900,133692300.0
2023-09-18,175.59503173828125,139.97999572753906,136.90721130371094,299.9162292480469,321.5292663574219,43.835079193115234,428.9001159667969,265.2799987792969,67257600,42823500.0,21861300.0,14234200.0,16834200,500271000.0,55752200,101543300.0
2023-09-19,176.6803741455078,137.6300048828125,136.7388458251953,302.414306640625,321.1286926269531,43.390411376953125,428.0106506347656,266.5,51826900,61482500.0,20353700.0,15924400.0,16505900,373064000.0,66514600,103704000.0
2023-09-20,173.1481475830078,135.2899932861328,132.47938537597656,297.06134033203125,313.428955078125,42.11322784423828,424.0758056640625,262.5899963378906,58436200,46263700.0,29927500.0,19379500.0,21436500,367108000.0,82562600,122514600.0
2023-09-21,171.6089630126953,129.3300018310547,129.21047973632812,293.1556396484375,312.21734619140625,40.894859313964844,417.0664978027344,255.6999969482422,63149100,70343300.0,31503900.0,21319600.0,35560400,450736000.0,104095800,119951500.0
2023-09-22,172.4574737548828,129.1199951171875,129.02223205566406,296.4764404296875,309.75506591796875,41.48609924316406,416.1287536621094,244.8800048828125,56725400,59904300.0,26397300.0,25369600.0,21447900,479236000.0,100829700,127524100.0
2023-09-25,173.7302703857422,131.27000427246094,129.87413024902344,298.211181640625,310.2728576660156,42.096275329589844,417.87860107421875,246.99000549316406,46172700,46017800.0,20094600.0,18987000.0,17836000,419091000.0,70874500,104636600.0
2023-09-26,169.66526794433594,125.9800033569336,127.35810089111328,296.3575134277344,304.99652099609375,41.78620147705078,411.7393798828125,244.1199951171875,64588900,73048200.0,25718700.0,19417200.0,26297600,402282000.0,96168400,101993600.0
2023-09-27,168.15567016601562,125.9800033569336,129.3095245361328,295.14813232421875,305.6316223144531,42.34153366088867,411.90374755859375,240.5,66921800,66553400.0,22746500.0,36429800.0,19410100,444935000.0,104705800,136597200.0
2023-09-28,168.41221618652344,125.9800033569336,131.0628204345703,301.3139343261719,306.4621887207031,42.96070098876953,414.29180908203125,246.3800048828125,56294400,54555000.0,22513100.0,22167100.0,19683600,424663000.0,92258300,117058900.0
2023-09-29,168.92527770996094,127.12000274658203,129.6265106201172,297.59661865234375,308.5238342285156,43.36947250366211,413.2862854003906,250.22000122070312,51861100,62411700.0,30859800.0,25373700.0,24147300,397830000.0,115111300,128522700.0
2023-10-02,171.43133544921875,129.4600067138672,132.90530395507812,304.14910888671875,314.4353942871094,44.64865493774414,413.1219787597656,251.60000610351562,52164500,48029700.0,22288000.0,16265600.0,20570000,433298000.0,83798600,123810400.0
2023-10-03,170.0994110107422,124.72000122070312,131.1817169189453,298.3203430175781,306.2179260253906,43.387413024902344,407.5918884277344,246.52999877929688,49594600,51565000.0,22989400.0,17362300.0,21033500,470850000.0,103760600,101985300.0
2023-10-04,171.3425750732422,127.0,133.96524047851562,302.91986083984375,311.6604309082031,43.90985870361328,410.5599365234375,261.1600036621094,53020300,44203900.0,26752300.0,16880500.0,20720100,361821000.0,87453000,129721600.0
2023-10-05,172.575927734375,125.95999908447266,133.7968292236328,302.13671875,312.0512390136719,44.554935455322266,410.4053039550781,260.04998779296875,48527900,39660600.0,19832600.0,19130000.0,16965600,393483000.0,70142700,119159200.0
2023-10-06,175.12147521972656,127.95999908447266,136.28317260742188,312.68414306640625,319.7704162597656,45.625736236572266,415.2779541015625,260.5299987792969,57266700,46836700.0,27597600.0,21803900.0,25673600,434436000.0,113273300,118121800.0
2023-10-09,176.60142517089844,128.25999450683594,137.1152801513672,315.5886535644531,322.2718811035156,45.138187408447266,417.9366149902344,259.6700134277344,42390800,38773700.0,19278100.0,22503700.0,19891200,409675000.0,80374400,101377900.0
2023-10-10,176.00946044921875,129.47999572753906,136.7586669921875,319.03839111328125,320.8746032714844,45.66162109375,420.1119384765625,263.6199951171875,43698000,42178600.0,27786600.0,19038000.0,20557100,368582000.0,78607300,122656000.0
2023-10-11,177.400634765625,131.8300018310547,139.22515869140625,324.96630859375,324.8124084472656,46.666622161865234,421.8327331542969,262.989990234375,47551100,40741800.0,25884300.0,22036300.0,20063200,378137000.0,62451700,103706300.0
2023-10-12,178.29849243164062,132.3300018310547,137.6600799560547,321.3381652832031,323.58123779296875,46.805206298828125,419.2611083984375,258.8699951171875,56743100,55528600.0,24765500.0,20530500.0,19313100,481325000.0,81154200,111508100.0
2023-10-13,176.46331787109375,129.7899932861328,136.0652618408203,311.95062255859375,320.229736328125,45.325626373291016,417.1728515625,251.1199951171875,51427100,45786600.0,23420500.0,21341000.0,21072400,474115000.0,95143100,102073800.0
2023-10-16,176.33505249023438,132.5500030517578,137.7888641357422,318.3544006347656,325.0273742675781,45.957740783691406,421.5621032714844,253.9199981689453,52517000,42832900.0,28501900.0,16536100.0,22158000,375099000.0,75433200,88917200.0
2023-10-17,174.7860107421875,131.47000122070312,138.4029998779297,321.1795654296875,324.46063232421875,43.807167053222656,421.542724609375,254.85000610351562,57549400,49344600.0,23515800.0,16387800.0,18338500,812333000.0,75324700,93562900.0
2023-10-18,173.49349975585938,128.1300048828125,136.6595916748047,314.210693359375,322.55523681640625,42.07035446166992,415.9256286621094,242.67999267578125,54764400,42699500.0,23375000.0,16851000.0,23153600,627294000.0,93559800,125147800.0
2023-10-19,173.1185302734375,128.39999389648438,136.45156860351562,310.0869140625,323.737548828125,41.975643157958984,412.2711486816406,220.11000061035156,59302900,60961400.0,26066000.0,18709200.0,25052100,501233000.0,121323000,170772700.0
2023-10-20,170.57298278808594,125.16999816894531,134.32186889648438,305.9631652832031,319.1939697265625,41.26375961303711,407.2051696777344,211.99000549316406,64244000,56406400.0,26335700.0,22312300.0,25027700,477266000.0,123919900,138010100.0
2023-10-23,170.69137573242188,126.55999755859375,135.21331787109375,311.2765197753906,321.7833251953125,42.8470344543457,406.4993896484375,212.0800018310547,55980100,48260000.0,26317900.0,17796800.0,24374700,478530000.0,92035100,150683400.0
2023-10-24,171.12550354003906,128.55999755859375,137.5015869140625,309.8292236328125,322.9656066894531,43.532989501953125,409.56414794921875,216.52000427246094,43816600,46477400.0,44814300.0,19525500.0,31153600,401463000.0,78564200,118231100.0
2023-10-25,168.8167266845703,121.38999938964844,124.4260025024414,296.92254638671875,332.87359619140625,41.65459442138672,403.68597412109375,212.4199981689453,57157000,74577500.0,84366200.0,42192500.0,55053800,398379000.0,94223200,107065100.0
2023-10-26,164.6629180908203,119.56999969482422,121.12739562988281,285.83984375,320.3860778808594,40.2059211730957,398.8520202636719,205.75999450683594,70625300,100419500.0,57061100.0,66684100.0,37828500,541001000.0,115156800,115112600.0
2023-10-27,165.9751434326172,127.73999786376953,121.01841735839844,294.1468811035156,322.2621154785156,40.37940216064453,397.0440979003906,207.3000030517578,58499100,125309300.0,44566500.0,29596300.0,29856500,416784000.0,107367700,94881200.0
2023-10-30,168.01751708984375,132.7100067138672,123.2868423461914,300.02532958984375,329.5904846191406,41.03843688964844,401.7911071777344,197.36000061035156,51131000,72485500.0,28940100.0,28435100.0,22828100,388028000.0,86562700,136448200.0
2023-10-31,168.4911346435547,133.08999633789062,122.91041564941406,298.6473693847656,330.3721008300781,40.65856170654297,404.3144836425781,200.83999633789062,44846000,51589400.0,26292300.0,19434200.0,20265300,517969000.0,79665200,118068300.0
2023-11-01,171.6484375,137.0,125.2580795288086,309.13531494140625,338.14996337890625,42.198974609375,408.6263732910156,205.66000366210938,56934900,61529400.0,30082400.0,20434600.0,28158800,437593000.0,98068100,121661700.0
2023-11-02,175.20042419433594,138.07000732421875,126.28827667236328,308.163818359375,340.3484802246094,43.3764533996582,416.4573669433594,218.50999450683594,77334800,52236700.0,27124600.0,21631800.0,24348100,409172000.0,94938900,125987600.0
2023-11-03,174.2926788330078,138.60000610351562,127.88310241699219,311.861328125,344.7259521484375,44.87098693847656,420.2568664550781,219.9600067138672,79829200,44059800.0,26393100.0,16764300.0,23637700,424610000.0,100167800,119534800.0
2023-11-06,176.8382568359375,139.74000549316406,129.02223205566406,313.0509033203125,348.37060546875,45.61476516723633,421.2236633300781,219.27000427246094,63841300,44970400.0,19052700.0,12887700.0,23828300,400733000.0,67831700,117335800.0
2023-11-07,179.3936767578125,142.7100067138672,129.73548889160156,316.0446472167969,352.2790222167969,45.81816101074219,422.42254638671875,222.17999267578125,70530000,53553500.0,29757300.0,14055600.0,25833900,343165000.0,64256100,116900100.0
2023-11-08,180.44940185546875,142.0800018310547,130.59727478027344,316.9963073730469,354.88800048828125,46.43531799316406,422.7319641113281,222.11000061035156,49340300,44521700.0,26425800.0,13609700.0,26767800,346719000.0,61746000,106584800.0
2023-11-09,179.975830078125,140.60000610351562,129.01235961914062,317.7595520019531,352.4354248046875,46.8101921081543,419.4351501464844,209.97999572753906,53763500,36235400.0,23747800.0,16103100.0,24847300,540496000.0,83174400,142110500.0
2023-11-10,184.1548309326172,143.55999755859375,131.34022521972656,325.9079895019531,361.2098693847656,48.19106674194336,425.9803161621094,214.64999389648438,66133400,49287800.0,26913300.0,19096200.0,28042100,421245000.0,89462200,130994000.0
2023-11-13,182.57412719726562,142.58999633789062,130.8449249267578,326.3243408203125,358.288330078125,48.47522735595703,425.5743103027344,223.7100067138672,43627500,35680600.0,18324800.0,16908900.0,19986500,384136000.0,52236100,140447600.0
2023-11-14,185.1822967529297,145.8000030517578,132.36050415039062,333.38238525390625,361.7961730957031,49.50813293457031,433.8306884765625,237.41000366210938,60108400,56674600.0,32395200.0,17179400.0,27683900,416954000.0,97176900,149771600.0
2023-11-15,185.7454376220703,143.1999969482422,133.35105895996094,329.8136901855469,361.9430236816406,48.742427825927734,434.74920654296875,242.83999633789062,53790500,63875700.0,23861500.0,14531200.0,26860100,475497000.0,77327600,150354000.0
2023-11-16,187.42498779296875,142.8300018310547,135.63929748535156,331.2808532714844,368.30712890625,49.332664489746094,435.28094482421875,233.58999633789062,54412900,49653500.0,28013200.0,18932600.0,27182300,339756000.0,66665800,136816800.0
2023-11-17,187.4052734375,145.17999267578125,134.0345916748047,332.1234436035156,362.1192626953125,49.15121078491211,435.8223571777344,234.3000030517578,50922700,49636700.0,37240600.0,14494400.0,40157000,325205000.0,83133200,142532800.0
2023-11-20,189.14402770996094,146.1300048828125,134.96571350097656,337.0105285644531,369.5506286621094,50.25889587402344,439.1771545410156,235.60000610351562,46505100,41951200.0,27815500.0,16960500.0,52465100,414120000.0,69936200,116320100.0
2023-11-21,188.34378051757812,143.89999389648438,135.6789093017578,334.0465393066406,365.27191162109375,49.79528045654297,438.2199401855469,241.1999969482422,38134500,71226000.0,22635300.0,12027900.0,28423100,565747000.0,49244600,122288000.0
2023-11-22,189.00570678710938,146.7100067138672,137.1845703125,338.51727294921875,369.9520263671875,48.5709342956543,439.911865234375,234.2100067138672,39617700,45669100.0,17813900.0,10702700.0,23345300,899420000.0,59394900,117950600.0
2023-11-24,187.68186950683594,146.74000549316406,135.40155029296875,335.28570556640625,369.5408020019531,47.63373565673828,440.18255615234375,235.4499969482422,24048300,22378400.0,12514300.0,5467500.0,10176600,294645000.0,29737400,65125200.0
2023-11-27,187.50399780273438,147.72999572753906,135.12420654296875,331.78643798828125,370.6961669921875,48.09834671020508,439.3898620605469,236.0800018310547,40552600,53762400.0,23436500.0,15684500.0,22179200,395662000.0,50506000,112031800.0
2023-11-28,188.10667419433594,147.02999877929688,135.90675354003906,336.03900146484375,374.70062255859375,47.6786003112793,439.8248596191406,246.72000122070312,38415400,42711700.0,18730000.0,12637200.0,20453100,401491000.0,62115000,148549900.0
2023-11-29,187.08908081054688,146.32000732421875,133.7176055908203,329.30816650390625,370.9311218261719,47.99665832519531,439.5155029296875,244.13999938964844,43014200,40610900.0,23967200.0,16024500.0,28963400,382005000.0,63146000,135401300.0
2023-11-30,187.662109375,146.08999633789062,131.28079223632812,324.3021240234375,370.9898986816406,46.6307258605957,441.24609375,240.0800018310547,48794400,65814000.0,38988300.0,23146400.0,30554400,526247000.0,79752700,132353200.0
2023-12-01,188.93653869628906,147.02999877929688,130.61708068847656,321.99237060546875,366.6818542480469,46.62574768066406,443.8564758300781,238.8300018310547,45704800,39951800.0,31442300.0,15276400.0,33040500,369317000.0,89183400,121331700.0
2023-12-04,187.14834594726562,144.83999633789062,128.05149841308594,317.23419189453125,361.4241027832031,45.374481201171875,441.52642822265625,235.5800018310547,43389500,48294200.0,36669900.0,19037100.0,32063300,437543000.0,72430900,104099800.0
2023-12-05,191.09030151367188,146.8800048828125,129.7552947998047,315.51922607421875,364.7333984375,46.431419372558594,441.43939208984375,238.72000122070312,66628400,46822400.0,27384800.0,16952100.0,23065000,371718000.0,69793500,137971100.0
2023-12-06,190.0035858154297,144.52000427246094,128.79444885253906,314.6865539550781,361.0911865234375,45.37149429321289,439.6605529785156,239.3699951171875,41089700,39679000.0,23576200.0,11294300.0,21182100,380590000.0,69124700,126436200.0
2023-12-07,191.93006896972656,146.8800048828125,135.63929748535156,323.7469787597656,363.1962585449219,46.461334228515625,443.01531982421875,242.63999938964844,47477700,52352800.0,56767100.0,15905100.0,23118900,350823000.0,66995400,107142300.0
2023-12-08,193.3527374267578,147.4199981689453,133.7176055908203,329.85333251953125,366.40771484375,47.36870574951172,444.919921875,243.83999633789062,53406400,41906000.0,32260100.0,14087400.0,20154400,359224000.0,83194400,103126800.0
2023-12-11,190.8531951904297,145.88999938964844,132.03358459472656,322.44842529296875,363.5389709472656,46.49223709106445,446.65045166015625,239.74000549316406,60943700,50907300.0,31138000.0,25802500.0,27708800,509728000.0,65002200,97913900.0
2023-12-12,192.3647918701172,147.47999572753906,131.2708740234375,331.3105773925781,366.5545654296875,47.51927185058594,448.69049072265625,237.00999450683594,52696900,44944300.0,29032800.0,18485500.0,24838300,372387000.0,68327600,95328300.0
2023-12-13,195.57562255859375,148.83999633789062,131.32041931152344,331.8260192871094,366.5447998046875,47.94902038574219,454.8778991699219,239.2899932861328,70404200,52766200.0,30104800.0,16353300.0,30955500,447792000.0,93278000,146286300.0
2023-12-14,195.72381591796875,147.4199981689453,130.6963348388672,330.26971435546875,358.28118896484375,48.21026611328125,456.3377990722656,251.0500030517578,66831600,58400800.0,38722400.0,19607300.0,43277500,391232000.0,119026000,160829200.0
2023-12-15,195.1903076171875,149.97000122070312,131.35011291503906,332.00445556640625,362.98089599609375,48.74870681762695,455.58642578125,253.5,128538400,110089300.0,50847100.0,31776900.0,78502300,479948000.0,141553700,135932800.0
2023-12-18,193.5305633544922,154.07000732421875,134.5199737548828,341.62005615234375,364.8607177734375,49.932273864746094,458.149169921875,252.0800018310547,55751900,62512800.0,32258000.0,18993900.0,21802900,412587000.0,70375300,116416500.0
2023-12-19,194.5679168701172,153.7899932861328,135.3619384765625,347.31005859375,365.4580078125,49.46063995361328,460.93505859375,257.2200012207031,40714100,43171300.0,25476800.0,17729400.0,20603700,464444000.0,55761800,106737400.0
2023-12-20,192.48330688476562,152.1199951171875,137.0360107421875,346.2394714355469,362.8731384277344,47.97195053100586,454.5477600097656,247.13999938964844,52242800,50322100.0,49107200.0,16369900.0,26316700,397894000.0,102921000,125097000.0
2023-12-21,192.3350830078125,153.83999633789062,139.0963897705078,351.00762939453125,365.7321472167969,48.84841537475586,458.8577575683594,254.5,46482500,36305700.0,27488300.0,15289600.0,17708000,300425000.0,86667500,109594200.0
2023-12-22,191.2681427001953,153.4199981689453,140.15631103515625,350.313720703125,366.7503662109375,48.688873291015625,459.77996826171875,252.5399932861328,37149600,29514100.0,26532200.0,11772800.0,17107500,252507000.0,67160400,93370100.0
2023-12-26,190.72476196289062,153.41000366210938,140.18603515625,351.7411193847656,366.8287353515625,49.1365852355957,461.7213439941406,256.6099853515625,28919300,25067200.0,16780300.0,9898600.0,12673100,244200000.0,55387000,86892400.0
2023-12-27,190.8235321044922,153.33999633789062,139.04685974121094,354.7149963378906,366.25103759765625,49.27418518066406,462.55615234375,261.44000244140625,48087700,31434700.0,19628600.0,13207900.0,14905400,233648000.0,68000300,106494400.0
2023-12-28,191.2483673095703,153.3800048828125,138.90817260742188,355.2008361816406,367.4357604980469,49.37887954711914,462.73089599609375,253.17999267578125,34049900,27057000.0,16045700.0,11798800.0,14327000,246587000.0,77158100,113619900.0
2023-12-29,190.21102905273438,151.94000244140625,138.373291015625,350.8787536621094,368.17987060546875,49.37887954711914,461.391357421875,248.47999572753906,42672100,39823200.0,18733000.0,14987100.0,18730800,389293000.0,122283100,100891600.0
2024-01-02,183.4039764404297,149.92999267578125,136.8675994873047,343.2755126953125,363.1178894042969,48.02878952026367,458.8092041015625,248.4199981689453,82488700,47339400.0,23711200.0,19042200.0,25258600,411254000.0,123623700,104654200.0
2024-01-03,182.03076171875,148.47000122070312,137.61053466796875,341.4713439941406,362.8536071777344,47.431522369384766,455.0622253417969,238.4499969482422,58414500,49425500.0,24212100.0,15451100.0,23083500,320896000.0,103585900,121082600.0
2024-01-04,179.71893310546875,144.57000732421875,135.10440063476562,344.0982360839844,360.2491455078125,47.85928726196289,453.5964660644531,237.92999267578125,71983600,56039800.0,27137700.0,12099900.0,20901500,306535000.0,84232200,102629300.0
2024-01-05,178.9977264404297,145.24000549316406,134.45062255859375,348.88623046875,360.06317138671875,48.95510482788086,454.2177429199219,237.49000549316406,62379700,45153100.0,22513900.0,13920700.0,21004600,415039000.0,86118900,92488900.0
2024-01-08,183.324951171875,149.10000610351562,137.53128051757812,355.5378112792969,366.8581237792969,52.10198974609375,460.7021484375,240.4499969482422,59144500,46757100.0,21404000.0,13890200.0,23134000,642510000.0,74879100,85166600.0
2024-01-09,182.91001892089844,151.3699951171875,139.62139892578125,354.3185729980469,367.9350891113281,52.98642349243164,460.0032653808594,234.9600067138672,42841800,43812600.0,24759600.0,13463900.0,20830000,773100000.0,65931400,96705700.0
2024-01-10,183.94737243652344,153.72999572753906,140.93887329101562,367.2450256347656,374.7691955566406,54.19292068481445,462.6047058105469,233.94000244140625,46792900,44421800.0,21320200.0,22117200.0,25514200,533796000.0,67310600,91628500.0
2024-01-11,183.3546142578125,155.17999267578125,140.74075317382812,366.4520263671875,376.5903625488281,54.6635627746582,462.4008483886719,227.22000122070312,49128400,49072700.0,24008700.0,17205400.0,27850800,596759000.0,77940700,105873600.0
2024-01-12,183.68060302734375,154.6199951171875,141.30535888671875,371.2300109863281,380.35009765625,54.551883697509766,462.72119140625,218.88999938964844,40477800,40484200.0,18785500.0,19310000.0,21661200,352994000.0,58026400,123043800.0
2024-01-16,181.418212890625,153.16000366210938,141.1468963623047,364.26123046875,382.1124572753906,56.21905517578125,461.0224304199219,219.91000366210938,65603000,41384600.0,22670500.0,15306900.0,27202300,449580000.0,85014900,115355000.0
2024-01-17,180.47967529296875,151.7100067138672,140.13650512695312,365.16326904296875,381.3291015625,55.891014099121094,458.4597473144531,215.5500030517578,47317400,34953400.0,20968600.0,12724800.0,22234100,474394000.0,68843900,103164400.0
2024-01-18,186.35801696777344,153.5,142.12754821777344,372.8557434082031,385.63714599609375,56.941959381103516,462.5367736816406,211.8800048828125,78005800,37850200.0,25746400.0,16354300.0,23392100,491650000.0,91856200,108595400.0
2024-01-19,189.25270080566406,155.33999633789062,145.00025939941406,380.1120300292969,390.33685302734375,59.31906509399414,468.3028259277344,212.19000244140625,68903000,51651600.0,34271900.0,21670800.0,29331100,543501000.0,110834500,102260300.0
2024-01-22,191.55465698242188,154.77999877929688,144.61387634277344,378.4565734863281,388.2220153808594,59.481590270996094,469.2929992675781,208.8000030517578,60133900,43687500.0,32200400.0,17680500.0,27016900,452955000.0,75844900,117952500.0
2024-01-23,192.82908630371094,156.02000427246094,145.65399169921875,381.8468017578125,390.56201171875,59.69997024536133,470.66162109375,209.13999938964844,42355600,37986000.0,21636100.0,15506100.0,20525900,294654000.0,49945300,106605900.0
2024-01-24,192.1572723388672,156.8699951171875,147.29833984375,387.2989501953125,394.1455383300781,61.184661865234375,471.1761474609375,207.8300018310547,53631300,48547300.0,25233500.0,15698500.0,24867000,560271000.0,81765000,123369900.0
2024-01-25,191.83126831054688,157.75,150.43846130371094,389.7572937011719,396.4072570800781,61.43891906738281,473.73883056640625,182.6300048828125,54822100,43638600.0,29149100.0,15091100.0,21021200,482777000.0,72525000,198076800.0
2024-01-26,190.10232543945312,159.1199951171875,150.75546264648438,390.7089538574219,395.48687744140625,60.854618072509766,473.1369323730469,183.25,44594000,51047400.0,26115500.0,13163700.0,17803300,390309000.0,76641600,107343200.0
2024-01-29,189.420654296875,161.25999450683594,152.06301879882812,397.529052734375,401.1558837890625,62.28447341918945,476.8839416503906,190.92999267578125,47145600,45270400.0,27784300.0,18742400.0,24510200,348733000.0,61322800,125013100.0
2024-01-30,185.7751007080078,159.0,150.0323486328125,396.5774230957031,400.0494689941406,62.59257125854492,476.51507568359375,191.58999633789062,55859400,45207400.0,36331800.0,18614700.0,33477600,410735000.0,58618400,109982300.0
2024-01-31,182.17893981933594,155.1999969482422,138.77943420410156,386.7437744140625,389.2696838378906,61.34918212890625,468.7396545410156,187.2899932861328,55467800,50284400.0,71910000.0,20180800.0,47871100,453795000.0,126011100,103221400.0
2024-02-01,184.60931396484375,159.27999877929688,139.82943725585938,391.3433837890625,395.34002685546875,62.84485626220703,474.8746337890625,188.86000061035156,64885400,76542400.0,40466500.0,29727100.0,30657700,369146000.0,91891600,91843300.0
2024-02-02,183.61146545410156,171.80999755859375,141.03793334960938,470.8551330566406,402.62457275390625,65.96878814697266,479.8738098144531,187.91000366210938,102551700,117218300.0,62499600.0,84707600.0,28256700,476578000.0,99228200,110612700.0
2024-02-05,185.41943359375,170.30999755859375,142.32566833496094,455.4107971191406,397.1708984375,69.13163757324219,478.12652587890625,181.05999755859375,69668800,55081300.0,38505400.0,40832400.0,25352300,680078000.0,75757100,134294400.0
2024-02-06,187.0199432373047,169.14999389648438,142.74171447753906,450.7616271972656,397.0143127441406,68.02584075927734,479.51458740234375,185.10000610351562,43490800,42505500.0,29128200.0,21655200.0,18382600,683111000.0,55918600,122676000.0
2024-02-07,187.1286163330078,170.52999877929688,144.16815185546875,465.5021667480469,405.3953857421875,69.89639282226562,483.5139465332031,187.5800018310547,53439000,47174100.0,25208900.0,23066000.0,22340500,495575000.0,70556500,111535200.0
2024-02-08,186.05174255371094,169.83999633789062,144.53466796875,465.9085693359375,405.45404052734375,69.4397201538086,483.7275390625,189.55999755859375,40962000,42316500.0,22563800.0,18815100.0,21225300,414422000.0,52343600,83034000.0
2024-02-09,186.81344604492188,174.4499969482422,147.5955352783203,464.0350036621094,411.759521484375,71.9245376586914,486.5231628417969,193.57000732421875,45155200,56986000.0,26829500.0,18413100.0,22032800,436637000.0,63979400,84476300.0
2024-02-12,185.13174438476562,172.33999633789062,146.13938903808594,464.8181457519531,406.5801086425781,72.03919982910156,486.3096008300781,188.1300048828125,41781900,51050400.0,21564100.0,19382000.0,21202900,613710000.0,56502300,95498600.0
2024-02-13,183.04452514648438,168.63999938964844,143.77191162109375,456.1145935058594,397.8269348144531,71.9195556640625,479.6116638183594,184.02000427246094,56529500,56345100.0,27837700.0,20916600.0,27824900,602580000.0,113099200,86759500.0
2024-02-14,182.1641082763672,170.97999572753906,144.56436157226562,469.1600036621094,401.67205810546875,73.6864242553711,483.97021484375,188.7100067138672,54630500,42815500.0,22704200.0,16858400.0,20401200,504917000.0,68387800,81203000.0
2024-02-15,181.8772430419922,169.8000030517578,141.42425537109375,479.8164367675781,398.7980041503906,72.44800567626953,487.3094787597656,200.4499969482422,65434500,49855200.0,37590700.0,24212300.0,21825500,420122000.0,61683000,120831800.0
2024-02-16,180.34397888183594,169.50999450683594,139.19546508789062,469.19964599609375,396.34576416015625,72.40313720703125,484.8826904296875,199.9499969482422,49752500,48107700.0,31468900.0,23324600.0,22296500,495327000.0,75532900,111346700.0
2024-02-20,179.60205078125,167.0800018310547,139.789794921875,467.6434020996094,395.1000061035156,69.25128936767578,482.2132263183594,193.75999450683594,53665600,41980300.0,25144700.0,18015500.0,24307900,704833000.0,71736700,104545800.0
2024-02-21,180.35385131835938,168.58999633789062,141.20631408691406,464.4480285644531,394.5016784667969,67.27700805664062,482.6499938964844,194.77000427246094,41371400,44420100.0,23223300.0,12921800.0,18518900,673755000.0,59293400,103500300.0
2024-02-22,182.38174438476562,174.5800018310547,142.73179626464844,482.40948486328125,403.79083251953125,78.31103515625,492.6387023925781,197.41000366210938,52292200,55392400.0,27191900.0,21625800.0,27009900,865100000.0,76402500,92739500.0
2024-02-23,180.55169677734375,174.99000549316406,142.60304260253906,480.3255310058594,402.505859375,78.5892333984375,492.9784851074219,191.97000122070312,45119700,59715200.0,19493800.0,18374300.0,16295900,829388000.0,61321800,78841900.0
2024-02-26,179.2063446044922,174.72999572753906,136.2732696533203,478.0530700683594,399.75933837890625,78.86343383789062,491.1728820800781,199.39999389648438,40867400,44368600.0,53641800.0,12101400.0,16193500,503973000.0,50386700,111747100.0
2024-02-27,180.66055297851562,173.5399932861328,137.57090759277344,483.3224182128906,399.70050048828125,78.47354888916016,492.0853271484375,199.72999572753906,54318900,31141700.0,33099200.0,10809600.0,14835800,391705000.0,48854500,108645400.0
2024-02-28,179.46356201171875,173.16000366210938,135.09445190429688,480.3155822753906,399.9359130859375,77.43856048583984,491.43499755859375,202.0399932861328,48953900,28180500.0,37328600.0,12715500.0,13183100,393110000.0,56506600,99806200.0
2024-02-29,178.80078125,176.75999450683594,137.1549072265625,486.37884521484375,405.74285888671875,78.88336181640625,493.2016906738281,201.8800048828125,136682600,53805400.0,42133000.0,17732000.0,31947300,507289000.0,83924800,85907000.0
2024-03-01,177.72254943847656,178.22000122070312,135.84730529785156,498.4556884765625,407.5674133300781,82.04119873046875,497.8320007324219,202.63999938964844,73563100,31981200.0,31151100.0,16273600.0,17823400,479135000.0,76844800,82243100.0
2024-03-04,173.21170043945312,177.5800018310547,132.0930633544922,494.3772277832031,406.99847412109375,84.99064636230469,497.298095703125,188.13999938964844,81510100,37381500.0,55999400.0,12324100.0,17596000,615616000.0,49799300,134334900.0
2024-03-05,168.285400390625,174.1199951171875,131.41946411132812,486.4681396484375,394.9626159667969,85.7195816040039,492.3280944824219,180.74000549316406,95132400,37228300.0,40194800.0,15325300.0,26919200,520639000.0,72855600,119660800.0
2024-03-06,167.29617309570312,173.50999450683594,130.16143798828125,492.29327392578125,394.4134216308594,88.44779968261719,494.8227844238281,176.5399932861328,68587700,32090900.0,35318600.0,11757900.0,22344100,582520000.0,68382400,107920900.0
2024-03-07,167.17747497558594,176.82000732421875,133.11334228515625,508.2700500488281,401.3287658691406,92.405517578125,499.7346496582031,178.64999389648438,71765100,34063300.0,37738200.0,18586400.0,18718500,608119000.0,58652100,102129000.0
2024-03-08,168.8888397216797,175.35000610351562,134.13363647460938,502.0777893066406,398.46453857421875,87.27912902832031,496.7351379394531,175.33999633789062,76267000,37893200.0,39370400.0,18597100.0,18002200,1142269000.0,86532500,85544600.0
2024-03-11,170.88705444335938,171.9600067138672,136.37232971191406,479.8888854980469,396.7969665527344,85.53011322021484,496.3079833984375,177.77000427246094,60139500,28484800.0,32437800.0,20428300.0,16120800,678364000.0,62557200,85391500.0
2024-03-12,171.3618621826172,175.38999938964844,137.1945037841797,495.9252624511719,407.3515625,91.65167236328125,501.6470031738281,177.5399932861328,59825400,36610600.0,27563400.0,15448200.0,22457000,668075000.0,73114400,87391700.0
2024-03-13,169.28451538085938,176.55999755859375,138.4723358154297,491.7772521972656,407.17498779296875,90.62958526611328,500.8606262207031,169.47999572753906,52488700,30772600.0,23347200.0,12090700.0,17115900,635713000.0,55104100,106524500.0
2024-03-14,171.1343536376953,178.75,141.7511444091797,488.06585693359375,417.1018371582031,87.69395446777344,499.87054443359375,162.5,72913500,43705800.0,42753400.0,12620000.0,34157300,602318000.0,110171800,126325700.0
2024-03-15,170.75845336914062,174.4199981689453,139.84922790527344,480.3950500488281,408.46978759765625,87.5872573852539,496.4380798339844,163.57000732421875,121752700,72147400.0,49475400.0,29153600.0,45079900,642086000.0,107646300,97146800.0
2024-03-18,171.84658813476562,174.47999572753906,146.2879180908203,493.17645263671875,409.3526306152344,88.2034912109375,499.3885498046875,173.8000030517578,75604200,31250700.0,69273700.0,11755300.0,20106000,668976000.0,88893300,108214400.0
2024-03-19,174.18112182617188,175.89999389648438,145.64410400390625,492.44207763671875,413.364501953125,89.14381408691406,502.1637268066406,171.32000732421875,55215200,26880900.0,24070400.0,10903100.0,19837900,672171000.0,60755300,77271400.0
2024-03-20,176.74319458007812,178.14999389648438,147.33798217773438,501.65106201171875,417.111572265625,90.11505126953125,506.808349609375,175.66000366210938,53423100,29947200.0,21311500.0,11711100.0,17860100,479063000.0,69594600,83846700.0
2024-03-21,169.52191162109375,178.14999389648438,146.208740234375,503.87396240234375,421.17254638671875,91.1750259399414,508.4832458496094,172.82000732421875,106181300,32824300.0,24755600.0,9712500.0,21296200,480372000.0,60256100,73178000.0
2024-03-22,170.422119140625,178.8699951171875,149.34884643554688,505.6799621582031,420.55462646484375,94.02091217041016,507.51934814453125,170.8300018310547,71160100,27995400.0,29211800.0,8120600.0,17648500,586719000.0,79070800,75580600.0
2024-03-25,169.00753784179688,179.7100067138672,148.65545654296875,499.17022705078125,414.7868957519531,94.73187255859375,506.11712646484375,172.6300048828125,54288300,29815500.0,19229300.0,8380600.0,18060500,552136000.0,48512100,74228600.0
2024-03-26,167.87982177734375,178.3000030517578,149.24978637695312,492.0948181152344,413.59991455078125,92.29782104492188,505.1822509765625,177.6699981689453,57388400,29659000.0,22149100.0,11205400.0,16725600,513648000.0,65463700,113186200.0
2024-03-27,171.4409942626953,179.8300018310547,149.4478759765625,490.0803527832031,413.3841247558594,89.9933853149414,509.4277648925781,179.8300018310547,60273300,33272600.0,22879200.0,9989700.0,16705000,586067000.0,82999800,81804000.0
2024-03-28,169.63072204589844,180.3800048828125,149.50732421875,481.8636779785156,412.68768310546875,90.0990982055664,509.33038330078125,175.7899932861328,65672700,38051600.0,24485400.0,15212800.0,21871200,435212000.0,96294900,77654800.0
2024-04-01,168.1963653564453,180.97000122070312,154.0243682861328,487.58953857421875,416.4642028808594,90.10607147216797,508.44427490234375,175.22000122070312,46240500,29174500.0,31730800.0,9247000.0,16316000,452441000.0,62477500,81562100.0
2024-04-02,167.01919555664062,180.69000244140625,153.1031036376953,493.5634460449219,413.3939208984375,89.19766235351562,505.21148681640625,166.6300048828125,49329500,32611500.0,24586000.0,11081000.0,17912000,433064000.0,74230300,116650600.0
2024-04-03,167.82049560546875,182.41000366210938,153.459716796875,502.8617248535156,412.4228820800781,88.71105194091797,505.7664794921875,168.3800048828125,47691700,31046600.0,24705000.0,12099200.0,16502300,370067000.0,59155800,82950100.0
2024-04-04,166.9994354248047,180.0,149.11111450195312,507.0097961425781,409.90191650390625,85.66075134277344,499.5930480957031,171.11000061035156,53704400,41624300.0,34724700.0,26476300.0,19370900,434965000.0,96858100,123162000.0
2024-04-05,167.75123596191406,185.07000732421875,151.0625457763672,523.3040771484375,417.3960266113281,87.75778198242188,504.81219482421875,164.89999389648438,42104800,42374000.0,23459200.0,19263300.0,16554800,399678000.0,74546500,143157600.0
2024-04-08,166.6334228515625,185.19000244140625,153.390380859375,515.2760009765625,416.48382568359375,86.88526153564453,505.0945739746094,172.97999572753906,37425500,39221300.0,20702000.0,13260600.0,14272400,283220000.0,48401800,104423300.0
2024-04-09,167.8402557373047,185.6699981689453,155.1239013671875,512.9440307617188,418.1415710449219,85.11129760742188,505.6788635253906,176.8800048828125,42373800,36520100.0,31079500.0,10863800.0,12496900,501700000.0,68049200,102951700.0
2024-04-10,165.97067260742188,185.9499969482422,154.66822814941406,515.8516235351562,415.1792297363281,86.7915267944336,500.61541748046875,171.75999450683594,49709300,35879200.0,22838600.0,11418500.0,16216600,431929000.0,82652800,84532400.0
2024-04-11,173.15234375,189.0500030517578,157.9073944091797,519.1561279296875,419.760009765625,90.35836029052734,504.39349365234375,174.60000610351562,91070300,40020700.0,27166400.0,10369500.0,17966400,431637000.0,70099000,94516000.0
2024-04-12,174.6460723876953,186.1300048828125,156.24325561523438,507.9822692871094,413.84515380859375,87.93525695800781,497.43133544921875,171.0500030517578,101670900,38608800.0,25353700.0,11984500.0,19253800,426805000.0,92561100,64722700.0
2024-04-15,170.82769775390625,183.6199951171875,153.40029907226562,496.4015808105469,405.74285888671875,85.7564697265625,491.1994934082031,161.47999572753906,73531800,48052400.0,27136500.0,13512900.0,20273500,443077000.0,92101400,100245300.0
2024-04-16,167.55340576171875,183.32000732421875,152.9446258544922,495.9352111816406,406.66497802734375,87.16646575927734,490.3036193847656,157.11000061035156,73711200,32891300.0,20779500.0,9847900.0,16765600,370453000.0,73484000,97000000.0
2024-04-17,166.18826293945312,181.27999877929688,154.00454711914062,490.3879699707031,403.9772033691406,83.79605865478516,487.4018859863281,155.4499969482422,50901200,31359700.0,21763100.0,12193700.0,15855500,495400000.0,75910300,82439700.0
2024-04-18,165.23861694335938,179.22000122070312,154.53945922851562,497.9595031738281,396.5517578125,84.43024444580078,486.39898681640625,149.92999267578125,43122900,30723800.0,19883000.0,14808700.0,21029900,447260000.0,74548100,96098800.0
2024-04-19,163.2206268310547,174.6300048828125,152.63754272460938,477.3882141113281,391.50006103515625,75.98335266113281,482.1534423828125,147.0500030517578,68149400,56000700.0,32615600.0,25215400.0,30565800,875198000.0,102212600,87074500.0
2024-04-22,164.05157470703125,177.22999572753906,154.806884765625,478.0431823730469,393.3049011230469,79.29190063476562,486.59368896484375,142.0500030517578,48116400,37924900.0,26446200.0,17271100.0,20286900,596341000.0,67961000,107097600.0
2024-04-23,165.10012817382812,179.5399932861328,156.76821899414062,492.30316162109375,399.7887268066406,82.18864440917969,492.3678894042969,144.67999267578125,49537800,37046500.0,21151600.0,15079200.0,15734500,438559000.0,64633600,124545100.0
2024-04-24,167.19728088378906,176.58999633789062,157.63003540039062,489.7230529785156,401.250244140625,79.45045471191406,492.13421630859375,162.1300048828125,48251800,34185100.0,22779100.0,37772700.0,15065300,512208000.0,55928100,181178000.0
2024-04-25,168.05789184570312,173.6699981689453,154.52952575683594,438.001953125,391.421630859375,82.39705657958984,490.2646484375,170.17999267578125,50558300,49249400.0,57109700.0,82890700.0,40586500,424641000.0,69122400,126427500.0
2024-04-26,167.47425842285156,179.6199951171875,170.32920837402344,439.8973388671875,398.5626220703125,87.48556518554688,494.9093933105469,168.2899932861328,44838400,43919800.0,64665300.0,32691400.0,29694700,551011000.0,64306100,109815700.0
2024-04-29,171.6289520263672,180.9600067138672,164.5838623046875,429.3089904785156,394.5703125,87.5074691772461,496.66204833984375,194.0500030517578,68169400,54063900.0,45610000.0,21502600.0,19582100,388971000.0,46415400,243869700.0
2024-04-30,168.49314880371094,175.0,161.24563598632812,426.8777770996094,381.89697265625,86.1563491821289,488.7943420410156,183.27999877929688,65934800,94639800.0,33562900.0,18429500.0,28781400,363709000.0,77483600,127031800.0
2024-05-01,167.47425842285156,179.0,162.31546020507812,435.8287353515625,387.39984130859375,82.80489349365234,487.2071228027344,179.99000549316406,50383100,94645100.0,33493200.0,20344900.0,23562500,559863000.0,80242800,92829700.0
2024-05-02,171.16403198242188,184.72000122070312,165.04942321777344,438.2996826171875,390.2445373535156,85.57300567626953,491.7641906738281,180.00999450683594,94214900,54303500.0,24294500.0,15221300.0,17709400,377898000.0,62550200,89148000.0
2024-05-03,181.40240478515625,186.2100067138672,165.6636199951172,448.5010070800781,398.8961486816406,88.53654479980469,497.85980224609375,181.19000244140625,163224100,39172000.0,34662400.0,16489100.0,17446700,398341000.0,72756700,75491500.0
2024-05-06,179.7504425048828,188.6999969482422,166.51548767089844,462.115966796875,405.644775390625,91.87802124023438,503.0011291503906,184.75999450683594,78569700,34725300.0,21871300.0,15094600.0,16996600,376203000.0,47264700,84390300.0
2024-05-07,180.4329833984375,188.75999450683594,169.6357879638672,464.6563720703125,401.52490234375,90.29653930664062,503.5561218261719,177.80999755859375,77305800,34048900.0,28039700.0,13406800.0,20018200,437342000.0,52561300,75045900.0
2024-05-08,180.76934814453125,188.0,167.783447265625,468.9830017089844,402.7020568847656,90.15493774414062,503.6047668457031,174.72000122070312,45057100,26136400.0,19569100.0,11683900.0,11792300,325721000.0,42047200,79969500.0
2024-05-09,182.57955932617188,189.5,168.3579559326172,471.7814025878906,404.447998046875,88.49465942382812,506.5064697265625,171.97000122070312,48983000,43368400.0,15346700.0,9437700.0,14689700,378013000.0,43643700,65950300.0
2024-05-10,181.3215789794922,187.47999572753906,167.06031799316406,472.55548095703125,406.8218078613281,89.62244415283203,507.15899658203125,168.47000122070312,50759500,34141800.0,29799900.0,10750000.0,13402300,335325000.0,52233200,72627200.0
2024-05-13,184.52110290527344,186.57000732421875,167.54568481445312,464.42816162109375,405.82135009765625,90.14197540283203,507.2270812988281,171.88999938964844,72044800,24898600.0,31327600.0,14668800.0,15440200,289680000.0,36716400,67018900.0
2024-05-14,185.6602020263672,187.07000732421875,168.73439025878906,468.2387390136719,408.6071472167969,91.09626007080078,509.55419921875,177.5500030517578,52393600,38698200.0,25127100.0,10478600.0,15109300,296507000.0,57535900,86407400.0
2024-05-15,187.9285888671875,185.99000549316406,170.8839111328125,477.8546447753906,415.75115966796875,94.3609390258789,515.8641357421875,173.99000549316406,70400000,75459900.0,26948400.0,13100500.0,22239500,417735000.0,59504900,79663000.0
2024-05-16,188.04745483398438,183.6300048828125,172.5381622314453,469.60821533203125,413.6974182128906,94.09071350097656,514.8026733398438,174.83999633789062,52845200,38834500.0,27867900.0,16608200.0,17530100,323952000.0,50244800,59812200.0
2024-05-17,188.0771942138672,184.6999969482422,174.4004669189453,468.2982482910156,412.9309387207031,92.21605682373047,515.5427856445312,177.4600067138672,41282900,33175700.0,24479300.0,10807300.0,15352200,359691000.0,59187600,77445800.0
2024-05-20,189.23614501953125,183.5399932861328,175.25234985351562,465.2518005371094,417.9720458984375,94.51051330566406,516.13671875,174.9499969482422,44361300,30511800.0,22554400.0,11745100.0,16272100,318764000.0,37764200,61727400.0
2024-05-21,190.5337677001953,183.14999389648438,176.173583984375,461.0740661621094,421.6080017089844,95.11479187011719,517.402587890625,186.60000610351562,42309400,50839100.0,16989400.0,11742200.0,21453300,328946000.0,33437000,115266500.0
2024-05-22,189.0974578857422,183.1300048828125,174.7174530029297,464.19989013671875,423.0622863769531,94.68001556396484,515.9127807617188,180.11000061035156,34648500,28148800.0,17880000.0,10078600.0,18073700,548648000.0,48390000,88313500.0
2024-05-23,185.11541748046875,181.0500030517578,171.9141387939453,462.2152404785156,419.603271484375,103.50387573242188,512.1444091796875,173.74000549316406,51005900,33670200.0,21024900.0,11747900.0,17211700,835065000.0,57211200,71975500.0
2024-05-24,188.18612670898438,180.75,173.34054565429688,474.5600280761719,422.7085266113281,106.16627502441406,515.5330200195312,179.24000549316406,36327000,27471600.0,16579400.0,12024300.0,11855300,429494000.0,41291100,65584500.0
2024-05-28,188.19607543945312,182.14999389648438,174.7372283935547,476.2470397949219,422.8658142089844,113.57714080810547,515.893310546875,176.75,52280100,29927000.0,20572200.0,10175800.0,15718000,652728000.0,36269600,59736600.0
2024-05-29,188.4932098388672,182.02000427246094,174.24195861816406,470.7295227050781,421.7357482910156,114.4985122680664,512.28076171875,176.19000244140625,53068000,32009300.0,23388700.0,9226200.0,15517100,557442000.0,45190300,54782600.0
2024-05-30,189.48377990722656,179.32000732421875,170.48770141601562,463.4754638671875,407.4868469238281,110.1858139038086,508.88238525390625,178.7899932861328,49889100,29184700.0,22931500.0,10719600.0,28394500,484553000.0,46377600,77618400.0
2024-05-31,190.43472290039062,176.44000244140625,170.87403869628906,463.25714111328125,407.9389343261719,109.32128143310547,513.5173950195312,178.0800018310547,75158300,58903900.0,37638900.0,16919800.0,47995300,613263000.0,90785800,67314600.0
2024-06-03,192.19790649414062,178.33999633789062,171.5377197265625,473.8355712890625,406.35675048828125,114.67301177978516,513.9361572265625,176.2899932861328,50080500,30786600.0,27459100.0,11279400.0,17484700,438392000.0,46835700,68568900.0
2024-06-04,192.51490783691406,179.33999633789062,172.15185546875,473.33941650390625,408.8626403808594,116.1059341430664,514.5106201171875,174.77000427246094,47471400,27198400.0,26879600.0,7088700.0,14348900,403324000.0,34632700,60056300.0
2024-06-05,194.02052307128906,181.27999877929688,173.75657653808594,491.2711181640625,416.6651306152344,122.09186553955078,520.6256713867188,175.0,54156800,32116400.0,22068500.0,15690500.0,16988000,528402000.0,47610400,57953800.0
2024-06-06,192.6436767578125,185.0,175.0641326904297,489.9810791015625,417.16619873046875,120.65396881103516,520.6158447265625,177.94000244140625,41181800,31371200.0,23251000.0,10667300.0,14861300,664696000.0,30808500,69887000.0
2024-06-07,195.03091430664062,184.3000030517578,172.81552124023438,489.1872253417969,416.5078125,120.54428100585938,519.9830322265625,177.47999572753906,53103900,28021500.0,19661400.0,9380700.0,13621700,412386000.0,43224500,56244900.0
2024-06-10,191.29647827148438,187.05999755859375,173.559326171875,498.75347900390625,420.4582214355469,121.44371032714844,521.589599609375,173.7899932861328,97010200,34445600.0,23726700.0,11220900.0,13982900,313434100.0,35686100,50774600.0
2024-06-11,205.19400024414062,187.22999572753906,175.15597534179688,503.58612060546875,425.18487548828125,120.57613372802734,522.8457641601562,170.66000366210938,172373300,27265100.0,21540600.0,9673700.0,14551100,222551200.0,36383400,64761900.0
2024-06-12,211.05813598632812,186.88999938964844,176.31626892089844,504.9456481933594,433.4197692871094,124.8542709350586,527.139892578125,177.2899932861328,198134300,33984200.0,27864700.0,11983200.0,22366200,299595000.0,63251300,90389400.0
2024-06-13,212.21707153320312,183.8300018310547,173.7080841064453,500.2419738769531,433.93072509765625,129.25209045410156,528.2012329101562,182.47000122070312,97862700,39721500.0,20913300.0,9954600.0,15960600,260704500.0,44760900,118984100.0
2024-06-14,210.48361206054688,183.66000366210938,175.32455444335938,500.7981872558594,434.903564453125,131.51583862304688,528.5225830078125,178.00999450683594,70122700,25456400.0,18063600.0,10243300.0,13582000,309320400.0,40089900,82038200.0
2024-06-17,214.62411499023438,184.05999755859375,175.7708282470703,503.25177001953125,440.60308837890625,130.61831665039062,532.7291259765625,187.44000244140625,93728300,35601900.0,19618500.0,11266600.0,20790000,288504400.0,55839500,109786100.0
2024-06-18,212.26658630371094,182.80999755859375,173.63865661621094,496.1593017578125,438.6082763671875,135.20562744140625,534.0825805664062,184.86000061035156,79943300,36659200.0,21869900.0,13060400.0,17112500,294335100.0,41376400,68982300.0
2024-06-20,207.70010375976562,186.10000610351562,174.838623046875,498.35467529296875,437.9793395996094,130.4188690185547,532.6318359375,181.57000732421875,86172500,44726800.0,20160100.0,11801200.0,19877400,517768400.0,70328200,55893100.0
2024-06-21,205.5308074951172,189.0800018310547,178.1410369873047,491.4807434082031,441.9886779785156,126.22049713134766,531.917724609375,183.00999450683594,241805100,70792500.0,57759000.0,22359200.0,34187100,649445800.0,64338600,61937300.0
2024-06-24,206.17466735839844,185.57000732421875,177.73443603515625,495.5832214355469,439.91522216796875,117.7838363647461,530.1885986328125,182.5800018310547,80727000,50610400.0,18298000.0,13525300.0,15913700,476060900.0,45528700,61992100.0
2024-06-25,207.09588623046875,186.33999633789062,182.50457763671875,507.1952819824219,443.138427734375,125.7417984008789,532.2302856445312,187.35000610351562,55549700,45366400.0,23130200.0,12063200.0,16413400,414192600.0,37936200,62905700.0
2024-06-26,211.2364044189453,193.61000061035156,182.35577392578125,509.698486328125,444.3274841308594,126.05097198486328,532.8945922851562,196.3699951171875,66213200,65103900.0,19839000.0,8882300.0,16507000,362975900.0,38550600,95737100.0
2024-06-27,212.07839965820312,197.85000610351562,183.8731231689453,516.0955200195312,445.0055236816406,123.64762878417969,533.7346801757812,197.4199981689453,49772700,74397500.0,18848900.0,10121200.0,14806300,252571700.0,35041500,72746500.0
2024-06-28,208.63125610351562,193.25,180.64013671875,500.85784912109375,439.2077331542969,123.19886779785156,531.6343994140625,197.8800048828125,82542700,76930200.0,29156600.0,15855100.0,28362300,315516700.0,76144500,95438100.0
2024-07-01,214.70338439941406,197.1999969482422,181.47317504882812,501.31475830078125,448.81829833984375,123.95674896240234,532.7284545898438,209.86000061035156,60402900,41192000.0,16006100.0,10328200.0,17662800,284885500.0,40297800,135691400.0
2024-07-02,218.1901397705078,200.0,183.70449829101562,506.1025695800781,451.3240966796875,122.33126831054688,536.3135986328125,231.25999450683594,58046200,45600000.0,17372500.0,7739500.0,13979800,218374000.0,40434800,205047900.0
2024-07-03,219.4580535888672,197.58999633789062,184.2797088623047,506.5595703125,452.7882995605469,127.92577362060547,538.70703125,246.38999938964844,37369800,31597900.0,10242100.0,6005600.0,9932800,215749000.0,32789900,166561500.0
2024-07-05,224.20281982421875,200.0,189.02011108398438,536.3098754882812,459.460693359375,125.48253631591797,541.8134155273438,251.52000427246094,60412400,39858900.0,20967500.0,21354100.0,16000300,214176700.0,41488400,154501200.0
2024-07-08,225.66885375976562,199.2899932861328,187.4630889892578,525.7904663085938,458.1635437011719,127.84598541259766,542.4385986328125,252.94000244140625,59085900,34767300.0,21035900.0,14917500.0,12962300,237677300.0,36110500,157219600.0
2024-07-09,226.5207061767578,199.33999633789062,187.4135284423828,526.4659423828125,451.5796203613281,131.0172119140625,542.9661865234375,262.3299865722656,48076100,32700100.0,15121400.0,8753200.0,17207200,285366600.0,27289700,160210900.0
2024-07-10,230.78013610839844,199.7899932861328,189.59527587890625,531.1246948242188,458.1733703613281,134.5374755859375,548.3389282226562,263.260009765625,62627700,32883800.0,15952500.0,10983300.0,18196100,248978600.0,38701200,128519400.0
2024-07-11,225.42120361328125,195.0500030517578,184.0317840576172,509.28131103515625,446.8234558105469,127.04821014404297,543.61083984375,241.02999877929688,64710600,44565000.0,25625800.0,16458300.0,23111200,374782700.0,53054200,221707300.0
2024-07-12,228.36314392089844,194.49000549316406,183.5359344482422,495.54351806640625,445.693359375,128.8831024169922,547.0396728515625,248.22999572753906,53046500,30598500.0,22898400.0,19750500.0,16324300,252680500.0,53084400,155955800.0
2024-07-15,232.18670654296875,192.72000122070312,184.98379516601562,492.8515930175781,446.09625244140625,128.0853271484375,548.5441284179688,252.63999938964844,62631300,40683200.0,16474000.0,12539200.0,14429400,208326200.0,40584300,146912900.0
2024-07-16,232.6027374267578,193.02000427246094,182.3954620361328,486.52410888671875,441.7331848144531,126.01107025146484,551.7970581054688,256.55999755859375,43234300,33994700.0,18290700.0,14075800.0,17175700,214769500.0,36475300,126332500.0
2024-07-17,226.7188262939453,187.92999267578125,179.51951599121094,458.9094543457031,435.837158203125,117.66417694091797,544.0602416992188,248.5,57345900,48076100.0,20734100.0,28076600.0,21778000,390086200.0,57119000,115584800.0
2024-07-18,222.06321716308594,183.75,176.21710205078125,472.677001953125,432.7416687011719,120.755615234375,539.8792114257812,249.22999572753906,66034600,51043600.0,25315700.0,19267200.0,20794800,320979500.0,56270400,110869000.0
2024-07-19,222.19198608398438,183.1300048828125,176.18736267089844,473.6107482910156,429.5382080078125,117.60436248779297,536.2940673828125,239.1999969482422,49151500,43081800.0,18881900.0,15149400.0,20940400,217223800.0,65509100,87403900.0
2024-07-22,221.84532165527344,182.5500030517578,180.16409301757812,484.1499938964844,435.2672119140625,123.19886779785156,541.8232421875,251.50999450683594,48201800,39931900.0,24100300.0,12023100.0,15808800,258068900.0,43346700,101225400.0
2024-07-23,222.88536071777344,186.41000366210938,180.28309631347656,485.431396484375,437.1440734863281,122.2514877319336,540.9733276367188,246.3800048828125,39960300,47537700.0,36352700.0,9455500.0,13107100,173911000.0,34439600,111928200.0
2024-07-24,216.47647094726562,180.8300018310547,171.1990509033203,458.1942138671875,421.4703674316406,113.93451690673828,528.7135009765625,215.99000549316406,61777600,41532400.0,49585200.0,17649700.0,26805800,327776900.0,74515300,167942900.0
2024-07-25,215.43637084960938,179.85000610351562,165.8933868408203,450.3865966796875,411.15228271484375,111.96996307373047,525.958740234375,220.25,51391200,44464200.0,44852000.0,18240500.0,29943800,460067000.0,61158300,100636500.0
2024-07-26,215.90194702148438,182.5,165.61570739746094,462.59466552734375,417.9032897949219,112.74779510498047,531.8492431640625,219.8000030517578,41601300,29506000.0,41336900.0,14222400.0,23583800,293399100.0,53763800,94604100.0
2024-07-29,216.1793212890625,183.1999969482422,168.12474060058594,462.6046142578125,419.33795166015625,111.28185272216797,532.161865234375,232.10000610351562,36311800,33270100.0,20293800.0,11339600.0,15125800,248152100.0,39515800,129201800.0
2024-07-30,216.7340087890625,181.7100067138672,168.87844848632812,460.1014099121094,415.593994140625,103.44355773925781,529.4656982421875,222.6199951171875,41643800,39508600.0,18959700.0,11390400.0,32687600,486833300.0,46853600,100560300.0
2024-07-31,219.98304748535156,186.97999572753906,170.1180877685547,471.6638488769531,411.1031799316406,116.69685363769531,538.072021484375,232.07000732421875,50036300,41667300.0,25729100.0,24285800.0,42891400,473174200.0,65663400,67497000.0
2024-08-01,216.29818725585938,184.07000732421875,169.3445281982422,494.4210510253906,409.8845520019531,108.9084243774414,530.452392578125,216.86000061035156,62501000,70435600.0,24531400.0,43083100.0,30296400,523462300.0,76428700,83861900.0
2024-08-02,217.7840118408203,167.89999389648438,165.2785186767578,484.8850402832031,401.4139099121094,106.9737777709961,520.5762329101562,207.6699981689453,105568600,141448400.0,29130100.0,24044700.0,29437900,482027500.0,82789100,82880100.0
2024-08-05,207.29400634765625,161.02000427246094,157.9299774169922,472.5578308105469,388.30499267578125,100.17261505126953,505.4150695800781,198.8800048828125,119548600,83149400.0,53630700.0,21396200.0,40709200,552842400.0,146267400,100308800.0
2024-08-06,205.2732391357422,161.92999267578125,156.97792053222656,490.7953796386719,392.6877746582031,103.96212768554688,510.07476806640625,200.63999938964844,69660500,59950800.0,49004600.0,20955000.0,24946500,409012100.0,84826300,73783900.0
2024-08-07,207.83880615234375,162.77000427246094,157.62252807617188,485.6598815917969,391.5281982421875,98.63687896728516,506.66552734375,191.75999450683594,63516400,48408200.0,25138600.0,20105300.0,20650900,411440400.0,70698300,71159800.0
2024-08-08,211.2958526611328,165.8000030517578,160.6868896484375,506.23175048828125,395.71441650390625,104.68013000488281,518.3782348632812,198.83999633789062,47161100,44616200.0,25578800.0,16156800.0,20203000,391910000.0,63276600,65033900.0
2024-08-09,214.19818115234375,166.94000244140625,162.3133087158203,514.3175048828125,398.98675537109375,104.46076202392578,520.6640625,200.0,42201600,36401000.0,28602300.0,13696600.0,19276700,290844200.0,45619600,58648300.0
2024-08-12,215.7253875732422,166.8000030517578,160.94473266601562,512.5097045898438,399.7630310058594,108.71894836425781,520.9376220703125,197.49000549316406,38028100,30072800.0,15895300.0,9767400.0,16762900,325559900.0,42542100,64044900.0
2024-08-13,219.43438720703125,170.22999572753906,162.7992401123047,525.0156860351562,406.8382873535156,115.81929016113281,529.5047607421875,207.8300018310547,44155300,39237900.0,18551700.0,13743800.0,19414300,312646700.0,52333100,76247400.0
2024-08-14,219.8806610107422,170.10000610351562,159.0406494140625,523.2474975585938,409.63897705078125,117.75394439697266,531.17529296875,201.3800048828125,41960600,28843800.0,40591100.0,11444200.0,18267000,339246400.0,42446900,70250000.0
2024-08-15,222.85577392578125,177.58999633789062,159.9629669189453,533.7470703125,414.482421875,122.52073669433594,540.2797241210938,214.13999938964844,46414000,51698500.0,31524300.0,13482100.0,20752100,318086700.0,60846800,89848500.0
2024-08-16,224.1747283935547,177.05999755859375,161.60922241210938,523.9031982421875,411.96221923828125,124.23599243164062,541.4910278320312,216.1199951171875,44340200,31489200.0,24208600.0,14776700.0,22775600,302589900.0,44430700,88765100.0
2024-08-19,224.01605224609375,178.22000122070312,165.28846740722656,525.7507934570312,414.9746398925781,129.64102172851562,546.6683959960938,222.72000122070312,40687800,31129800.0,22416200.0,9879700.0,15234000,318333600.0,39121800,76435200.0
2024-08-20,224.6309051513672,178.8800048828125,165.79420471191406,523.2177124023438,418.19378662109375,126.89862060546875,545.779541015625,221.10000610351562,30299000,26255200.0,18341500.0,7944400.0,16387600,300087400.0,33732300,74001200.0
2024-08-21,224.52183532714844,180.11000061035156,164.4752197265625,531.5914916992188,417.5440673828125,128.14517211914062,547.6551513671875,223.27000427246094,34765500,35599100.0,22902000.0,13423300.0,16067300,257883600.0,41514600,70146000.0
2024-08-22,222.6673583984375,176.1300048828125,162.44223022460938,528.383056640625,409.087646484375,123.39830780029297,543.3568725585938,210.66000366210938,43695300,32047500.0,22493300.0,15708300.0,19361900,376189100.0,56121500,79514500.0
2024-08-23,224.9581756591797,177.0399932861328,164.2471466064453,524.4793090820312,410.3083801269531,129.0127410888672,549.1302490234375,220.32000732421875,38677300,29150100.0,13955700.0,11323900.0,18493800,323230300.0,50639400,81525200.0
2024-08-26,225.29534912109375,175.5,164.7826690673828,517.6451416015625,407.0596618652344,126.11080169677734,547.8211059570312,213.2100067138672,30602200,22366200.0,14190400.0,9584000.0,13152800,331964700.0,35788600,59301200.0
2024-08-27,226.13832092285156,173.1199951171875,163.31492614746094,515.6386108398438,407.40423583984375,127.94573211669922,548.5733642578125,209.2100067138672,35934600,29842000.0,11821900.0,6282700.0,13492900,303134600.0,32693900,62821400.0
2024-08-28,224.61109924316406,170.8000030517578,161.5001220703125,513.3341064453125,404.2146301269531,125.26314544677734,545.3888549804688,205.75,38052200,29045000.0,16407400.0,9106100.0,14882700,448101100.0,41066000,64116400.0
2024-08-29,227.88372802734375,172.1199951171875,160.43899536132812,514.764404296875,406.6954040527344,117.26528930664062,545.4375,206.27999877929688,51906300,26407800.0,19699800.0,8317400.0,17045200,453023300.0,38715200,62308800.0
2024-08-30,227.10025024414062,178.5,162.02572631835938,517.8338012695312,410.6529541015625,119.04036712646484,550.644287109375,214.11000061035156,52990800,43429400.0,22123800.0,9157500.0,24308300,333751600.0,62700100,63370600.0
2024-09-03,220.9219512939453,176.25,156.05563354492188,508.3475036621094,403.0726318359375,107.70177459716797,539.3126220703125,210.60000610351562,50190600,37817500.0,38945300.0,12459100.0,20313600,477155100.0,60600100,76714200.0
2024-09-04,219.01788330078125,173.3300018310547,155.15318298339844,509.3210144042969,402.5410461425781,105.91670989990234,538.208740234375,219.41000366210938,43840200,30309200.0,19353800.0,8335200.0,15135800,372470300.0,47224900,80651800.0
2024-09-05,220.53518676757812,177.88999938964844,155.93663024902344,513.41357421875,402.0389709472656,106.91395568847656,536.8997192382812,230.1699981689453,36615400,40170500.0,18688700.0,8640900.0,14195500,306850700.0,44264300,119355000.0
2024-09-06,218.98812866210938,171.38999938964844,149.6689910888672,496.9341125488281,395.4530029296875,102.54605102539062,527.86376953125,210.72999572753906,48423000,41466500.0,37912100.0,14744500.0,19609500,413638100.0,68493800,112177000.0
2024-09-09,219.07737731933594,175.39999389648438,147.6730194091797,501.42401123046875,399.4104919433594,106.17599487304688,533.773681640625,216.27000427246094,67180000,29037400.0,39260500.0,11047800.0,15295100,273912000.0,40445800,67443500.0
2024-09-10,218.28399658203125,179.5500030517578,147.62335205078125,501.42401123046875,407.7586669921875,107.8014907836914,536.0986938476562,226.1699981689453,51591000,36233800.0,31118800.0,9899000.0,19594300,268283700.0,36394600,78891100.0
2024-09-11,220.81285095214844,184.52000427246094,150.10595703125,508.4171142578125,416.4612121582031,116.58717346191406,541.5984497070312,228.1300048828125,44587100,42564700.0,29607700.0,10782500.0,19266900,441422400.0,75248600,83548600.0
2024-09-12,220.9219512939453,187.0,153.611328125,522.0952758789062,420.3595886230469,118.82117462158203,546.1604614257812,229.80999755859375,37455600,33544200.0,29621500.0,11970500.0,17395700,366052700.0,51819600,71894900.0
2024-09-13,220.6541748046875,186.49000549316406,156.36199951171875,521.1217651367188,423.8937683105469,118.78128051757812,549.0130615234375,230.2899932861328,36766600,26495400.0,29591200.0,10321400.0,15874600,238358300.0,39310500,59515100.0
2024-09-16,214.5254364013672,184.88999938964844,156.9578094482422,530.2294921875,424.632080078125,116.46749114990234,549.8237915039062,226.77999877929688,59357400,26065500.0,18379800.0,9527600.0,13834700,248772300.0,36656100,54323000.0
2024-09-17,214.99156188964844,186.8800048828125,158.20904541015625,533.251953125,428.38287353515625,115.28067016601562,550.0484619140625,227.8699951171875,45519300,26091700.0,20715600.0,11690800.0,18874200,231925900.0,49321000,66761600.0
2024-09-18,218.85919189453125,186.42999267578125,158.6956024169922,534.8726806640625,424.1103210449219,113.06661987304688,548.4171142578125,227.1999969482422,59894900,34448100.0,23677300.0,10323500.0,18898000,310318900.0,59044900,78010200.0
2024-09-19,226.97132873535156,189.8699951171875,161.0093536376953,555.9017333984375,431.8678283691406,117.5545654296875,557.7755737304688,243.9199981689453,66781300,39543200.0,26587700.0,15647000.0,21706600,293506400.0,75315500,102694600.0
2024-09-20,226.30686950683594,191.60000610351562,162.44924926757812,558.1388549804688,428.5009460449219,115.6895751953125,556.8113403320312,238.25,318679900,100378600.0,40896400.0,22066800.0,55167100,382462400.0,77503100,99879100.0
2024-09-23,224.5912628173828,193.8800048828125,160.72140502929688,561.1812744140625,426.76837158203125,115.94888305664062,558.2027587890625,250.0,54146000,36993100.0,24150900.0,12830700.0,15128900,206228500.0,44116900,86927200.0
2024-09-24,225.48377990722656,193.9600067138672,161.15830993652344,560.1075439453125,422.4958801269531,120.54654693603516,559.7999267578125,254.27000427246094,43556100,43478900.0,23332100.0,12993000.0,17015800,354966800.0,46805700,88491000.0
2024-09-25,224.49208068847656,192.52999877929688,160.36390686035156,565.0589599609375,425.39007568359375,123.17948150634766,558.5653076171875,257.0199890136719,42308700,26391100.0,18869200.0,16543400.0,13396400,284692900.0,38428600,65034300.0
2024-09-26,225.63255310058594,191.16000366210938,161.59523010253906,564.5918579101562,424.6025390625,123.70805358886719,560.77978515625,254.22000122070312,36636700,36334900.0,20319300.0,14400800.0,14492000,302582900.0,48336000,67142200.0
2024-09-27,225.90028381347656,187.97000122070312,162.80674743652344,564.1144409179688,421.3637390136719,121.07512664794922,559.966552734375,260.4599914550781,34026000,36002300.0,21101300.0,9398400.0,14896100,271009200.0,42100900,70988100.0
2024-09-30,231.06707763671875,186.3300018310547,164.69351196289062,569.1654052734375,423.6082763671875,121.11502075195312,562.21044921875,261.6300048828125,54541900,41583900.0,20413900.0,12792300.0,16807300,226553700.0,63557400,80705700.0
2024-10-01,224.33340454101562,185.1300048828125,165.82554626464844,573.1723022460938,414.1477355957031,116.6868896484375,557.1738891601562,258.0199890136719,63285000,36044900.0,28338100.0,15259300.0,19092900,302094500.0,72668800,87397600.0
2024-10-02,224.89866638183594,184.75999450683594,164.70343017578125,569.533203125,410.64306640625,118.53195190429688,557.4090576171875,249.02000427246094,32880600,23704100.0,17760200.0,6524700.0,16582300,221845900.0,38097800,93983900.0
2024-10-03,223.7978973388672,181.9600067138672,164.70343017578125,579.436279296875,410.0622253417969,122.52124786376953,556.3900146484375,240.66000366210938,34044200,30204300.0,15073100.0,11581000.0,13686400,277118000.0,40846500,80729200.0
2024-10-04,224.9185333251953,186.50999450683594,165.8950653076172,592.5308837890625,409.5897216796875,124.58570098876953,561.4461059570312,250.0800018310547,37245100,40890300.0,19047400.0,14169500.0,19169700,243678100.0,42939100,86573200.0
2024-10-07,219.85093688964844,180.8000030517578,161.84352111816406,581.434814453125,403.1711120605469,127.37821197509766,556.370361328125,240.8300018310547,39505400,42364200.0,22463100.0,12014200.0,20919800,346250200.0,49964700,68113300.0
2024-10-08,223.89707946777344,182.72000122070312,163.2337646484375,589.4984741210938,408.2607116699219,132.53436279296875,561.6323852539062,244.5,31855700,26372100.0,23072700.0,7857400.0,19229300,285722500.0,37398700,56303200.0
2024-10-09,227.63577270507812,185.1699981689453,160.7313232421875,587.1318969726562,410.96795654296875,132.2949981689453,565.5224609375,241.0500030517578,33591100,26343100.0,31181800.0,9529700.0,14974300,246191600.0,37912200,66289500.0
2024-10-10,227.1399383544922,186.64999389648438,160.94979858398438,580.4901733398438,409.3731384277344,134.44924926757812,564.5328369140625,238.77000427246094,28183500,27785000.0,14144100.0,7740400.0,13848400,242311300.0,44138100,83087100.0
2024-10-11,225.6623077392578,188.82000732421875,162.1016845703125,586.5752563476562,409.8456726074219,134.4392852783203,567.913330078125,217.8000030517578,31759200,25751600.0,15344300.0,8587100.0,14144900,170209500.0,42268000,142628900.0
2024-10-14,229.38119506835938,187.5399932861328,163.80972290039062,587.04248046875,412.6217956542969,137.70054626464844,572.5579223632812,219.16000366210938,39882100,22614400.0,19016100.0,8252000.0,16653100,232347700.0,36217200,86291900.0
2024-10-15,231.9100341796875,187.69000244140625,164.30624389648438,582.9163208007812,412.2280578613281,131.24783325195312,568.1092529296875,219.57000732421875,64751400,32178900.0,20247200.0,9564200.0,18900200,377831000.0,54203600,62988800.0
2024-10-16,229.85720825195312,186.88999938964844,164.00831604003906,573.490478515625,409.6487731933594,135.35679626464844,570.5784912109375,221.3300018310547,34082200,23456800.0,16406000.0,11268400.0,15508900,264879700.0,30725400,49632800.0
2024-10-17,230.22410583496094,187.52999877929688,161.79385375976562,573.6296997070312,410.23944091796875,136.56356811523438,570.6275634765625,220.88999938964844,32993800,25039400.0,21453400.0,8701200.0,14820000,306435900.0,34393700,50791800.0
2024-10-18,233.0504913330078,188.99000549316406,162.28045654296875,573.1723022460938,411.6570739746094,137.6306915283203,572.8224487304688,220.6999969482422,46431500,37417700.0,19757700.0,7694300.0,17145300,176090200.0,37416800,49611900.0
2024-10-21,234.51820373535156,189.07000732421875,162.92591857910156,571.8697509765625,412.26739501953125,143.32542419433594,571.8818359375,218.85000610351562,36254500,24639400.0,20946500.0,8171900.0,14206100,264554500.0,36439000,47329000.0
2024-10-22,233.90335083007812,189.6999969482422,163.9884490966797,578.6806030273438,420.8616638183594,143.2057342529297,571.578125,217.97000122070312,38846600,29650600.0,16568100.0,8544500.0,25482200,226311600.0,34183800,43268700.0
2024-10-23,228.84564208984375,184.7100067138672,161.6448974609375,560.4654541015625,417.9969177246094,139.1865234375,566.355224609375,213.64999389648438,52287000,31937100.0,18280500.0,14248400.0,19654400,285930000.0,49314600,80938900.0
2024-10-24,228.65725708007812,186.3800048828125,161.58534240722656,564.531982421875,418.1248779296875,140.0342559814453,567.5802001953125,260.4800109863281,31109500,21647400.0,22412500.0,7184700.0,13581600,172354900.0,34979900,204491900.0
2024-10-25,229.49026489257812,187.8300018310547,164.1175537109375,569.9707641601562,421.49169921875,141.16122436523438,567.3840942382812,269.19000244140625,38802300,29362100.0,19828900.0,11337900.0,16899100,205122100.0,47268200,161611900.0
2024-10-28,231.4637451171875,188.38999938964844,165.5574188232422,574.8526611328125,419.9559326171875,140.1439666748047,569.1381225585938,262.510009765625,36087100,27930800.0,32138600.0,10925100.0,14882400,173586700.0,30174700,107653600.0
2024-10-29,231.7315216064453,190.8300018310547,168.49679565429688,589.88623046875,425.2326354980469,140.8719940185547,570.0591430664062,259.5199890136719,35417200,35690200.0,42169000.0,13019100.0,17644100,157593600.0,42899700,80521800.0
2024-10-30,228.19113159179688,192.72999572753906,173.24346923828125,588.41455078125,425.8035888671875,138.96710205078125,568.3345947265625,257.54998779296875,47070900,37707600.0,68890800.0,26864900.0,29749100,179418100.0,41435800,53993600.0
2024-10-31,224.03590393066406,186.39999389648438,169.91680908203125,564.3331298828125,400.03070068359375,132.40472412109375,557.1934814453125,249.85000610351562,64370100,75146800.0,44769000.0,26838400.0,53971000,270039600.0,60182500,66575300.0
2024-11-01,221.06077575683594,197.92999267578125,170.0955352783203,563.91552734375,403.9881591796875,135.03765869140625,559.545166015625,248.97999572753906,65276700,99687800.0,31796500.0,15303200.0,24230400,207127800.0,45667500,57544800.0
2024-11-04,220.16824340820312,195.77999877929688,168.0598602294922,557.4727172851562,402.10791015625,135.6859130859375,558.3399658203125,242.83999633789062,44944500,38492100.0,21492700.0,12064600.0,19672300,187528200.0,38217000,68802400.0
2024-11-05,221.59628295898438,199.5,168.55638122558594,569.1553955078125,405.061279296875,139.53558349609375,565.0912475585938,251.44000244140625,28111300,30564800.0,18242100.0,9775400.0,17626000,160537400.0,39478300,69282500.0
2024-11-06,220.87237548828125,207.08999633789062,175.27915954589844,568.777587890625,413.6456604003906,145.22032165527344,579.1425170898438,288.5299987792969,54561100,72292200.0,33695500.0,18305400.0,26681800,242043900.0,68182000,165228700.0
2024-11-07,225.59288024902344,210.0500030517578,179.4895782470703,588.3152465820312,418.8139953613281,148.4816131591797,583.62060546875,296.9100036621094,42137700,52878400.0,25352900.0,14653700.0,19901800,207323300.0,47233200,117309200.0
2024-11-08,225.3248291015625,208.17999267578125,177.10633850097656,585.96875,415.968994140625,147.23492431640625,586.148681640625,321.2200012207031,38328800,36075800.0,22006200.0,9415700.0,16891400,175665800.0,46444900,204782800.0
2024-11-11,222.61448669433594,206.83999633789062,179.0924072265625,579.833984375,411.5093994140625,144.87127685546875,586.7072143554688,350.0,42005600,35456000.0,17450400.0,10209100.0,24503300,182325600.0,37586800,210521600.0
2024-11-12,222.61448669433594,208.91000366210938,180.35353088378906,581.4745483398438,416.4512939453125,147.8931427001953,584.8846435546875,328.489990234375,40398300,38942900.0,25134900.0,16287700.0,19401200,198634700.0,43006100,155726000.0
2024-11-13,223.49807739257812,214.10000610351562,177.6326446533203,576.68212890625,418.58758544921875,145.8785858154297,585.1688842773438,330.239990234375,48566200,46212900.0,23184000.0,10757600.0,21502200,191903300.0,47388600,125405600.0
2024-11-14,226.57574462890625,211.47999572753906,174.35565185546875,573.8583374023438,420.2513122558594,146.3672637939453,581.4060668945312,311.17999267578125,44923900,42620300.0,31007500.0,11053700.0,30246900,194463300.0,38904100,120726100.0
2024-11-15,223.37893676757812,202.61000061035156,171.28721618652344,550.9103393554688,408.5461730957031,141.60003662109375,573.9590454101562,320.7200012207031,47923700,86591100.0,32504600.0,17712900.0,28247600,250132900.0,75988800,114440300.0
2024-11-18,226.37718200683594,201.6999969482422,174.07760620117188,551.2285766601562,409.29443359375,139.77493286132812,576.310791015625,338.739990234375,44633700,36409900.0,20135300.0,14327300.0,24727000,221205300.0,37001700,126085600.0
2024-11-19,226.6352996826172,204.61000061035156,176.8779296875,557.88037109375,411.2928466796875,146.61659240722656,578.4175415039062,346.0,36211800,31197900.0,23434900.0,9522400.0,18133500,227834900.0,49412000,88852500.0
2024-11-20,227.35012817382812,202.8800048828125,174.7528533935547,562.2849731445312,409.028564453125,145.4995880126953,578.6134643554688,342.0299987792969,35169600,32769000.0,18997100.0,9797300.0,19191700,309871700.0,50032600,66340700.0
2024-11-21,226.8735809326172,198.3800048828125,166.4611053466797,559.8688354492188,407.26287841796875,146.2775115966797,581.7196655273438,339.6400146484375,42108300,58800000.0,59734400.0,11154700.0,20780200,400946600.0,46750300,58011700.0
2024-11-22,228.21383666992188,197.1199951171875,163.611083984375,555.9414672851562,411.3367919921875,141.57012939453125,583.5225830078125,352.55999755859375,38168300,31530800.0,38604600.0,9164000.0,24814600,236406200.0,38226400,89140700.0
2024-11-25,231.19223022460938,201.4499969482422,166.48094177246094,561.8773193359375,413.1025390625,135.65599060058594,585.5020141601562,338.5899963378906,90152800,40685700.0,33135300.0,13599800.0,27691100,344941900.0,42441400,95890900.0
2024-11-26,233.366455078125,207.86000061035156,167.94068908691406,570.2590942382812,422.17755126953125,136.5535888671875,588.5592651367188,338.2300109863281,45986200,41673700.0,20486700.0,10356600.0,23458900,190287700.0,45621300,62295900.0
2024-11-27,233.2373809814453,205.74000549316406,168.04991149902344,565.9440307617188,417.2454528808594,134.9778289794922,586.7757568359375,332.8900146484375,33498400,28061600.0,19266500.0,7200200.0,18332400,226370900.0,34000200,57896400.0
2024-11-29,235.62008666992188,207.88999938964844,167.77188110351562,571.0345458984375,417.7090759277344,137.88003540039062,590.4208984375,345.1600036621094,28481400,24892400.0,14257200.0,7130500.0,16271900,141863200.0,30177400,37167600.0
2024-12-02,237.86383056640625,210.7100067138672,170.29415893554688,589.4388427734375,425.1269836425781,138.259033203125,591.4791259765625,357.0899963378906,48137100,39523200.0,23789100.0,12522400.0,20207200,171682800.0,31746000,77986500.0
2024-12-03,240.90176391601562,213.44000244140625,170.14520263671875,610.1397094726562,425.343994140625,139.88467407226562,591.7534790039062,351.4200134277344,38861000,32214800.0,22248700.0,14907200.0,18302000,164414000.0,26906600,58267200.0
2024-12-04,241.25917053222656,218.16000366210938,173.1540985107422,610.2688598632812,431.4794921875,144.75161743164062,595.427978515625,357.92999267578125,44383900,48745700.0,31615100.0,14697000.0,26009400,231224300.0,42787600,50810900.0
2024-12-05,241.28897094726562,220.5500030517578,171.43614196777344,605.4466552734375,436.6088562011719,144.68177795410156,594.4481201171875,369.489990234375,40033900,41140200.0,21356200.0,8081200.0,21697800,172621200.0,28762200,81403600.0
2024-12-06,241.09039306640625,227.02999877929688,173.49171447753906,620.2017822265625,437.5459899902344,142.06863403320312,595.5750122070312,389.2200012207031,36870600,44178100.0,21462400.0,16935500.0,18821000,188505600.0,31241500,81455800.0
2024-12-09,244.97222900390625,226.08999633789062,174.3466796875,610.0601196289062,439.9626770019531,138.4480438232422,592.5079345703125,389.7900085449219,44649200,46819400.0,25389600.0,11426000.0,19144400,189308600.0,34742700,96359200.0
2024-12-10,245.9849090576172,225.0399932861328,184.08953857421875,615.7772827148438,437.3092041015625,134.7178192138672,590.6658935546875,400.989990234375,36914800,31199900.0,54813000.0,10938900.0,18469500,210020900.0,37234500,97563600.0
2024-12-11,244.714111328125,230.25999450683594,194.2598114013672,629.0607299804688,442.89239501953125,138.94676208496094,595.2321166992188,424.7699890136719,45205800,35385800.0,67894100.0,10837200.0,19200200,184905200.0,28677700,104287600.0
2024-12-12,246.17349243164062,228.97000122070312,190.83990478515625,627.1815185546875,443.45458984375,136.98190307617188,592.1651000976562,418.1000061035156,32777500,28204100.0,34817500.0,7474700.0,20834800,159211400.0,31543800,87752200.0
2024-12-13,246.34228515625,227.4600067138672,188.71240234375,616.8013305664062,441.1957092285156,133.8999481201172,592.0475463867188,436.2300109863281,33155300,28768100.0,25143500.0,8453300.0,20177800,231514900.0,35904700,89000200.0
2024-12-16,249.2313232421875,232.92999267578125,195.51246643066406,621.1697387695312,445.4570617675781,131.6558074951172,594.5755615234375,463.0199890136719,51694800,37552100.0,44934900.0,10885600.0,23598800,237951100.0,43695200,114083800.0
2024-12-17,251.65374755859375,231.14999389648438,194.27969360351562,616.393310546875,448.2880554199219,130.05001831054688,592.1257934570312,479.8599853515625,51356400,35948100.0,43504000.0,12897800.0,22733500,259410300.0,55773500,131223000.0
2024-12-18,246.26287841796875,220.52000427246094,187.30064392089844,594.2528076171875,431.4499206542969,128.57388305664062,574.4784545898438,440.1300048828125,56774100,43281400.0,34166100.0,17075500.0,24444500,277444500.0,108248700,149340800.0
2024-12-19,247.9903106689453,223.2899932861328,187.41001892089844,592.6406860351562,431.0947570800781,130.33924865722656,574.302001953125,436.1700134277344,60882300,39918700.0,32265200.0,14958100.0,22963700,209719200.0,85919500,118566100.0
2024-12-20,252.65647888183594,224.9199981689453,190.29310607910156,582.3715209960938,430.6706237792969,134.34878540039062,581.1998901367188,421.05999755859375,147495300,88279200.0,63462900.0,48989400.0,64263700,306528600.0,125716700,132216200.0
2024-12-23,253.43084716796875,225.05999755859375,193.49432373046875,596.899658203125,429.3389587402344,139.30581665039062,584.6803588867188,430.6000061035156,40858800,28070000.0,25675000.0,10205800.0,19152500,176053500.0,57635800,72698100.0
2024-12-24,256.3397216796875,229.0500030517578,194.96568298339844,604.7608642578125,433.3635559082031,139.85440063476562,591.1790771484375,462.2799987792969,23234700,15007500.0,10403300.0,4726100.0,7164500,105157000.0,33160100,59551800.0
2024-12-26,257.15380859375,227.0500030517578,194.45867919921875,600.3824462890625,432.1600646972656,139.5651397705078,591.2184448242188,454.1300048828125,27237100,16146700.0,12046600.0,6081400.0,8194200,116205600.0,41219100,76366400.0
2024-12-27,253.74855041503906,223.75,191.63522338867188,596.85986328125,424.68310546875,136.6527557373047,584.9949340820312,431.6600036621094,42355300,27367100.0,18891400.0,8084200.0,18117700,170582600.0,64969300,82666800.0
2024-12-30,250.38296508789062,221.3000030517578,190.12411499023438,588.3319702148438,419.0604553222656,137.1315155029297,578.3192138671875,417.4100036621094,35557500,28321200.0,14264700.0,7025900.0,13158700,167734700.0,56578800,64941000.0
2024-12-31,248.61578369140625,219.38999938964844,188.19541931152344,582.6302490234375,415.77569580078125,133.93984985351562,576.2152709960938,403.8399963378906,39480700,24819700.0,17466900.0,6019500.0,13246500,155659200.0,57052700,76825100.0
2025-01-02,242.0931396484375,220.22000122070312,188.3246307373047,596.2926635742188,412.8953552246094,137.9493865966797,574.799560546875,379.2799987792969,55740700,33956600.0,20370800.0,12682300.0,16896500,198247200.0,50204000,109710700.0
2025-01-03,241.60665893554688,224.19000244140625,190.67086791992188,601.6560668945312,417.6005859375,144.0933074951172,581.9864501953125,410.44000244140625,40244100,27515600.0,18596200.0,11436800.0,16662900,229322500.0,37888500,95423300.0
2025-01-06,243.23484802246094,227.61000061035156,195.7212371826172,627.1004028320312,422.0394592285156,149.04037475585938,585.3390502929688,411.04998779296875,45045600,31849800.0,29563600.0,14560800.0,20573600,265377400.0,47679400,85516500.0
2025-01-07,240.46493530273438,222.11000061035156,194.3492889404297,614.8509521484375,416.63385009765625,139.77459716796875,578.722412109375,394.3599853515625,40856000,28084200.0,26487200.0,12071500.0,18139100,351782200.0,60393100,75699500.0
2025-01-08,240.95140075683594,222.1300048828125,192.8182830810547,607.7161865234375,418.79412841796875,139.7446746826172,579.56787109375,394.94000244140625,37628900,25033300.0,24864800.0,10085800.0,15054600,227349900.0,47304700,73038800.0
2025-01-10,235.14356994628906,218.94000244140625,190.91943359375,612.8308715820312,413.2602844238281,135.55564880371094,570.7192993164062,394.739990234375,61710900,36811500.0,26665200.0,19256600.0,20201100,207602500.0,73105000,62287300.0
2025-01-13,232.71121215820312,218.4600067138672,189.89544677734375,605.3379516601562,411.52423095703125,132.88262939453125,571.6041870117188,403.30999755859375,49630700,27262700.0,21823700.0,10785000.0,17604800,204808900.0,47910100,67580500.0
2025-01-14,231.5992889404297,217.75999450683594,188.55332946777344,591.3271484375,410.02490234375,131.4164581298828,572.3906860351562,396.3599853515625,39435300,24711700.0,17174900.0,13598000.0,16935900,195590500.0,48420600,84565000.0
2025-01-15,236.1562042236328,223.35000610351562,194.40896606445312,614.084716796875,420.52032470703125,135.88478088378906,582.8025512695312,428.2200012207031,39832000,31291300.0,21776000.0,15524300.0,19637800,185217300.0,56900200,81375500.0
2025-01-16,226.61544799804688,220.66000366210938,191.7843780517578,608.2933349609375,418.8138122558594,133.22174072265625,581.6817016601562,413.82000732421875,71759100,24757300.0,17815400.0,8355300.0,15300000,209235600.0,43319700,68335200.0
2025-01-17,228.3230438232422,225.94000244140625,194.85630798339844,609.756103515625,423.2033996582031,137.35093688964844,587.5216674804688,426.5,68488300,42370100.0,27735100.0,17280600.0,26197500,201188800.0,58070600,94991400.0
2025-01-21,221.0359344482422,230.7100067138672,196.89434814453125,613.4280395507812,422.68060302734375,140.4628143310547,592.8995971679688,424.07000732421875,98070400,39951500.0,29971300.0,11674000.0,26085700,197749000.0,42532900,87320900.0
2025-01-22,222.21737670898438,235.00999450683594,197.2124786376953,620.4332885742188,440.1402893066406,146.68655395507812,596.2326049804688,415.1099853515625,64126500,41448200.0,26200600.0,12274000.0,27803800,237651400.0,48196000,60963300.0
2025-01-23,222.04861450195312,235.4199981689453,196.8247833251953,633.3197021484375,440.643310546875,146.83615112304688,599.4868774414062,412.3800048828125,60234800,26404400.0,26951400.0,9910200.0,18389300,155915500.0,41152100,50690600.0
2025-01-24,221.1749267578125,234.85000610351562,199.04176330566406,644.3053588867188,438.0293273925781,142.2481231689453,597.7367553710938,406.5799865722656,54697900,25890700.0,23877500.0,19065300.0,15549500,234657600.0,34604700,56427100.0
2025-01-27,228.2039337158203,235.4199981689453,190.6907958984375,656.6343994140625,428.6583251953125,118.11123657226562,589.2816772460938,397.1499938964844,94863400,49428300.0,41728900.0,28399200.0,35647800,818830900.0,70361100,58125500.0
2025-01-28,236.5433807373047,238.14999389648438,194.16041564941406,671.0133666992188,441.1266784667969,128.65370178222656,594.344970703125,398.0899963378906,75707600,41587200.0,24157900.0,20950100.0,23491700,579666400.0,44433300,48910700.0
2025-01-29,237.63548278808594,237.07000732421875,194.269775390625,673.1627197265625,436.3227844238281,123.37747192382812,591.680419921875,389.1000061035156,45486100,26091700.0,18218300.0,21377800.0,23581400,467120600.0,37177400,68033600.0
2025-01-30,235.87820434570312,234.63999938964844,199.69790649414062,683.6210327148438,409.3540954589844,124.32500457763672,594.8561401367188,400.2799987792969,55658300,32020700.0,24354700.0,29322900.0,54586300,392925500.0,39281300,98092900.0
2025-01-31,234.2996826171875,237.67999267578125,202.82952880859375,685.7903442382812,409.4231262207031,119.7569351196289,591.6903686523438,404.6000061035156,100959800,36110200.0,32001100.0,19303900.0,34161900,388161100.0,66566900,83283600.0
2025-02-03,226.36724853515625,237.4199981689453,200.05580139160156,694.0296020507812,405.3394470214844,116.3558349609375,587.70849609375,383.67999267578125,73063300,37285900.0,27838300.0,21415700.0,25679100,371235700.0,65857200,93732100.0
2025-02-04,231.1227264404297,242.05999755859375,205.17578125,700.7265014648438,406.7696838378906,118.34063720703125,591.651123046875,392.2099914550781,45067300,29713800.0,43856400.0,13826300.0,20532100,256550000.0,33457800,57072200.0
2025-02-05,230.79510498046875,236.1699981689453,190.2135772705078,701.4031982421875,407.6771545410156,124.5045166015625,594.0498657226562,378.1700134277344,39620300,38727300.0,70373900.0,17778200.0,16316700,262230800.0,30653100,57223300.0
2025-02-06,231.53970336914062,238.8300018310547,190.48199462890625,708.4880981445312,410.1728210449219,128.34446716308594,596.1146240234375,374.32000732421875,29925300,60897100.0,29297400.0,13080700.0,16309800,251483600.0,35771500,77918200.0
2025-02-07,225.99002075195312,229.14999389648438,184.25852966308594,711.0056762695312,404.1852722167969,129.50144958496094,590.6580200195312,361.6199951171875,39707200,77539300.0,49315000.0,16427100.0,22886800,228186300.0,50788500,70298300.0
2025-02-10,226.25831604003906,233.13999938964844,185.38194274902344,713.8715209960938,406.6217041015625,133.22174072265625,594.6693725585938,350.7300109863281,33115600,35419900.0,23105600.0,12904300.0,20817900,216989100.0,26048700,77514900.0
2025-02-11,231.1979522705078,232.75999450683594,184.23866271972656,716.2597045898438,405.8523254394531,132.45376586914062,595.12158203125,328.5,53718400,23713700.0,21239500.0,12998000.0,18140600,178902400.0,30056700,118543400.0
2025-02-12,235.42196655273438,228.92999267578125,182.53860473632812,721.812255859375,403.4849548339844,130.79806518554688,593.2044067382812,336.510009765625,45243300,32285200.0,22072600.0,12016500.0,19121700,160278600.0,45076100,105382700.0
2025-02-13,240.05348205566406,230.3699951171875,185.05386352539062,724.9766845703125,404.9645080566406,134.937255859375,599.4672241210938,355.94000244140625,53614100,31346500.0,21402500.0,12569100.0,23891700,197430000.0,40921300,89441500.0
2025-02-14,243.10472106933594,228.67999267578125,184.14915466308594,733.0466918945312,402.8831787109375,138.4879608154297,599.4376831054688,355.8399963378906,40896200,27031100.0,20448400.0,16901200.0,22758500,195479600.0,26910400,68277300.0
2025-02-18,242.9755401611328,226.64999389648438,182.6976776123047,712.8466186523438,404.0767517089844,139.0365447998047,601.197509765625,354.1099853515625,48822500,42975100.0,29916700.0,21938700.0,21423100,219176600.0,26749000,51631700.0
2025-02-19,243.373046875,226.6300048828125,184.18893432617188,700.30859375,409.1370849609375,138.86697387695312,602.6133422851562,360.55999755859375,32204200,28566700.0,19549400.0,17535500.0,24114200,167536000.0,31011100,67094400.0
2025-02-20,244.3271942138672,222.8800048828125,183.4830780029297,691.4225463867188,411.30169677734375,139.7446746826172,600.1062622070312,354.3999938964844,32316900,30001700.0,20441500.0,12587400.0,23508700,143903600.0,36554000,45965400.0
2025-02-21,244.04891967773438,216.5800018310547,178.61167907714844,680.18798828125,403.4735412597656,134.07948303222656,589.842041015625,337.79998779296875,53197400,55323900.0,35199200.0,15660400.0,27524800,228217600.0,76519800,74058600.0
2025-02-24,245.58944702148438,212.7100067138672,178.20407104492188,664.8438720703125,399.31243896484375,129.94032287597656,587.1580200195312,330.5299987792969,51326400,42387600.0,29854200.0,15677000.0,26443700,251381100.0,50737200,76052300.0
2025-02-25,245.52980041503906,212.8000030517578,174.39639282226562,654.2660522460938,393.2831726074219,126.2998275756836,584.2378540039062,302.79998779296875,48013300,58958000.0,41913400.0,20579700.0,29387400,271428700.0,58266500,134228800.0
2025-02-26,238.89065551757812,214.35000610351562,171.72210693359375,670.386474609375,395.09197998046875,130.93771362304688,584.5328979492188,290.79998779296875,44433600,39120600.0,35431300.0,14488700.0,19619000,322553800.0,43321600,100118300.0
2025-02-27,235.84933471679688,208.74000549316406,167.51678466796875,655.0025024414062,387.97552490234375,119.83673095703125,575.20263671875,281.95001220703125,41153600,40548600.0,39991000.0,12500000.0,21127400,443175800.0,74196700,101748200.0
2025-02-28,240.361572265625,212.27999877929688,169.28640747070312,664.9135131835938,392.3837585449219,124.59428405761719,584.178955078125,292.9800109863281,56833400,51771700.0,48130600.0,17534200.0,32845700,389091100.0,88744100,115697000.0
2025-03-03,236.5748748779297,205.02000427246094,166.03546142578125,651.8281860351562,383.98236083984375,113.76260375976562,573.9441528320312,284.6499938964844,47184000,42948400.0,40770500.0,10843800.0,23007700,411381400.0,74249200,115551400.0
2025-03-04,234.4877166748047,203.8000030517578,169.9226837158203,636.8521728515625,384.1009826660156,115.68756866455078,567.1504516601562,272.0400085449219,53798100,60853100.0,45388000.0,21495200.0,29342900,398163300.0,109648200,126706600.0
2025-03-05,234.2989044189453,208.36000061035156,172.01040649414062,653.2410888671875,396.36700439453125,116.99415588378906,573.2461547851562,279.1000061035156,47227600,38610100.0,30954900.0,13770000.0,23433100,284337900.0,71230500,94042900.0
2025-03-06,233.8914031982422,200.6999969482422,171.34432983398438,624.8416137695312,392.28497314453125,110.28170776367188,563.0703125,263.45001220703125,45170400,49863800.0,28302000.0,13446500.0,23304600,321181900.0,80094900,98451600.0
2025-03-07,237.60853576660156,199.25,172.84552001953125,622.582763671875,388.7464599609375,112.39618682861328,566.2262573242188,262.6700134277344,46273600,59802800.0,27385800.0,21375700.0,22034100,341755500.0,81158800,102369600.0
2025-03-10,226.08938598632812,194.5399932861328,165.092041015625,595.048828125,375.7490234375,106.70106506347656,551.14453125,222.14999389648438,72071200,62350900.0,43604000.0,21999900.0,32840100,366487400.0,99326600,189076900.0
2025-03-11,219.48997497558594,196.58999633789062,163.2706298828125,602.7308349609375,376.03570556640625,108.47642517089844,546.5628662109375,230.5800018310547,76137400,54002900.0,39587400.0,17401500.0,30380200,354865700.0,88102100,174896400.0
2025-03-12,215.65357971191406,198.88999938964844,166.3262481689453,616.5126953125,378.82293701171875,115.4488525390625,549.4631958007812,248.08999633789062,62547500,43679300.0,28372400.0,15747000.0,24253600,323857500.0,69588200,142215700.0
2025-03-13,208.39817810058594,193.88999938964844,161.99664306640625,587.7349243164062,374.3751220703125,115.28925323486328,542.1386108398438,240.67999267578125,61368300,41270800.0,31756200.0,16480300.0,20473000,299033100.0,74079400,114813500.0
2025-03-14,212.18490600585938,197.9499969482422,164.7138214111328,605.1494750976562,384.05157470703125,121.36392974853516,553.3370361328125,249.97999572753906,60107600,38096700.0,31995900.0,12364500.0,19952800,277593500.0,62660300,100242300.0
2025-03-17,212.6917724609375,195.74000549316406,163.51943969726562,602.4603881835938,384.1899108886719,119.22930908203125,557.6038818359375,238.00999450683594,48073400,47341800.0,31184300.0,15473900.0,22474300,255501500.0,49008700,111900600.0
2025-03-18,211.38978576660156,192.82000732421875,159.91644287109375,580.01123046875,379.0700378417969,115.1396255493164,551.5770874023438,225.30999755859375,42432400,40414900.0,42074800.0,20297700.0,19486900,299686900.0,66041400,111477600.0
2025-03-19,213.9241943359375,195.5399932861328,163.121337890625,581.7044677734375,383.3201904296875,117.22435760498047,557.584228515625,235.86000061035156,54385400,39442900.0,34275600.0,20537500.0,19185500,273426200.0,66556000,111993800.0
2025-03-20,212.7911834716797,194.9499969482422,162.0364532470703,583.636474609375,382.3515319824219,118.23181915283203,555.9718627929688,236.25999450683594,48862900,38921100.0,28138500.0,24336500.0,18470500,248829700.0,62958200,99028300.0
2025-03-21,216.93568420410156,196.2100067138672,163.2208709716797,593.8452758789062,386.7202453613281,117.4039077758789,556.1552734375,248.7100067138672,94127800,60056900.0,36625800.0,25015900.0,39675900,266498500.0,83763000,132728700.0
2025-03-24,219.38064575195312,203.25999450683594,166.89356994628906,616.3540649414062,388.51910400390625,121.1045913696289,566.1151123046875,278.3900146484375,44299500,41625400.0,30879100.0,15741300.0,21004500,228452500.0,58766800,169079900.0
2025-03-25,222.3822021484375,205.7100067138672,169.7600555419922,623.7840576171875,390.57501220703125,120.38639831542969,567.4760131835938,288.1400146484375,34493600,31171200.0,24174400.0,15312500.0,15775000,167447200.0,38355700,150361500.0
2025-03-26,220.1757354736328,201.1300048828125,164.28582763671875,608.515869140625,385.4452209472656,113.47382354736328,560.7012939453125,272.05999755859375,34466100,32855300.0,28901600.0,12609800.0,16108400,293463300.0,51848300,153629800.0
2025-03-27,222.48158264160156,201.36000061035156,161.4790802001953,600.1497192382812,386.0481262207031,111.14969635009766,559.2122802734375,273.1300048828125,37094800,27317700.0,24508300.0,10436500.0,13766800,236902100.0,42164200,162572100.0
2025-03-28,216.5679168701172,192.72000122070312,153.60617065429688,574.4139404296875,374.40478515625,109.39411926269531,547.95068359375,263.54998779296875,39818600,52548200.0,48669300.0,17602800.0,21632000,229872500.0,71662700,123809400.0
2025-03-31,220.7720947265625,190.25999450683594,153.9147186279297,574.035400390625,371.0343933105469,108.10735321044922,551.62890625,259.1600036621094,65299300,63547600.0,54603500.0,21124700.0,35184700,299212700.0,95328200,134008900.0
2025-04-01,221.82559204101562,192.1699981689453,156.33334350585938,583.636474609375,377.7554931640625,109.8729019165039,553.18701171875,268.4599914550781,36412700,41267300.0,30672900.0,12836600.0,19689500,222614000.0,54609600,146486900.0
2025-04-02,222.5213165283203,196.00999450683594,156.303466796875,581.5748901367188,377.7060852050781,110.14222717285156,556.6878051757812,282.760009765625,35905900,53679200.0,25041700.0,13470800.0,16092600,220601200.0,76014500,212787800.0
2025-04-03,201.9478759765625,178.41000366210938,150.01309204101562,529.4758911132812,368.78082275390625,101.54391479492188,529.2537841796875,267.2799987792969,103419000,95553600.0,46883400.0,34777500.0,30198000,338769400.0,125986000,136174300.0
2025-04-04,187.22842407226562,171.0,144.91712951660156,502.6943664550781,355.66485595703125,94.07275390625,498.2696838378906,239.42999267578125,125910900,123159400.0,62259500.0,38589800.0,49209900,532273800.0,217965100,181229400.0
2025-04-07,180.3507080078125,175.25999450683594,146.0617218017578,514.1678466796875,353.7077941894531,97.39437103271484,497.38214111328125,233.2899932861328,160466300,109327100.0,76794100.0,36606100.0,50425000,611041300.0,256611400,183453800.0
2025-04-08,171.36598205566406,170.66000366210938,144.02133178710938,508.39129638671875,350.446044921875,96.05775451660156,489.591796875,221.86000061035156,120859500,87710400.0,52200200.0,28034200.0,35868900,476243400.0,165816600,171603500.0
2025-04-09,197.6343994140625,191.10000610351562,157.9656524658203,583.4075317382812,385.95916748046875,114.04238891601562,541.0084228515625,272.20001220703125,184395900,116804300.0,70406200.0,39216600.0,50199700,612918300.0,241867300,219433400.0
2025-04-10,189.25592041015625,181.22000122070312,152.10325622558594,544.0867309570312,376.9252624511719,107.29940032958984,517.3019409179688,252.39999389648438,121880000,68302000.0,48022000.0,28173500.0,38024400,437812400.0,162331200,181722600.0
2025-04-11,196.93865966796875,184.8699951171875,156.40298461914062,541.3777465820312,383.9429016113281,110.65094757080078,526.5320434570312,252.30999755859375,87435900,50594300.0,33636200.0,17642300.0,23839200,313417300.0,97866300,128948100.0
2025-04-14,201.28196716308594,182.1199951171875,158.32395935058594,529.3364868164062,383.310302734375,110.4314956665039,531.64013671875,252.35000610351562,101352900,48002500.0,30333000.0,14130900.0,19251200,264705000.0,68034000,100135200.0
2025-04-15,200.90428161621094,179.58999633789062,155.57688903808594,519.4166870117188,381.25445556640625,111.9177474975586,530.151123046875,254.11000061035156,51343900,43642000.0,27551500.0,15558700.0,17199900,228966900.0,56892900,79594300.0
2025-04-16,193.0823974609375,174.3300018310547,152.6108856201172,500.2840881347656,367.2982482910156,104.22714233398438,518.366943359375,241.5500030517578,59732400,51875300.0,28187400.0,18735100.0,21967800,397016900.0,83484800,112378700.0
2025-04-17,195.77581787109375,172.61000061035156,150.45103454589844,499.45745849609375,363.5126953125,101.23468780517578,519.1065063476562,241.3699951171875,52164700,44726500.0,33046600.0,14593500.0,21120200,292517500.0,79868100,83404800.0
2025-04-21,191.9791717529297,167.32000732421875,146.97738647460938,482.705322265625,354.9531555175781,96.66621398925781,506.7503356933594,227.5,46742500,48126100.0,26049100.0,16166000.0,20807300,288501100.0,69368100,97768000.0
2025-04-22,198.5189666748047,173.17999267578125,150.75958251953125,498.2622985839844,362.5638122558594,98.64122009277344,519.9349365234375,237.97000122070312,52976400,56607200.0,26971800.0,17399400.0,19485000,241004800.0,75948100,120858500.0
2025-04-23,203.34925842285156,180.60000610351562,154.62139892578125,518.1716918945312,370.0459899902344,102.45161437988281,527.9915161132812,250.74000549316406,52929200,63470100.0,31128800.0,18173900.0,20545500,247526000.0,90590700,150381900.0
2025-04-24,207.09619140625,186.5399932861328,158.53297424316406,530.9998168945312,382.8061828613281,106.1622543334961,539.105224609375,259.510009765625,47311000,43763200.0,45894000.0,13910000.0,22232300,220815000.0,64150400,94464200.0
2025-04-25,208.0006561279297,188.99000549316406,161.20040893554688,545.0628051757812,387.30340576171875,110.73075103759766,543.0003662109375,284.95001220703125,38222300,36414300.0,56034000.0,17098900.0,18973200,251064700.0,61119600,167560700.0
2025-04-28,208.85537719726562,187.6999969482422,159.85671997070312,547.5228271484375,386.62139892578125,108.45648193359375,543.2073974609375,285.8800048828125,38743100,33224700.0,29745800.0,15179000.0,16579400,207708500.0,47613800,151731800.0
2025-04-29,209.91885375976562,187.38999938964844,159.40882873535156,552.203857421875,389.468017578125,108.7457504272461,546.6292114257812,292.0299987792969,36827600,41667300.0,26809000.0,11835000.0,14974000,170444300.0,47775100,108906600.0
2025-04-30,211.2009735107422,184.4199981689453,158.0552215576172,546.7858276367188,390.6738586425781,108.64599609375,546.8462524414062,282.1600036621094,52286500,55176500.0,34981100.0,29244000.0,36461100,235044600.0,93101500,128961100.0
2025-05-01,212.0159454345703,190.1999969482422,160.5435028076172,569.9022827148438,420.464111328125,111.32923126220703,550.7217407226562,280.5199890136719,57365700,74266000.0,30203200.0,31159000.0,58938100,236121500.0,63186100,99659000.0
2025-05-02,204.09466552734375,189.97999572753906,163.2606658935547,594.6121826171875,430.2294921875,114.21197509765625,558.8966674804688,287.2099914550781,101010600,77903500.0,25715000.0,24739300.0,30757400,190194800.0,60717300,114454700.0
2025-05-05,197.67416381835938,186.35000610351562,163.43983459472656,596.8531494140625,431.1091613769531,113.53367614746094,555.6917724609375,280.260009765625,69018500,35217500.0,21341800.0,13887700.0,20136100,133163200.0,38659200,94618900.0
2025-05-06,197.29649353027344,185.00999450683594,162.46441650390625,584.9413452148438,428.2823486328125,113.25438690185547,551.047119140625,275.3500061035156,51216500,29314100.0,21277200.0,10600700.0,15104200,158525600.0,48264700,76715800.0
2025-05-07,195.05027770996094,188.7100067138672,150.67001342773438,594.4030151367188,428.3218688964844,116.7655258178711,553.3645629882812,276.2200012207031,68536700,43948600.0,127490100.0,13139100.0,23295300,206758800.0,55588000,71592600.0
2025-05-08,196.28271484375,192.0800018310547,153.556396484375,595.5982055664062,433.08599853515625,117.07474517822266,557.2202758789062,284.82000732421875,50478900,41043600.0,57498700.0,14622800.0,23491300,198428100.0,65130800,97539400.0
2025-05-09,197.31634521484375,193.05999755859375,152.03358459472656,590.1004028320312,433.63946533203125,116.35655975341797,556.5103149414062,298.260009765625,36453900,29663100.0,32435300.0,10427300.0,15324200,132972200.0,37603400,132387800.0
2025-05-12,209.776123046875,208.63999938964844,157.716796875,636.85107421875,444.0472412109375,122.69058990478516,574.9015502929688,318.3800048828125,63775800,75205000.0,44138800.0,21965100.0,22821900,225023300.0,78993600,112826700.0
2025-05-13,211.9058380126953,211.3699951171875,158.7817840576172,653.3841552734375,443.9286804199219,129.6031494140625,578.6981201171875,334.07000732421875,51909300,56193700.0,42382100.0,18570800.0,23618800,330430100.0,67947200,136992600.0
2025-05-14,211.30874633789062,210.25,164.59439086914062,656.7007446289062,447.6845703125,134.99954223632812,579.437744140625,347.67999267578125,49325800,38492100.0,48755900.0,12348200.0,19902800,281180800.0,66283500,136997300.0
2025-05-15,210.43296813964844,205.1699981689453,163.19102478027344,641.283203125,448.6946105957031,134.49081420898438,582.267822265625,342.82000732421875,45029500,64347300.0,33146700.0,14341800.0,21992300,226632600.0,71268100,97882600.0
2025-05-16,210.24386596679688,205.58999633789062,165.41055297851562,637.7574462890625,449.8234558105469,135.0593719482422,585.9559326171875,349.9800109863281,54737900,43318500.0,42846900.0,18519000.0,23849800,226542500.0,76052100,95895700.0
2025-05-19,207.7758026123047,206.16000366210938,165.75889587402344,637.8471069335938,454.3783874511719,135.22897338867188,586.5969848632812,342.0899963378906,46140500,34314800.0,30426100.0,9592400.0,21336500,193154600.0,68168500,88869900.0
2025-05-20,205.8650360107422,204.07000732421875,163.21092224121094,634.5304565429688,453.6852722167969,134.0419464111328,584.6246948242188,343.82000732421875,42496600,29470400.0,46607700.0,6743500.0,15441800,161514200.0,60614500,131715500.0
2025-05-21,201.11798095703125,201.1199951171875,167.76942443847656,632.9368896484375,448.14007568359375,131.46844482421875,574.7733154296875,334.6199951171875,59211800,42460900.0,73416000.0,11464600.0,19216900,270608700.0,95197700,102354800.0
2025-05-22,200.39151000976562,203.10000610351562,170.06858825683594,634.0025634765625,450.4076843261719,132.495849609375,575.0001220703125,341.0400085449219,46742400,38938900.0,74864400.0,8228400.0,18025600,187344000.0,70860400,97113400.0
2025-05-23,194.33078002929688,200.99000549316406,167.67984008789062,624.5309448242188,445.77349853515625,130.959716796875,571.0753784179688,339.3399963378906,78432900,33393500.0,35211400.0,8454100.0,16883500,198821300.0,76029000,84654800.0
2025-05-27,199.2470245361328,206.02000427246094,172.08908081054688,639.7294921875,456.1805725097656,135.1591339111328,582.9483032226562,362.8900146484375,56288500,34892000.0,37995700.0,9508400.0,20974300,192953600.0,72588500,120146400.0
2025-05-28,199.4560089111328,204.72000122070312,171.5516357421875,640.984375,452.8832092285156,134.47085571289062,579.5757446289062,356.8999938964844,45339700,28549800.0,34784000.0,9042900.0,17086300,304021100.0,68445500,91404300.0
2025-05-29,198.98826599121094,205.6999969482422,171.053955078125,642.4483642578125,454.1902770996094,138.83987426757812,581.8635864257812,358.42999267578125,51396800,34650000.0,29317300.0,8858800.0,13974800,369241900.0,69973300,88087800.0
2025-05-30,199.88394165039062,205.00999450683594,170.9345245361328,644.8786010742188,455.8537902832031,134.79006958007812,581.2127685546875,346.4599914550781,70819900,51679400.0,52639900.0,16241000.0,34770500,333170900.0,90601200,123474900.0
2025-06-02,200.72982788085938,206.64999389648438,168.2372283935547,668.1941528320312,457.4480895996094,137.03439331054688,584.4867553710938,342.69000244140625,35423300,29113300.0,38612300.0,15766300.0,16626500,197663100.0,61630500,81873800.0
2025-06-03,202.2923126220703,205.7100067138672,165.4005889892578,664.1605224609375,458.43829345703125,140.86474609375,587.81982421875,344.2699890136719,46381600,33139100.0,45084900.0,11585000.0,15743800,225578800.0,63606200,99324500.0
2025-06-04,201.84446716308594,207.22999572753906,167.26182556152344,685.1753540039062,459.3294677734375,141.56298828125,587.6619262695312,332.04998779296875,43604000,29915600.0,26900800.0,14031900.0,14162700,167120800.0,57314200,98912100.0
2025-06-05,199.66500854492188,207.91000366210938,167.4210968017578,681.8588256835938,463.1021728515625,139.6378631591797,584.8218994140625,284.70001220703125,55126100,51864200.0,36379100.0,13083100.0,20131700,231397900.0,92278700,287499800.0
2025-06-06,202.93917846679688,213.57000732421875,172.8654022216797,694.8960571289062,465.7757568359375,141.3634796142578,590.8274536132812,295.1400146484375,46607700,39832500.0,35731800.0,11728000.0,15285600,153986200.0,66588700,164747700.0
2025-06-09,200.48104858398438,216.97999572753906,175.4762725830078,691.2608032226562,468.1225891113281,142.27120971679688,591.3599853515625,308.5799865722656,72862600,38102500.0,28935900.0,12773200.0,16469900,185114500.0,53016400,140908900.0
2025-06-10,201.69520568847656,217.61000061035156,177.97755432128906,699.567138671875,466.31048583984375,143.5978546142578,594.7128295898438,326.0899963378906,54672600,31303300.0,61766100.0,10850100.0,15375900,155881900.0,66247000,151256500.0
2025-06-11,197.82391357421875,213.1999969482422,176.73190307617188,691.3404541015625,467.99383544921875,142.48057556152344,593.0166625976562,326.42999267578125,60989900,39326000.0,31646800.0,9582500.0,16399200,167694000.0,73658200,122611400.0
2025-06-12,198.24188232421875,213.24000549316406,175.08763122558594,690.5635375976562,474.1826171875,144.645263671875,595.3734741210938,319.1099853515625,43904600,27640000.0,20941900.0,7322700.0,18950600,162365000.0,64129000,105127500.0
2025-06-13,195.50511169433594,212.10000610351562,174.06124877929688,680.1159057617188,470.3108825683594,141.6226806640625,588.7171020507812,325.30999755859375,51447300,29337800.0,27663100.0,9274400.0,16814500,180820600.0,89506000,128964300.0
2025-06-16,197.46563720703125,216.10000610351562,176.1539306640625,699.8262939453125,474.45001220703125,144.33602905273438,594.3182983398438,329.1300048828125,43020700,33284200.0,27389200.0,13720300.0,15626100,183133700.0,79984100,83925900.0
2025-06-17,194.69900512695312,214.82000732421875,175.3367919921875,694.9522705078125,473.36077880859375,143.7674102783203,589.2398681640625,316.3500061035156,38856200,32086300.0,24973000.0,10066100.0,15414100,139108000.0,82209400,88282700.0
2025-06-18,195.6344757080078,212.52000427246094,172.71595764160156,693.4970703125,475.5392150878906,145.1240997314453,589.1510009765625,322.04998779296875,45394700,44360500.0,28707500.0,10068300.0,17526500,161494100.0,76605000,95137700.0
2025-06-20,200.03323364257812,209.69000244140625,166.05921936035156,680.120849609375,472.72705078125,143.4980926513672,587.7673950195312,322.1600036621094,96813500,75350700.0,75659900.0,22538600.0,37576200,242956200.0,94051400,108688000.0
2025-06-23,200.5308074951172,208.47000122070312,164.61428833007812,696.248046875,481.2428283691406,143.81729125976562,593.5730590820312,348.67999267578125,55814300,37311700.0,57671000.0,11080100.0,24864000,154308900.0,87426000,190716800.0
2025-06-24,199.3365936279297,212.77000427246094,166.1887664794922,709.8734130859375,485.3126220703125,147.53817749023438,600.13037109375,340.4700012207031,54064000,38378800.0,40524300.0,13823200.0,22305600,187566100.0,67735300,114736200.0
2025-06-25,200.5905303955078,211.99000549316406,170.0851287841797,706.3648681640625,487.45147705078125,153.9324951171875,600.4666748046875,327.54998779296875,39525700,31755700.0,35479000.0,9320400.0,17495100,269146500.0,62114800,119845100.0
2025-06-26,200.03323364257812,217.1199951171875,172.93516540527344,723.7179565429688,492.580810546875,154.64077758789062,605.1646118164062,325.7799987792969,50799100,50480800.0,31796700.0,13964800.0,21578900,198145700.0,78548400,80440900.0
2025-06-27,200.1128387451172,223.3000030517578,177.9077911376953,731.2333984375,491.0855712890625,157.3640899658203,608.1712646484375,323.6300048828125,73188600,119217100.0,108140200.0,18775700.0,34539200,263234500.0,86258400,89067000.0
2025-06-30,204.1831512451172,219.38999938964844,175.6157989501953,735.6788940429688,492.5411682128906,157.60350036621094,611.0790405273438,317.6600036621094,91912800,58887800.0,63378900.0,15402100.0,28369000,194580300.0,92502500,76695100.0
2025-07-01,206.8204345703125,220.4600067138672,175.2271728515625,716.870361328125,487.2336120605469,152.92498779296875,610.8812866210938,300.7099914550781,78788900,39256800.0,35904500.0,13431200.0,19945400,213143600.0,70030100,145085700.0
2025-07-02,211.41819763183594,219.9199981689453,178.0174102783203,711.2388916015625,486.2830505371094,156.86532592773438,613.6505737304688,315.6499938964844,67941800,30894200.0,29128900.0,9336700.0,16319600,171224100.0,66510400,119483700.0
2025-07-03,212.52284240722656,223.41000366210938,178.90431213378906,716.6611328125,493.95721435546875,158.9501953125,618.4869995117188,315.3500061035156,34955800,29632400.0,21689700.0,8601700.0,13984800,143716100.0,51065800,58042300.0
2025-07-07,208.94017028808594,223.47000122070312,176.17385864257812,716.0032958984375,492.84814453125,157.85289001464844,613.8780517578125,293.94000244140625,50229000,36604100.0,34175600.0,9457100.0,13981600,140139000.0,74814500,131177900.0
2025-07-08,208.99989318847656,219.36000061035156,173.75233459472656,718.3157348632812,491.7589111328125,159.6085968017578,613.5418090820312,297.80999755859375,42848900,45692000.0,40442500.0,7770700.0,11846600,138133000.0,59024600,103246700.0
2025-07-09,210.1244354248047,222.5399932861328,176.0044403076172,730.3861694335938,498.58148193359375,162.48155212402344,617.2210083007812,295.8800048828125,48749400,38155100.0,43025600.0,11418000.0,18659500,183656400.0,66113300,75586800.0
2025-07-10,211.3883514404297,222.25999450683594,177.00096130371094,724.8641967773438,496.5713195800781,163.69857788085938,618.9617309570312,309.8699951171875,44443600,30370600.0,29252400.0,9913600.0,16492100,167704100.0,57529000,104365300.0
2025-07-11,210.1443634033203,225.02000427246094,179.56201171875,715.166015625,498.393310546875,164.5165557861328,616.7858276367188,313.510009765625,39765800,50518300.0,34282900.0,10873900.0,16459500,193633300.0,63670200,79236400.0
2025-07-14,207.61656188964844,225.69000244140625,180.92723083496094,718.5648803710938,498.09625244140625,163.6686553955078,617.9627685546875,316.8999938964844,38840100,35702600.0,32536600.0,8939400.0,12058800,136975800.0,51898500,78043400.0
2025-07-15,208.10421752929688,226.35000610351562,181.3656768798828,708.0692749023438,500.86883544921875,170.28240966796875,615.322021484375,310.7799987792969,42296300,34907300.0,33448300.0,11529500.0,14927200,230627400.0,74317300,77556300.0
2025-07-16,209.14918518066406,223.19000244140625,182.3323211669922,700.6137084960938,500.6708068847656,170.95077514648438,617.3792114257812,321.6700134277344,47490500,39535900.0,33104200.0,13067600.0,15154400,158831500.0,88987500,97284800.0
2025-07-17,209.00982666015625,223.8800048828125,182.94020080566406,699.1185913085938,506.6912841796875,172.5767822265625,621.1573486328125,319.4100036621094,48068100,31855800.0,31992600.0,11803300.0,17503100,160841100.0,68885700,73922900.0
2025-07-18,210.16424560546875,226.1300048828125,184.4150390625,701.9793090820312,505.05743408203125,171.98822021484375,620.7025146484375,329.6499938964844,48974600,37833800.0,34014500.0,12779800.0,21209700,146456400.0,65621600,94255000.0
2025-07-21,211.4580078125,229.3000030517578,189.43746948242188,710.6408081054688,505.06732177734375,170.96075439453125,621.8794555664062,328.489990234375,51377400,40297600.0,45803100.0,9404400.0,14066800,123126100.0,63375000,75768800.0
2025-07-22,213.36875915527344,227.47000122070312,190.6731414794922,702.5075073242188,500.32421875,166.6213836669922,621.9683837890625,332.1099853515625,46404100,37483700.0,44660200.0,8921100.0,13868600,193114300.0,60046300,77370400.0
2025-07-23,213.11996459960938,228.2899932861328,189.56703186035156,711.2488403320312,500.9183654785156,170.36221313476562,627.259765625,332.55999755859375,46989300,28294900.0,58681900.0,8771600.0,16396600,154082200.0,70511000,92553800.0
2025-07-24,212.7318572998047,232.22999572753906,191.500244140625,712.46484375,505.87933349609375,173.31497192382812,627.4674072265625,305.29998779296875,46022600,42902300.0,74881700.0,10920800.0,16107000,128984600.0,71307100,156966000.0
2025-07-25,212.85125732421875,231.44000244140625,192.50672912597656,710.351806640625,508.6816711425781,173.0755615234375,630.1181030273438,316.05999755859375,40268800,28712100.0,39785900.0,8271700.0,19125700,122316800.0,56865400,148227000.0
2025-07-28,213.0204620361328,232.7899932861328,191.90882873535156,715.2857055664062,507.48345947265625,176.317626953125,629.9598999023438,325.5899963378906,37858000,26300100.0,38139500.0,8715700.0,14308000,140023500.0,54917100,112673800.0
2025-07-29,210.2538299560547,231.00999450683594,195.06776428222656,697.7132568359375,507.55279541015625,175.08062744140625,628.2982788085938,321.20001220703125,51411700,33716200.0,41389200.0,13267000.0,16469200,154077500.0,60556300,87358900.0
2025-07-30,208.0445098876953,230.19000244140625,195.84506225585938,692.9389038085938,508.2162170410156,178.8314666748047,627.5070190429688,319.0400085449219,45512500,32993300.0,32445400.0,27077300.0,26380400,174312200.0,80418900,83931900.0
2025-07-31,206.57164001464844,234.11000061035156,191.23117065429688,770.913330078125,528.2779541015625,177.43487548828125,625.1531982421875,308.2699890136719,80698400,104357300.0,51329200.0,38831100.0,51617300,221685400.0,103385200,85270900.0
2025-08-01,201.4065704345703,214.75,188.47085571289062,747.5598754882812,518.9798583984375,173.2950439453125,614.9066162109375,302.6300048828125,104434500,122258800.0,34832200.0,19028700.0,28977600,204529000.0,140103600,89121400.0
2025-08-04,202.37193298339844,211.64999389648438,194.36024475097656,773.8338012695312,530.3969116210938,179.55966186523438,624.2530517578125,309.260009765625,75109300,77890100.0,31547400.0,15801700.0,25349000,148174600.0,73218000,78683900.0
2025-08-05,201.94398498535156,213.75,193.9915313720703,760.9659423828125,522.5841674804688,177.8238983154297,621.0880737304688,308.7200012207031,44155100,51505100.0,31602300.0,11640300.0,19171600,156407600.0,68051400,57961300.0
2025-08-06,212.22430419921875,222.30999755859375,195.40658569335938,769.468017578125,519.8016967773438,178.98106384277344,625.845458984375,319.9100036621094,108483100,54823000.0,21562900.0,9733900.0,21355700,137192300.0,64357500,78523600.0
2025-08-07,218.9716796875,223.1300048828125,195.83509826660156,759.3412475585938,515.7418212890625,180.32777404785156,625.3212280273438,322.2699890136719,90224800,40603500.0,26321800.0,9019700.0,16079100,151878400.0,74205800,66658700.0
2025-08-08,228.24685668945312,222.69000244140625,200.718017578125,766.786865234375,516.9301147460938,182.2530517578125,630.197265625,329.6499938964844,113854000,32970500.0,39161800.0,7320800.0,15531000,123396700.0,64051600,91200300.0
2025-08-11,226.34388732910156,221.3000030517578,200.29946899414062,763.3681030273438,516.6627807617188,181.61460876464844,628.9509887695312,339.0299987792969,61806100,31646200.0,25832400.0,7612000.0,20194400,138323200.0,58742300,105320200.0
2025-08-12,228.80479431152344,221.47000122070312,202.63131713867188,787.419189453125,524.0595703125,182.7119140625,635.6468505859375,340.8399963378906,55626200,37185800.0,30397900.0,14563100.0,18667000,145485700.0,64730800,80522100.0
2025-08-13,232.47125244140625,224.55999755859375,201.25613403320312,777.5316772460938,515.4844360351562,181.14576721191406,637.8228149414062,339.3800048828125,69878500,36508300.0,28342900.0,8811800.0,19619200,179871700.0,60092800,67838900.0
2025-08-14,231.92327880859375,230.97999572753906,202.23272705078125,779.574951171875,517.36572265625,181.57470703125,637.882080078125,335.5799865722656,51916300,61545800.0,25230400.0,8116200.0,20269100,129554000.0,59327500,75000700.0
2025-08-15,230.73764038085938,231.02999877929688,203.1893768310547,782.6648559570312,515.078369140625,180.00856018066406,636.388671875,330.55999755859375,56038700,39649200.0,34931400.0,13375400.0,25213300,156602200.0,68592500,74319800.0
2025-08-18,230.0402374267578,231.49000549316406,202.79075622558594,764.8631591796875,512.0383911132812,181.5647430419922,636.2501831054688,335.1600036621094,37476200,25248900.0,18526600.0,16513700.0,23760600,132008000.0,43804900,56956600.0
2025-08-19,229.71144104003906,228.00999450683594,200.86749267578125,749.0250854492188,504.78021240234375,175.2103271484375,632.7984008789062,329.30999755859375,39402600,29891000.0,24240200.0,12286700.0,21481000,185229200.0,69750700,75956000.0
2025-08-20,225.17819213867188,223.80999755859375,198.62533569335938,745.2772827148438,500.7698059082031,174.97093200683594,631.1170043945312,323.8999938964844,42263900,36604300.0,28955500.0,11898200.0,27723000,215142700.0,88890300,77481800.0
2025-08-21,224.072265625,221.9499969482422,199.0538330078125,736.6854248046875,500.1250915527344,174.5519256591797,628.5850830078125,320.1099853515625,30621200,32140500.0,19774600.0,8876300.0,18443300,140040900.0,54805800,55744400.0
2025-08-22,226.92173767089844,228.83999633789062,205.37173461914062,752.32421875,503.09075927734375,177.5545654296875,638.2381591796875,340.010009765625,42477800,37315300.0,42827000.0,10612700.0,24324200,172789400.0,84083200,94016300.0
2025-08-25,226.32395935058594,227.94000244140625,207.76336669921875,750.8390502929688,500.1449890136719,179.37014770507812,635.42919921875,346.6000061035156,30983100,22633700.0,29928900.0,6861200.0,21638600,163012800.0,51274300,86670000.0
2025-08-26,228.46604919433594,228.7100067138672,206.4180908203125,751.636474609375,497.9430847167969,181.3253173828125,638.0897827148438,351.6700134277344,54575100,26105400.0,28464100.0,7601800.0,30835700,168688200.0,51581600,76651600.0
2025-08-27,229.64170837402344,229.1199951171875,206.75689697265625,744.9384765625,502.6047058105469,181.15576171875,639.543701171875,349.6000061035156,31259500,21254500.0,23022900.0,8315400.0,17277900,235518900.0,48341100,65519000.0
2025-08-28,231.7041015625,231.60000610351562,210.9023895263672,748.65625,505.4810485839844,179.72923278808594,641.8085327148438,345.9800109863281,38074700,33679600.0,32339300.0,7468000.0,18015600,281787800.0,61519500,67903200.0
2025-08-29,231.28562927246094,229.0,212.16798400878906,736.2868041992188,502.5551452636719,173.75389099121094,637.9810180664062,333.8699951171875,39418400,26199200.0,39728400.0,9070500.0,20961600,243257900.0,74522200,81145700.0
2025-09-02,228.8745574951172,225.33999633789062,210.61341857910156,732.70849609375,500.9979248046875,170.36221313476562,633.2533569335938,329.3599853515625,44075600,38843900.0,47523000.0,9350900.0,18128000,231164900.0,81983500,58392000.0
2025-09-03,237.59234619140625,225.99000549316406,229.85610961914062,734.6421508789062,501.22607421875,170.20262145996094,636.6853637695312,334.0899963378906,66427800,29223100.0,103336100.0,7699300.0,16345100,164424900.0,70820900,88733300.0
2025-09-04,238.89749145507812,235.67999267578125,231.4904022216797,746.204345703125,503.8247375488281,171.24008178710938,642.00634765625,338.5299987792969,47549400,59391800.0,51684200.0,11439100.0,15509500,141670100.0,65219200,60711000.0
2025-09-05,238.80784606933594,232.3300018310547,234.1809844970703,749.9918823242188,490.9605712890625,166.6114044189453,640.14697265625,350.8399963378906,54870400,36721800.0,46588900.0,9663400.0,31994800,224441400.0,85178900,108989800.0
2025-09-08,237.0045166015625,235.83999633789062,233.4329071044922,749.84228515625,494.1344299316406,167.89825439453125,641.719482421875,346.3999938964844,48999500,33947100.0,32474700.0,13087800.0,16771000,163769100.0,63133100,75208300.0
2025-09-09,233.48751831054688,238.24000549316406,239.00843811035156,763.1985473632812,494.3427429199219,170.34225463867188,643.2030639648438,346.9700012207031,66313900,27033800.0,38061000.0,10999000.0,14410500,157548400.0,66133900,53816000.0
2025-09-10,225.955322265625,230.3300018310547,238.5496368408203,749.5234375,496.2867431640625,176.89620971679688,645.0625,347.7900085449219,83440800,60907700.0,35141100.0,12478300.0,21611800,226852000.0,78034500,72121700.0
2025-09-11,229.1833953857422,229.9499969482422,239.7465057373047,748.447021484375,496.9215087890625,176.7465362548828,650.4231567382812,368.80999755859375,50208600,37485600.0,30599300.0,7923300.0,18881600,151159300.0,69934400,103756000.0
2025-09-12,233.20855712890625,228.14999389648438,240.17539978027344,753.1216430664062,505.73895263671875,177.39500427246094,650.20556640625,395.94000244140625,55824200,38496200.0,26771600.0,8248600.0,23624900,124911000.0,72780100,168156400.0
2025-09-15,235.828857421875,231.42999267578125,250.95733642578125,762.2018432617188,511.15435791015625,177.32516479492188,653.6671142578125,410.0400085449219,42699500,33243300.0,58383800.0,10533800.0,17143800,147061600.0,63772400,163823700.0
2025-09-16,237.2735137939453,234.0500030517578,250.50851440429688,776.4551391601562,504.8859558105469,174.46202087402344,652.76708984375,421.6199951171875,63421100,38203900.0,34109700.0,11782500.0,19711900,140737800.0,61169000,104285700.0
2025-09-17,238.11044311523438,231.6199951171875,248.8827362060547,773.1858520507812,505.8579406738281,169.8829803466797,651.9561767578125,425.8599853515625,46508000,42815200.0,34108000.0,9400900.0,15816600,211843800.0,101952200,106133500.0
2025-09-18,237.0045166015625,231.22999572753906,251.37625122070312,777.7011108398438,504.30078125,175.81878662109375,655.00244140625,416.8500061035156,44249600,37931700.0,31239500.0,10955000.0,18913700,191763300.0,90459200,90454500.0
2025-09-19,244.59646606445312,231.47999572753906,254.0592803955078,775.837158203125,513.703369140625,176.24774169921875,658.2465209960938,426.07000732421875,163741300,97943200.0,55571400.0,23696800.0,52474100,237182100.0,97945600,93131000.0
2025-09-22,255.13751220703125,227.6300048828125,251.87496948242188,763.1751098632812,510.2518005371094,183.17115783691406,661.3607177734375,434.2099914550781,105517400,45914500.0,32290500.0,11706900.0,20009300,269637000.0,69452200,97108800.0
2025-09-23,253.4936065673828,220.7100067138672,251.00723266601562,753.4404907226562,505.0744323730469,178.0035400390625,657.7605590820312,425.8500061035156,60275200,70956200.0,26628000.0,10872600.0,19799600,192559600.0,81708900,83422700.0
2025-09-24,251.3813934326172,220.2100067138672,246.49893188476562,758.686767578125,505.98687744140625,176.54702758789062,655.6677856445312,442.7900085449219,42303700,49509000.0,28201000.0,8828200.0,13533700,143564100.0,68082200,93133600.0
2025-09-25,255.9246063232422,218.14999389648438,245.15243530273438,746.96728515625,502.8923645019531,177.26528930664062,652.6429443359375,423.3900146484375,55202100,52226300.0,31020400.0,10591100.0,15786500,191586700.0,89622100,96746400.0
2025-09-26,254.51980590820312,219.77999877929688,245.90049743652344,741.8206176757812,507.2862243652344,177.7641143798828,656.3819580078125,440.3999938964844,46076300,41650100.0,18503200.0,9696300.0,16213100,148573700.0,69179200,101628200.0
2025-09-29,253.4936065673828,222.1699981689453,243.41696166992188,741.4716186523438,510.4005432128906,181.4153594970703,658.2266845703125,443.2099914550781,40127700,44259200.0,32505800.0,9246800.0,17617800,193063500.0,73499000,79491500.0
2025-09-30,253.69287109375,219.57000732421875,242.46942138671875,732.4749145507812,513.7232666015625,186.13406372070312,660.7061157226562,444.7200012207031,37704300,48396400.0,34724300.0,16226800.0,19728200,236981000.0,86288000,74358000.0
2025-10-01,254.5098419189453,220.6300048828125,244.26473999023438,715.4791870117188,515.4689331054688,186.79249572753906,662.9574584960938,459.4599914550781,48713900,43933800.0,31658200.0,20419600.0,22632300,173844900.0,72545400,98122300.0
2025-10-02,256.18365478515625,222.41000366210938,245.05270385742188,725.1639404296875,511.53131103515625,188.43853759765625,663.7210693359375,436.0,42630200,41258600.0,25483300.0,11415300.0,21222900,136805800.0,56896000,137009000.0
2025-10-03,257.07037353515625,219.50999450683594,244.7135772705078,708.7167358398438,513.1280517578125,187.17156982421875,663.7112426757812,429.8299865722656,49155600,43639000.0,30249600.0,16154300.0,15112300,137596900.0,70494400,133188200.0
2025-10-06,255.74526977539062,220.89999389648438,249.78041076660156,713.8035278320312,524.256591796875,185.09654235839844,666.0914916992188,453.25,44664100,43690900.0,28894700.0,21654700.0,21388600,157678100.0,54623300,85324900.0
2025-10-07,255.53607177734375,221.77999877929688,245.1225128173828,711.230224609375,519.7040405273438,184.59771728515625,663.6219482421875,433.0899963378906,31955800,31194700.0,23181300.0,12062900.0,14615200,140088000.0,72020100,102296100.0
2025-10-08,257.1102600097656,225.22000122070312,243.9854736328125,715.9779052734375,520.56689453125,188.65802001953125,667.5791625976562,438.69000244140625,36496900,46686000.0,21307100.0,10790600.0,13363400,130168900.0,60702200,71192100.0
2025-10-09,253.10501098632812,227.74000549316406,240.9034881591797,731.6072387695312,518.1369018554688,192.1097412109375,665.6452026367188,435.5400085449219,38322000,46412100.0,27892100.0,12717200.0,18343600,182997200.0,66501900,69339900.0
2025-10-10,244.36732482910156,216.3699951171875,235.95635986328125,703.4703979492188,506.790283203125,182.7222442626953,647.6542358398438,413.489990234375,61999100,72367500.0,33180300.0,16980100.0,24133800,268774400.0,159422600,112107900.0
2025-10-13,246.74851989746094,220.07000732421875,243.51669311523438,713.8433837890625,509.8550720214844,187.8699188232422,657.5919189453125,435.8999938964844,38142900,37809700.0,24995000.0,9251800.0,14284200,153482800.0,79560500,79552800.0
2025-10-14,246.8581085205078,216.38999938964844,244.81332397460938,706.8117065429688,509.37896728515625,179.59971618652344,656.78857421875,429.239990234375,35478000,45665600.0,22111600.0,8829800.0,14684300,205641400.0,88779600,72669400.0
2025-10-15,248.42233276367188,215.57000732421875,250.37884521484375,715.6885986328125,509.2401123046875,179.40017700195312,659.7044067382812,435.1499938964844,33893600,45909500.0,27007700.0,10246800.0,14694700,214450500.0,81702600,71558200.0
2025-10-16,246.53927612304688,214.47000122070312,250.80772399902344,710.2228393554688,507.4349365234375,181.3754425048828,655.2117309570312,428.75,39777000,42414600.0,27997200.0,9017000.0,15559600,179723300.0,110563300,77189900.0
2025-10-17,251.36146545410156,213.0399932861328,252.64297485351562,715.0602416992188,509.38897705078125,182.78208923339844,658.9308471679688,439.30999755859375,49147000,45986900.0,29671600.0,12232400.0,19867800,173135200.0,96500900,89331600.0
2025-10-20,261.27484130859375,216.47999572753906,255.88450622558594,730.2706909179688,512.5726318359375,182.20347595214844,665.7840576171875,447.42999267578125,90483000,38882800.0,22350200.0,8900200.0,14665600,128544700.0,60493400,63719000.0
2025-10-21,261.8028869628906,222.02999877929688,249.81031799316406,731.3678588867188,513.4356079101562,180.72702026367188,665.7741088867188,442.6000061035156,46695900,50494600.0,47312100.0,7647300.0,15586200,124240200.0,56249000,54412200.0
2025-10-22,257.4988098144531,217.9499969482422,251.03713989257812,731.5074462890625,516.2921142578125,179.84910583496094,662.3128051757812,438.9700012207031,45015300,44308500.0,35029400.0,8734500.0,18962700,162249600.0,80564000,84023500.0
2025-10-23,258.6246032714844,221.08999633789062,252.4235382080078,732.095947265625,516.3119506835938,181.72463989257812,666.2402954101562,448.9800109863281,32754900,31540000.0,19901400.0,9856000.0,14023500,111363700.0,65604500,126709800.0
2025-10-24,261.85272216796875,224.2100067138672,259.24578857421875,736.444580078125,519.3370361328125,185.81480407714844,671.6851806640625,433.7200012207031,38253700,38685100.0,28655100.0,9151300.0,15532400,131296700.0,74356500,94727800.0
2025-10-27,267.8206481933594,226.97000122070312,268.571533203125,748.872314453125,527.1825561523438,191.03233337402344,679.6094970703125,452.4200134277344,44888200,38267000.0,35235200.0,11321100.0,18734700,153452700.0,63339800,105867500.0
2025-10-28,268.00994873046875,229.25,266.77618408203125,749.49072265625,537.6464233398438,200.54953002929688,681.4144897460938,460.54998779296875,41534800,47100000.0,29738600.0,12193800.0,29986700,297986200.0,61738100,80185700.0
2025-10-29,268.7073974609375,230.3000030517578,273.8578186035156,749.7200927734375,537.130615234375,206.54513549804688,681.7418823242188,461.510009765625,51086700,52036200.0,43580300.0,26818600.0,36023000,308829600.0,85657100,67983500.0
2025-10-30,270.401123046875,222.86000061035156,280.7498779296875,664.7410888671875,521.469482421875,202.40505981445312,674.2440185546875,440.1000061035156,69886500,102252900.0,74876000.0,88440100.0,41023100,178864400.0,76335800,72447900.0
2025-10-31,269.3749084472656,244.22000122070312,280.46063232421875,646.6680908203125,513.5843505859375,202.0060577392578,676.4556274414062,456.55999755859375,86167100,166340800.0,39267900.0,56953200.0,34006400,179802200.0,87164100,83135800.0
2025-11-03,268.0597839355469,254.0,282.9840393066406,636.0557861328125,512.8107299804688,206.3855438232422,677.7251586914062,468.3699951171875,50194600,95997800.0,29786000.0,33003600.0,22374700,180267300.0,57315000,84595200.0
2025-11-04,269.0461730957031,249.32000732421875,276.8200988769531,625.6926879882812,510.1328430175781,198.21511840820312,669.6917114257812,444.260009765625,49274800,51546300.0,30078400.0,27356600.0,20958700,188919300.0,78427000,87756600.0
2025-11-05,269.1457824707031,250.1999969482422,283.5725402832031,634.30029296875,503.02130126953125,194.74342346191406,672.012451171875,462.07000732421875,43683100,40610700.0,31010300.0,20219900.0,23024300,171350300.0,74402400,85573000.0
2025-11-06,268.7771301269531,243.0399932861328,284.0113830566406,617.3344116210938,493.04339599609375,187.63047790527344,664.8021850585938,445.9100036621094,51204000,46004200.0,37173600.0,23628800.0,27406500,223029800.0,85035300,109622900.0
2025-11-07,267.48193359375,244.41000366210938,278.1067199707031,620.0972290039062,492.76568603515625,187.70028686523438,665.4567260742188,429.5199890136719,48227400,46374300.0,34479600.0,29946800.0,24019800,264942300.0,100592400,103471500.0
2025-11-10,268.6985778808594,248.39999389648438,289.3475341796875,630.1211547851562,501.8707275390625,198.5742645263672,675.8407592773438,445.2300109863281,41312400,36476500.0,29557300.0,19245000.0,26101500,198897100.0,75842900,76515900.0
2025-11-11,274.5028076171875,249.10000610351562,290.5543518066406,625.4533081054688,504.5289001464844,192.69834899902344,677.3878784179688,439.6199951171875,46208300,23564100.0,19842100.0,13302200.0,17980000,176483300.0,58953400,60533200.0
2025-11-12,272.7276916503906,244.1999969482422,285.96630859375,607.43017578125,506.9688415527344,193.33680725097656,677.7647705078125,430.6000061035156,48398000,31190100.0,24829900.0,24493300.0,26574900,154935300.0,62312500,58513500.0
2025-11-13,272.20904541015625,237.5800018310547,277.847412109375,608.3079223632812,499.1828918457031,186.4134063720703,666.5180053710938,401.989990234375,49602800,41401700.0,29494000.0,20973800.0,25273100,207423100.0,103457800,118948000.0
2025-11-14,271.6705322265625,234.69000244140625,275.6930236816406,607.8790283203125,506.0166320800781,189.71546936035156,666.4088745117188,404.3500061035156,47431300,38956700.0,31647200.0,20724100.0,28505700,186591900.0,96846700,105506700.0
2025-11-17,266.73394775390625,232.8699951171875,284.2806701660156,600.4483642578125,503.34857177734375,186.15402221679688,660.2002563476562,408.9200134277344,45018300,59919000.0,52670200.0,16501300.0,19092800,173628900.0,90456100,102214300.0
2025-11-18,266.7139892578125,222.5500030517578,283.5426330566406,596.1395263671875,489.76043701171875,180.92652893066406,654.6561889648438,401.25,45677300,60608400.0,49158700.0,25500600.0,33815100,213598900.0,114467500,80688600.0
2025-11-19,267.83099365234375,222.69000244140625,292.05047607421875,588.7886352539062,483.1448059082031,186.07420349121094,657.185302734375,403.989990234375,40424500,58335600.0,68198900.0,24744700.0,23245300,247246400.0,94703000,72047700.0
2025-11-20,265.5272521972656,217.13999938964844,288.69921875,587.6217651367188,475.41387939453125,180.208251953125,647.1683349609375,395.2300109863281,45823600,50309000.0,62025200.0,20603000.0,26802500,343504800.0,165293500,113548800.0
2025-11-21,270.75299072265625,220.69000244140625,298.8827209472656,592.7084350585938,469.1436767578125,178.4524688720703,653.6148681640625,391.0899963378906,59030800,68490500.0,74137700.0,21052600.0,31769200,346926200.0,123956200,100460600.0
2025-11-24,275.1710205078125,226.27999877929688,317.7535705566406,611.4596557617188,471.0118103027344,182.1136932373047,663.2351684570312,417.7799987792969,65585800,54318400.0,85165100.0,23554900.0,34421000,256618300.0,80437900,96806400.0
2025-11-25,276.2181396484375,229.6699981689453,322.6010437011719,634.569580078125,473.9829406738281,177.39500427246094,669.4734497070312,419.3999938964844,46914200,39379300.0,88632100.0,25213000.0,28019800,320600300.0,81077100,71915600.0
2025-11-26,276.7966003417969,229.16000366210938,319.1200866699219,631.9663696289062,482.4393005371094,179.82916259765625,674.09521484375,426.5799865722656,33431400,38497900.0,51373400.0,15209500.0,25709100,183852000.0,71879600,63463000.0
2025-11-28,278.0930480957031,233.22000122070312,319.3494873046875,646.2691650390625,488.9082946777344,176.57696533203125,677.7747192382812,430.1700134277344,20135600,20292300.0,26018600.0,11033200.0,14386700,121332800.0,49212000,36252900.0
2025-12-01,282.3315124511719,233.8800048828125,314.0732116699219,639.2075805664062,483.6715087890625,179.48997497558594,674.6802978515625,430.1400146484375,46587700,42904000.0,41183000.0,13029900.0,23964000,188131000.0,61201200,57463600.0
2025-12-02,285.4131164550781,234.4199981689453,314.9908447265625,645.4213256835938,486.91094970703125,181.02630615234375,675.9300537109375,429.239990234375,53669500,45785400.0,35854700.0,11640900.0,19562700,182632200.0,62953800,69336600.0
2025-12-03,283.378662109375,232.3800048828125,318.8009033203125,637.9408569335938,474.7182922363281,179.1607666015625,678.2706298828125,446.739990234375,43538700,35495100.0,41838300.0,11134300.0,34615100,165138000.0,57238500,87483000.0
2025-12-04,279.9380187988281,229.11000061035156,316.79608154296875,659.81396484375,477.8086853027344,182.95188903808594,678.7665405273438,454.5299987792969,43989100,45683200.0,31240900.0,29874600.0,22318200,167364900.0,61970300,71906500.0
2025-12-05,278.0232238769531,229.52999877929688,320.4366455078125,671.673095703125,480.1140441894531,181.98416137695312,680.0557861328125,455.0,47265800,33117400.0,28851700.0,21207900.0,22608700,143971100.0,79241000,56427500.0
2025-12-08,277.1356506347656,226.88999938964844,313.11090087890625,665.0702514648438,487.9245300292969,185.1168212890625,678.0127563476562,439.5799865722656,38211800,35019200.0,33909400.0,13161000.0,21965900,204378100.0,55231500,69165800.0
2025-12-09,276.4275817871094,227.9199981689453,316.4643859863281,655.2557983398438,488.918212890625,184.53819274902344,677.4276123046875,445.1700134277344,32193300,25841700.0,30194000.0,12997100.0,14696100,144719700.0,58310100,62367400.0
2025-12-10,278.0232238769531,231.77999877929688,319.58831787109375,648.4434814453125,475.5430603027344,183.3509521484375,681.92041015625,451.45001220703125,33038300,38790700.0,33428900.0,16910900.0,35756200,162785400.0,85671300,63257500.0
2025-12-11,277.2752685546875,230.27999877929688,311.82342529296875,651.016845703125,480.422119140625,180.50759887695312,683.5072631835938,446.8900146484375,33248000,28249600.0,42353700.0,13056700.0,24669200,182136600.0,86173700,55979500.0
2025-12-12,277.5245666503906,226.19000244140625,308.68951416015625,642.558837890625,475.5132751464844,174.61141967773438,676.1581420898438,458.9599914550781,39532900,35639100.0,35940200.0,14016900.0,21248100,204274900.0,113160300,95656700.0
2025-12-15,273.3658752441406,222.5399932861328,307.62158203125,646.3570556640625,471.82666015625,175.87843322753906,675.1365356445312,475.30999755859375,50409100,47286100.0,29151900.0,15549100.0,23727700,164775600.0,90811000,114542200.0
2025-12-16,273.8645324707031,222.55999755859375,305.97479248046875,655.9799194335938,473.3867492675781,177.3050994873047,673.2918701171875,489.8800048828125,37648600,39298900.0,30585000.0,14309100.0,20705600,148588100.0,122030600,107608100.0
2025-12-17,271.10205078125,221.27000427246094,296.1439208984375,648.343505859375,473.1184387207031,170.5409393310547,665.8832397460938,467.260009765625,50138700,44034400.0,43930400.0,15598500.0,24527200,222775500.0,110625200,106490400.0
2025-12-18,271.4511413574219,226.75999450683594,301.872802734375,663.266845703125,480.9289245605469,173.73345947265625,670.9114990234375,483.3699951171875,51630700,50272400.0,33518000.0,20260300.0,28573500,176096000.0,108650100,95168400.0
2025-12-19,272.9271240234375,227.35000610351562,306.56365966796875,657.5969848632812,482.856689453125,180.56747436523438,676.9923095703125,481.20001220703125,144632000,85544400.0,59943200.0,49977100.0,70836100,324925900.0,103599500,103305400.0
2025-12-22,270.23443603515625,228.42999267578125,309.17852783203125,660.3221435546875,481.86297607421875,183.26116943359375,681.2098388671875,488.7300109863281,36571800,32261300.0,26429900.0,15659400.0,16963000,129064400.0,69556700,86916100.0
2025-12-23,271.62066650390625,232.13999938964844,313.73968505859375,663.7559814453125,483.78082275390625,188.76829528808594,684.3233032226562,485.55999755859375,29642000,29230200.0,25478700.0,8486800.0,14683600,174873600.0,64840000,58223600.0
2025-12-24,273.06671142578125,232.3800048828125,313.4801940917969,666.361328125,484.94342041015625,188.169677734375,686.7305297851562,485.3999938964844,17910600,11420500.0,10097400.0,5627500.0,5855900,65528500.0,39445600,41285400.0
2025-12-26,272.6578674316406,232.52000427246094,312.9013366699219,662.1089477539062,484.6354064941406,190.085205078125,686.660888671875,475.19000244140625,21521800,15994700.0,10899000.0,7133800.0,8842200,139740300.0,41613300,58780700.0
2025-12-29,273.0168762207031,232.07000732421875,312.95123291015625,657.5171508789062,484.02923583984375,187.7805938720703,684.2138671875,459.6400146484375,23715200,19797900.0,19621800.0,8506500.0,10893400,120006100.0,62559500,66263000.0
2025-12-30,272.33868408203125,232.52999877929688,313.24066162109375,664.7642211914062,484.4068603515625,187.10218811035156,683.3782958984375,454.42999267578125,22139600,21910500.0,17380900.0,9187500.0,13944500,97687300.0,47160700,59238500.0
2025-12-31,271.12200927734375,230.82000732421875,312.3923034667969,658.9146118164062,480.5711669921875,186.06460571289062,678.3152465820312,449.7200012207031,27293600,24383700.0,16377700.0,7940400.0,15601600,120100500.0,74144800,49078000.0
2026-01-02,270.27435302734375,226.5,314.5381164550781,649.2518310546875,469.95849609375,188.4091339111328,679.55859375,438.07000732421875,37838100,51456200.0,32009400.0,13726500.0,25571600,148240500.0,89377200,85535400.0
2026-01-05,266.5345458984375,233.05999755859375,315.9254455566406,657.616943359375,469.86907958984375,187.6808319091797,684.0845947265625,451.6700134277344,45647200,49733300.0,30195600.0,12213700.0,25250300,183529700.0,71927200,67940800.0
2026-01-06,261.6478271484375,240.92999267578125,313.7297058105469,659.4436645507812,475.4933776855469,186.8029022216797,688.1529541015625,432.9599914550781,52352100,53764700.0,31212100.0,11074400.0,23037700,176862600.0,69273800,89093800.0
2026-01-07,259.6233215332031,241.55999755859375,321.3548889160156,647.534912109375,480.422119140625,188.66851806640625,685.9347534179688,431.4100036621094,48309800,42236500.0,35104400.0,12846300.0,25564200,153543200.0,75588300,59828800.0
2026-01-08,258.3368225097656,246.2899932861328,324.80816650390625,644.9096069335938,475.0959167480469,184.60800170898438,685.8651123046875,435.79998779296875,50419300,39509800.0,31896100.0,11921700.0,18162600,172457000.0,64019200,57041100.0
2026-01-09,258.6659240722656,247.3800048828125,327.9320983886719,651.8971557617188,476.258544921875,184.42843627929688,690.4010009765625,445.010009765625,39997000,34560000.0,26214200.0,11634900.0,18491000,131327500.0,80125500,67331500.0
2026-01-12,259.54351806640625,246.47000122070312,331.2156982421875,640.8268432617188,474.1717529296875,184.5082550048828,691.4852294921875,448.9599914550781,45263800,35867800.0,33923900.0,14797200.0,23519900,137968500.0,63976000,61649600.0
2026-01-13,260.34136962890625,242.60000610351562,335.31768798828125,629.96630859375,467.70281982421875,185.376220703125,690.1026000976562,447.20001220703125,45730800,38371800.0,33517600.0,18030400.0,28545800,160128900.0,78309700,53719200.0
2026-01-14,259.2543029785156,236.64999389648438,335.1879577636719,614.4240112304688,456.4840087890625,182.7124481201172,686.7105712890625,439.20001220703125,40019400,41410600.0,28525600.0,15527900.0,28184300,159586100.0,94676700,57259500.0
2026-01-15,257.50909423828125,238.17999267578125,332.1339111328125,619.694580078125,453.7811279296875,186.6133270263672,688.5806884765625,438.57000732421875,39388600,43003600.0,28442400.0,13076100.0,23225800,206188600.0,77862000,49465800.0
2026-01-16,254.83633422851562,239.1199951171875,329.35931396484375,619.1455688476562,456.9609680175781,185.7952423095703,688.0037231445312,437.5,72142800,45888300.0,40341600.0,17012500.0,34246700,187967200.0,79289200,60220600.0
2026-01-20,246.0303192138672,231.0,321.3748474121094,603.0443115234375,451.65460205078125,177.65428161621094,673.9981689453125,419.25,80267500,47737900.0,35361000.0,15169600.0,26130000,223345300.0,111623300,63187300.0
2026-01-21,246.9777374267578,231.30999755859375,327.7424621582031,611.8685913085938,441.3102111816406,182.8920440673828,681.77685546875,431.44000244140625,54641700,47276100.0,35386600.0,14494700.0,37980500,200381000.0,127844500,68124000.0
2026-01-22,247.67584228515625,234.33999633789062,329.8982849121094,646.476806640625,448.2959289550781,184.40847778320312,685.3379516601562,449.3599853515625,39708300,31913300.0,26253600.0,21394700.0,25349400,139636600.0,77112200,71546700.0
2026-01-23,247.36666870117188,239.16000366210938,327.2933044433594,657.5870361328125,463.0125732421875,187.23187255859375,685.5865478515625,449.05999755859375,41689000,33778500.0,27280000.0,22797700.0,38000200,142748100.0,63059600,56771400.0
2026-01-26,254.71669006347656,238.4199981689453,332.61297607421875,671.1627197265625,467.3152770996094,186.03466796875,689.068115234375,435.20001220703125,55969200,32825500.0,26042100.0,16327400.0,29291200,124799600.0,60473800,49397400.0
2026-01-27,257.56890869140625,244.67999267578125,333.90045166015625,671.7716674804688,477.5503234863281,188.07989501953125,691.8134765625,430.8999938964844,49648300,38029200.0,21636200.0,13297400.0,29213900,143711600.0,55506100,37733100.0
2026-01-28,255.74388122558594,243.00999450683594,335.3576354980469,667.5391845703125,478.59368896484375,191.0728759765625,691.7438354492188,431.4599914550781,41288000,40882700.0,27434400.0,25709600.0,36875400,148552700.0,61172200,54857400.0
2026-01-29,257.5788879394531,241.72999572753906,337.5932922363281,736.995361328125,430.76715087890625,192.06057739257812,690.3711547851562,416.55999755859375,67253000,47229600.0,39785600.0,59852900.0,128855300,171764400.0,97486200,81686100.0
2026-01-30,258.7756652832031,239.3000030517578,337.34375,715.2241821289062,427.5773620605469,190.68380737304688,688.3121337890625,430.4100036621094,92443400,46585000.0,31024000.0,23744600.0,58566800,179489500.0,101835100,82626100.0
2026-02-02,269.27703857421875,242.9600067138672,343.0227355957031,705.152099609375,420.70098876953125,185.1766815185547,691.73388671875,421.80999755859375,73913400,37546100.0,32006100.0,14365200.0,42219900,165794100.0,79286500,58739500.0
2026-02-03,268.7485046386719,238.6199951171875,339.0504455566406,690.4683227539062,408.6176452636719,179.91897583007812,685.885009765625,421.9599914550781,64394700,53831300.0,36506700.0,13760700.0,61424100,204019600.0,107904600,56886500.0
2026-02-04,275.7394104003906,232.99000549316406,332.3934326171875,667.798828125,411.5788879394531,173.78335571289062,682.5626831054688,406.010009765625,90545700,51299900.0,70618400.0,16882800.0,45012400,207014100.0,105204600,74606900.0
2026-02-05,275.1610412597656,222.69000244140625,330.6069030761719,669.0166625976562,391.1882629394531,171.47874450683594,674.0379638671875,397.2099914550781,52977400,103509200.0,88205800.0,17131800.0,66289200,206312900.0,113610800,72819800.0
2026-02-06,277.364990234375,210.32000732421875,322.233154296875,660.2822265625,398.61114501953125,184.97715759277344,686.96923828125,411.1099853515625,50453400,179210900.0,56380500.0,18159300.0,53515300,231346200.0,89127600,62677100.0
2026-02-09,274.13079833984375,208.72000122070312,323.6903076171875,676.0140991210938,410.99261474609375,189.59634399414062,690.2816162109375,417.32000732421875,44623400,91178400.0,39640100.0,14837500.0,45480500,196387400.0,73885200,54484300.0
2026-02-10,273.19244384765625,206.9600067138672,317.9614562988281,669.525634765625,410.6646423339844,188.09983825683594,688.4613037109375,425.2099914550781,34376900,67175000.0,39170000.0,10455800.0,44857900,136764800.0,65185700,64450200.0
2026-02-11,275.00921630859375,204.0800018310547,310.35626220703125,667.4993286132812,401.8207702636719,189.60633850097656,688.3021850585938,428.2699890136719,51931300,65545500.0,45406400.0,14323800.0,42491000,144192700.0,76353900,57362000.0
2026-02-12,261.2637939453125,199.60000610351562,308.40008544921875,648.6529541015625,399.3067321777344,186.50360107421875,677.668701171875,417.07000732421875,81077200,83975400.0,47761300.0,14960100.0,40802400,189932500.0,118829000,61933400.0
2026-02-13,255.32435607910156,198.7899932861328,305.12646484375,638.6307983398438,398.7900085449219,182.38320922851562,678.1461181640625,417.44000244140625,56290700,66321600.0,38499700.0,12336400.0,34091600,161888000.0,96267500,51434100.0
2026-02-17,263.4099426269531,201.14999389648438,301.4336242675781,638.1516723632812,394.3581237792969,184.53819274902344,679.2402954101562,410.6300048828125,58469100,69879200.0,39247600.0,12674700.0,32078800,162276900.0,81354700,59678800.0
2026-02-18,263.8791198730469,204.7899932861328,302.7410888671875,642.0746459960938,397.0808410644531,187.5411376953125,682.662109375,411.32000732421875,34203300,51003300.0,28482100.0,14649200.0,23223400,164749100.0,73570300,45921400.0
2026-02-19,260.11578369140625,204.86000061035156,302.26202392578125,643.6318969726562,396.8517761230469,187.46131896972656,680.8616943359375,411.7099914550781,30845300,35669600.0,25834400.0,10035700.0,28234000,126554500.0,58649400,51019600.0
2026-02-20,264.1086730957031,210.11000061035156,314.36846923828125,654.4925537109375,395.6267395019531,189.37686157226562,685.7855834960938,411.82000732421875,42070500,65881600.0,53210800.0,14183500.0,34015200,178422300.0,100034000,57912200.0
2026-02-23,265.705810546875,205.27000427246094,310.88525390625,636.1153564453125,382.9182434082031,191.10281372070312,678.7827758789062,399.8299865722656,37308200,53581500.0,31423000.0,8605900.0,43238300,171584800.0,90558100,69680000.0
2026-02-24,271.6552429199219,208.55999755859375,310.29638671875,638.1616821289062,387.429931640625,192.39979553222656,683.7164916992188,409.3800048828125,47014600,41137200.0,25615600.0,10135600.0,33884700,175123600.0,73798700,58579500.0
2026-02-25,273.74151611328125,210.63999938964844,312.29248046875,652.5260009765625,398.9831237792969,195.10345458984375,689.4859008789062,417.3999938964844,33714300,41346400.0,29963600.0,11330700.0,43625500,250637100.0,56369500,54809700.0
2026-02-26,272.4637756347656,207.9199981689453,306.783203125,655.8401489257812,400.0986022949219,184.4583740234375,685.6561889648438,408.5799865722656,32345100,47756800.0,36431200.0,10637700.0,34405900,360807900.0,71671000,53602500.0
2026-02-27,263.7093811035156,210.0,311.1547546386719,647.0258178710938,391.15484619140625,176.77633666992188,682.3637084960938,402.510009765625,72366500,57422800.0,44640600.0,15703000.0,51367200,311636500.0,83308900,56890100.0
2026-03-02,264.2484130859375,208.38999938964844,305.92486572265625,652.396240234375,396.9413757324219,182.05397033691406,682.7516479492188,403.32000732421875,41827900,46001000.0,34790200.0,9816100.0,35474900,209095300.0,87477200,55088300.0
2026-03-03,263.2801818847656,208.72999572753906,302.9906005859375,653.91357421875,402.2996826171875,179.62966918945312,676.7337036132812,392.42999267578125,38568900,43184900.0,35497000.0,12263800.0,38199200,178099400.0,105003100,62617300.0
2026-03-04,262.0523376464844,216.82000732421875,302.54144287109375,666.541015625,403.5645751953125,182.61268615722656,681.50830078125,405.94000244140625,39803100,54731100.0,29536200.0,10810100.0,35808000,177731200.0,79182200,68305500.0
2026-03-05,259.8263244628906,218.94000244140625,300.29583740234375,659.393798828125,409.0224304199219,182.91197204589844,677.7084350585938,405.54998779296875,49658600,60943400.0,35752300.0,13341400.0,39001300,198779700.0,106606500,51925900.0
2026-03-06,257.0013427734375,213.2100067138672,297.9404296875,643.7117309570312,407.30938720703125,177.40487670898438,668.8256225585938,396.7300109863281,41120000,51152700.0,25576900.0,13159400.0,31123900,189021900.0,100687000,64054600.0
2026-03-09,259.41705322265625,213.49000549316406,305.98040771484375,646.2372436523438,407.757568359375,182.2235870361328,674.6845092773438,398.67999267578125,38218500,54642900.0,29312100.0,13489700.0,30131900,177213600.0,102667700,67018900.0
2026-03-10,260.3653564453125,214.3300018310547,306.65960693359375,652.9053955078125,404.122314453125,184.33865356445312,673.6002807617188,399.239990234375,30590800,35678800.0,23239700.0,9859300.0,31706400,179118500.0,81505300,59258700.0
2026-03-11,260.3453674316406,212.64999389648438,308.31756591796875,653.6939697265625,403.245849609375,185.60574340820312,672.7548217773438,407.82000732421875,26218900,34199300.0,24125700.0,8977200.0,25512100,145280400.0,68441700,62559900.0
2026-03-12,255.30438232421875,209.52999877929688,303.1739196777344,637.043701171875,400.2380065917969,182.7223358154297,662.5390625,395.010009765625,40794000,44349500.0,24928300.0,11617500.0,27263900,155762700.0,108882200,60973800.0
2026-03-13,249.6744384765625,207.6699981689453,301.9054870605469,612.6171875,393.9534912109375,179.8389434814453,658.7890014648438,391.20001220703125,36930000,35662100.0,23693100.0,18957600.0,26848000,160988400.0,97200200,58504100.0
2026-03-16,252.36964416503906,211.74000549316406,305.1814270019531,626.8690185546875,398.33575439453125,182.80215454101562,665.493408203125,395.55999755859375,32074200,42209300.0,23519700.0,15134900.0,27733700,217307400.0,82023100,58068300.0
2026-03-17,253.77711486816406,215.1999969482422,310.5347900390625,622.0834350585938,397.7979431152344,181.51510620117188,667.2440185546875,399.2699890136719,32361600,44969900.0,21955200.0,10348800.0,26228300,182497800.0,87128000,46890500.0
2026-03-18,249.49476623535156,209.8699951171875,307.30877685546875,615.1099243164062,390.20867919921875,179.98858642578125,657.9335327148438,392.7799987792969,35757900,37846600.0,20009800.0,11726300.0,25908500,156683100.0,82062600,50853100.0
2026-03-19,248.5165252685547,208.75999450683594,306.7494812011719,606.1382446289062,387.4498596191406,178.15277099609375,656.3121337890625,380.29998779296875,34864100,36440600.0,25075800.0,13247700.0,25138800,170968500.0,111272500,67078300.0
2026-03-20,247.54823303222656,205.3699951171875,300.6270751953125,593.1102905273438,380.3287048339844,172.30615234375,646.9034423828125,367.9599914550781,88331100,63694600.0,44364100.0,21214900.0,50853200,241323500.0,163617500,78628600.0
2026-03-23,251.04200744628906,210.13999938964844,301.6857604980469,603.5006713867188,381.4541931152344,175.23944091796875,653.6959228515625,380.8500061035156,40546100,44277400.0,29326900.0,13638000.0,29680100,182836300.0,134802700,74606000.0
2026-03-24,251.1917266845703,207.24000549316406,290.0801696777344,592.3709716796875,371.2355651855469,174.80044555664062,651.5015869140625,383.0299987792969,45152300,35351400.0,36864300.0,10739700.0,42733600,147667800.0,96457500,60004900.0
2026-03-25,252.16998291015625,211.7100067138672,290.5695495605469,594.3391723632812,369.5424499511719,178.2725067138672,655.1322021484375,385.95001220703125,28476700,36388800.0,29460700.0,12585000.0,31181200,162602100.0,90653800,55157300.0
2026-03-26,252.43951416015625,207.5399932861328,280.5719909667969,547.032958984375,364.4928894042969,170.8494873046875,643.432373046875,372.1099853515625,41796700,46746000.0,39080600.0,35780100.0,36836600,186152200.0,96494400,55522900.0
2026-03-27,248.35679626464844,199.33999633789062,274.0000915527344,525.233154296875,355.3300476074219,167.13796997070312,632.4606323242188,361.8299865722656,47900000,56009800.0,35890600.0,30133000.0,37883400,196212700.0,103649400,62065700.0
2026-03-30,246.19065856933594,200.9499969482422,273.1611633300781,535.8833618164062,357.5111999511719,164.79331970214844,630.3460693359375,355.2799987792969,39446200,46373800.0,35141200.0,22795200.0,44797000,185627000.0,99275900,67954400.0
2026-03-31,253.337890625,208.27000427246094,287.2037353515625,571.6002197265625,368.67596435546875,174.00225830078125,648.6688842773438,371.75,49598100,58470100.0,43875400.0,32898300.0,45244400,226181300.0,152534100,75534900.0
2026-04-01,255.17462158203125,210.57000732421875,297.0215759277344,578.6936645507812,367.8791809082031,175.34918212890625,653.5562744140625,381.260009765625,40059400,45955400.0,37684500.0,23608100.0,29417200,168132000.0,97841500,58683800.0
2026-04-02,255.464111328125,209.77000427246094,295.4035339355469,573.9281005859375,371.9526672363281,176.98545837402344,654.144775390625,360.5899963378906,31289400,31453000.0,21666500.0,13518500.0,24099100,143143200.0,68358700,83031200.0
2026-04-06,258.3988342285156,212.7899932861328,299.61834716796875,572.4894409179688,371.3750305175781,177.23487854003906,657.23681640625,352.82000732421875,29329900,25385500.0,16945500.0,9515700.0,16146600,107564300.0,39105800,77697600.0
2026-04-07,253.0484161376953,213.77000427246094,305.08154296875,574.5175170898438,370.78741455078125,177.69383239746094,657.5260009765625,346.6499938964844,62148000,28154600.0,23205400.0,9580800.0,21443300,132534900.0,69980400,74515400.0
2026-04-08,258.43878173828125,221.25,316.9268798828125,611.8529052734375,372.8191223144531,181.66476440429688,674.27294921875,343.25,41032800,51092700.0,33547100.0,32036600.0,33064800,147732700.0,93606100,78838600.0
2026-04-09,260.02593994140625,233.64999389648438,318.09539794921875,627.8081665039062,371.5642395019531,183.4906005859375,678.162841796875,345.6199951171875,28121600,65964200.0,23739200.0,19012900.0,30435300,116428500.0,57134400,62164000.0
2026-04-10,260.0159912109375,238.3800048828125,316.8469543457031,629.2767333984375,369.37310791015625,188.1998291015625,677.7140502929688,348.95001220703125,31291500,56912800.0,19152600.0,13294800.0,28111100,160459500.0,42253500,51336000.0
2026-04-13,258.73828125,239.88999938964844,320.91192626953125,633.9425048828125,382.8186340332031,188.87826538085938,684.3369750976562,352.4200134277344,36234700,42166200.0,18866400.0,9538900.0,35745800,133648200.0,54185800,53617500.0
2026-04-14,258.368896484375,249.02000427246094,332.49755859375,661.8765258789062,391.5233459472656,196.0618438720703,692.675537109375,364.20001220703125,48370700,72685000.0,27721400.0,17818000.0,37504500,161307000.0,63480500,59979600.0
2026-04-15,265.95538330078125,248.5,336.70233154296875,670.9581909179688,409.5602722167969,198.41647338867188,698.1414184570312,391.95001220703125,49913500,43045200.0,24918800.0,14952600.0,45063400,185338400.0,58240400,113810400.0
2026-04-16,262.9307556152344,249.6999969482422,335.6036682128906,676.2432250976562,418.56378173828125,197.8976593017578,699.8569946289062,388.8999938964844,43323100,41895700.0,20541500.0,9544800.0,41642400,134012900.0,49972400,63515100.0
2026-04-17,269.7486267089844,250.55999755859375,341.2566833496094,687.9124145507812,421.0835876464844,201.2200469970703,708.3152465820312,400.6199951171875,61436200,52029300.0,25581900.0,16283500.0,48568200,160324400.0,70661900,90640000.0
2026-04-20,272.5635681152344,248.27999877929688,337.0019836425781,670.2887573242188,416.38262939453125,201.59918212890625,706.8988037109375,392.5,36590200,39463100.0,18784200.0,12534000.0,27582200,119381400.0,43546800,64603900.0
2026-04-21,265.69586181640625,249.91000366210938,331.8783264160156,668.220703125,422.4480285644531,199.42417907714844,702.2708129882812,386.4200134277344,50209800,42922400.0,23123800.0,8660100.0,32048500,107945300.0,58941400,50530600.0
2026-04-22,272.68341064453125,255.36000061035156,338.8996276855469,674.09521484375,431.1726989746094,202.03819274902344,709.3825073242188,387.510009765625,43249200,36065100.0,20293000.0,9215600.0,29378200,107501000.0,42518500,62362800.0
2026-04-23,272.9429016113281,255.0800018310547,338.47015380859375,658.5396728515625,414.0719909667969,199.18470764160156,706.6295776367188,373.7200012207031,33399600,39091400.0,18650300.0,11667000.0,38308000,113561800.0,56174000,93969500.0
2026-04-24,270.5771179199219,263.989990234375,343.97332763671875,674.4049682617188,422.90618896484375,207.79502868652344,712.10546875,376.29998779296875,38157100,53777400.0,26426100.0,13348300.0,27457400,214134400.0,45182000,62893300.0
2026-04-27,267.1332702636719,261.1199951171875,349.9059753417969,677.9916381835938,423.1053771972656,216.1160125732422,713.332275390625,378.6700134277344,41466800,44906800.0,28576900.0,12805200.0,30867300,187172400.0,33135900,66735800.0
2026-04-28,270.2277526855469,259.70001220703125,349.3466796875,670.7183837890625,427.5174865722656,212.68385314941406,709.8612060546875,376.0199890136719,40018900,42204400.0,27824100.0,10606800.0,30438100,180275400.0,43117400,50864400.0
2026-04-29,269.688720703125,263.0400085449219,349.5064392089844,668.5004272460938,422.746826171875,208.77279663085938,709.7515258789062,372.79998779296875,30047900,72367900.0,35376300.0,18947500.0,38288300,123711800.0,41859200,45384800.0
2026-04-30,270.86663818359375,265.05999755859375,384.3232421875,611.3433837890625,406.1341552734375,199.1148681640625,716.8132934570312,381.6300048828125,91848200,100974900.0,72040000.0,52765000.0,70909400,225239200.0,67240900,51076000.0
2026-05-01,279.6409606933594,268.260009765625,385.2121887207031,608.1863403320312,412.76727294921875,197.9974365234375,718.7982177734375,390.82000732421875,79915400,50825200.0,30105200.0,21404000.0,31372400,128647000.0,43049800,65338300.0
2026-05-04,276.33685302734375,272.04998779296875,382.7751770019531,609.8447875976562,411.9505615234375,198.02734375,716.1649780273438,392.510009765625,46668400,49083700.0,26298600.0,16203900.0,28066500,125368100.0,51950600,48765100.0
2026-05-05,283.67376708984375,273.54998779296875,387.9487609863281,604.3998413085938,409.7196044921875,196.05186462402344,721.9102172851562,389.3699951171875,49311700,41908500.0,23878600.0,17171300.0,25700900,113406600.0,36933200,47780600.0
2026-05-06,286.9978332519531,274.989990234375,397.546875,612.3125,412.2891845703125,207.3560333251953,731.9443359375,398.7300109863281,58336100,44552000.0,31308500.0,19915500.0,30285900,188362800.0,53288900,53465400.0
2026-05-07,286.9279479980469,271.1700134277344,397.4969177246094,616.2388305664062,419.07171630859375,211.01766967773438,729.7001342773438,411.7900085449219,45224300,35892900.0,24433500.0,12307400.0,34942400,168307900.0,51724600,64294200.0
2026-05-08,292.7974853515625,272.67999267578125,400.3034362792969,609.0654907226562,413.44451904296875,214.709228515625,735.724609375,428.3500061035156,52692800,34732700.0,21461800.0,13557000.0,33383800,136421400.0,47227100,65050000.0
2026-05-11,292.42779541015625,268.989990234375,388.1585388183594,598.3054809570312,410.99444580078125,218.93955993652344,737.4002685546875,445.0,42247300,38176700.0,30753700.0,15940600.0,35657900,160685800.0,44024000,78376100.0
2026-05-12,294.54595947265625,265.82000732421875,386.8701171875,602.441650390625,406.1241760253906,220.27650451660156,736.2831420898438,433.45001220703125,45748100,36776200.0,26017500.0,11351600.0,38594200,159176600.0,54185300,60569300.0
2026-05-13,298.6124572753906,270.1300048828125,402.1211853027344,616.0590209960938,403.57452392578125,225.3149871826172,740.4025268554688,445.2699890136719,52684300,39670900.0,28144600.0,14634400.0,29667100,150405400.0,44200200,68283200.0
2026-05-14,297.9530334472656,267.2200012207031,400.5731201171875,617.8573608398438,407.7774658203125,235.202392578125,746.2474975585938,443.29998779296875,35324900,31338400.0,21136700.0,10651200.0,27077500,180782900.0,45307600,46070400.0
2026-05-15,299.9713134765625,264.1400146484375,396.2884216308594,613.6612548828125,420.2170715332031,224.80615234375,737.2706298828125,422.239990234375,54862800,40770300.0,20309700.0,13272600.0,50771200,180977600.0,60410800,52688700.0
2026-05-18,297.5833435058594,264.8599853515625,396.4482421875,610.64404296875,421.83056640625,221.81300354003906,736.751953125,409.989990234375,34483000,33690800.0,26837200.0,13772400.0,32564100,146280900.0,47843900,52474200.0
2026-05-19,298.7123718261719,259.3399963378906,387.1797180175781,602.052001953125,415.7352600097656,220.1068878173828,731.8446044921875,404.1099853515625,42243600,40340700.0,39545700.0,11749900.0,33018700,140948200.0,54255900,46500600.0
2026-05-20,301.98956298828125,265.010009765625,388.4281921386719,604.499755859375,419.36053466796875,222.9603729248047,739.3452758789062,417.260009765625,38229800,34933200.0,31744400.0,11329700.0,27864000,184201600.0,45768000,45294700.0
2026-05-21,304.7271728515625,268.4599914550781,387.1797180175781,606.8175659179688,418.3025207519531,219.0093994140625,740.8114624023438,417.8500061035156,42965100,36591700.0,24852800.0,13476100.0,31393500,203381800.0,43332200,42636900.0
2026-05-22,308.55389404296875,266.32000732421875,382.49554443359375,609.6949462890625,417.7835388183594,214.83892822265625,743.7239990234375,426.010009765625,43670200,27535500.0,20442100.0,11688600.0,22390300,169275700.0,41762000,46104700.0
2026-05-26,308.0643005371094,265.2900085449219,388.3982238769531,611.7730102539062,415.248291015625,214.37001037597656,748.6613159179688,433.5899963378906,48000500,38028100.0,27747400.0,12234200.0,30398000,187202600.0,41123600,45658900.0
2026-05-27,310.5821533203125,271.8500061035156,388.3482666015625,634.6718139648438,411.8946228027344,212.1151580810547,748.5316162109375,440.3599853515625,50430900,40061900.0,23087300.0,23143600.0,28901500,167601200.0,42106300,44656500.0
2026-05-28,312.24072265625,274.0,389.64666748046875,634.7017211914062,426.18768310546875,213.7613983154297,752.6609497070312,442.1000061035156,48220400,40630400.0,24357500.0,16772400.0,47250500,143996000.0,41562600,32435000.0
2026-05-29,311.7911071777344,270.6400146484375,379.8687744140625,631.92431640625,449.3940124511719,210.6584930419922,754.5361328125,435.7900085449219,70026800,54749600.0,44415800.0,19806500.0,79654400,289410600.0,55075700,45176800.0
2026-06-01,306.0460510253906,261.260009765625,375.9037170410156,599.9139404296875,459.6546936035156,223.8483428955078,756.5908203125,415.8800048828125,48849900,53604400.0,28672100.0,29138800.0,53628900,212850700.0,43634900,44937900.0
2026-06-02,314.92840576171875,256.5199890136719,361.4017028808594,597.0765991210938,440.48077392578125,222.3118438720703,757.6182250976562,423.739990234375,44534700,41811000.0,50412300.0,18252000.0,37036800,193362900.0,31581900,37596000.0
2026-06-03,309.9926452636719,250.02000427246094,358.54522705078125,622.4031372070312,426.53704833984375,214.26025390625,752.3018798828125,423.70001220703125,50836700,51394200.0,55441600.0,23020100.0,39037000,160907000.0,51402500,44500700.0
2026-06-04,310.9618225097656,253.7899932861328,371.7288818359375,626.9888916015625,427.2456970214844,218.4156036376953,755.1445922851562,418.45001220703125,44869100,35609800.0,44055500.0,21469200.0,26899500,169022200.0,49923000,35323300.0
2026-06-05,307.0751647949219,246.02999877929688,368.07342529296875,592.450927734375,415.8870849609375,204.87075805664062,735.65478515625,391.0,65310500,55607800.0,37471200.0,30091600.0,34782200,219655500.0,93989400,63420200.0
2026-06-08,301.2801818847656,245.22000122070312,363.0766296386719,584.8479614257812,410.9663391113281,208.40679931640625,737.3204345703125,408.95001220703125,77949100,33899500.0,27942500.0,19512400.0,32086700,138372800.0,49319100,50328800.0
2026-06-09,290.29962158203125,244.19000244140625,364.0260314941406,584.0487060546875,402.6520080566406,207.95730590820312,735.1560668945312,396.67999267578125,70108800,44425400.0,29535100.0,16977400.0,35317300,180962500.0,87683500,59940200.0
2026-06-10,291.3287353515625,238.0,356.1510925292969,570.4512939453125,396.61334228515625,200.19598388671875,723.56591796875,381.5899963378906,52793300,38590200.0,32357100.0,17064000.0,32576000,161746600.0,60341300,49695600.0
2026-06-11,295.375244140625,241.50999450683594,357.5401611328125,567.9036254882812,389.6065673828125,204.64100646972656,735.8642578125,399.1499938964844,42572500,41335400.0,35538200.0,17628000.0,47224100,158643200.0,86330500,45324300.0
2026-06-12,290.879150390625,238.5500030517578,359.4489440917969,566.4549560546875,390.00579833984375,204.96066284179688,739.843994140625,406.42999267578125,38742100,51186600.0,24704600.0,14326400.0,34865800,112001800.0,57079500,63514500.0
2026-06-15,296.1645812988281,246.02000427246094,369.1127624511719,593.47998046875,399.0088806152344,212.21253967285156,752.890380859375,411.1499938964844,45732600,41711600.0,27727500.0,17653300.0,32266400,149936700.0,60176400,45620500.0
2026-06-16,298.9821472167969,246.0,373.01025390625,600.2100219726562,393.0899963378906,207.1781768798828,748.4019775390625,404.6600036621094,39874400,35187400.0,24876100.0,11344400.0,31506800,125694100.0,67093100,40255500.0
2026-06-17,295.6949768066406,237.5,363.55633544921875,567.5800170898438,378.1980285644531,204.42124938964844,739.0560302734375,396.3800048828125,42745100,44780800.0,24543600.0,20478300.0,41987800,128363500.0,85945200,43534300.0
2026-06-18,297.7532043457031,244.38999938964844,367.7935791015625,577.219970703125,378.6871032714844,210.4545135498047,746.739990234375,400.489990234375,85962200,75624400.0,44470100.0,28824600.0,59714200,241272000.0,80875700,58384700.0
2026-06-22,296.75408935546875,232.7899932861328,349.45538330078125,563.8499755859375,366.6497802734375,208.41677856445312,744.3900146484375,405.04998779296875,44879900,68388500.0,52814800.0,15405500.0,45171100,122041400.0,46628100,47819500.0
2026-06-23,294.04638671875,234.11000061035156,345.90765380859375,562.2000122070312,373.23736572265625,199.81640625,733.5800170898438,381.6099853515625,52010900,60492600.0,34007700.0,13103300.0,40647600,153496200.0,66846800,50420200.0
2026-06-24,292.8274230957031,234.27000427246094,345.0682067871094,557.6699829101562,364.7733154296875,198.77757263183594,733.239990234375,375.5299987792969,53081900,70282600.0,44997300.0,13963600.0,44509900,151810700.0,57439500,37081400.0
2026-06-25,274.91290283203125,227.00999450683594,343.48919677734375,542.8699951171875,352.1670227050781,195.52122497558594,734.2999877929688,375.1199951171875,107013700,77674100.0,44491400.0,16968600.0,66179000,149550000.0,53934400,30138800.0
2026-06-26,283.53546142578125,232.69000244140625,337.17327880859375,550.25,372.2691955566406,192.31480407714844,728.989990234375,379.7099914550781,261775500,248372100.0,114706300.0,18867700.0,186201600,179304100.0,71034000,53434100.0
2026-06-29,281.4972229003906,240.13999938964844,353.4228210449219,562.5999755859375,367.8774719238281,194.7520751953125,741.0,411.8399963378906,66427000,77619200.0,34213900.0,15011400.0,51229900,148835700.0,58035200,57645800.0
2026-06-30,289.11065673828125,238.33999633789062,357.14044189453125,563.2899780273438,372.319091796875,199.86634826660156,746.77001953125,420.6000061035156,65100200,66228300.0,35237200.0,18111100.0,44945700,166476700.0,55626000,43385600.0
2026-07-01,294.1263427734375,241.6999969482422,360.97796630859375,612.9099731445312,383.5579528808594,197.35916137695312,745.760009765625,425.29998779296875,50164200,53829900.0,26736400.0,45536300.0,48065800,146147600.0,47100900,40127900.0
2026-07-02,308.3640441894531,242.6699981689453,359.6788024902344,582.9000244140625,389.7562561035156,194.61224365234375,744.780029296875,393.45001220703125,75352800,48246400.0,25974800.0,21705900.0,42128900,142068700.0,57447800,73717700.0
2026-07-06,312.3905944824219,244.16000366210938,366.2245788574219,600.2899780273438,386.0133056640625,195.33143615722656,751.280029296875,419.7699890136719,53590000,40044000.0,26915800.0,17674100.0,34224500,108999000.0,50673300,54727900.0
2026-07-07,310.3923034667969,245.97999572753906,366.7942199707031,615.5800170898438,388.109375,196.7098846435547,747.7100219726562,402.8999938964844,42490000,40579600.0,24045600.0,18560800.0,29297500,124154600.0,43721500,38149900.0
2026-07-08,313.1199645996094,243.6199951171875,361.6875305175781,603.1199951171875,382.6197204589844,203.891845703125,745.4000244140625,394.05999755859375,41323500,29653000.0,22094800.0,13606500.0,25908300,147419100.0,43767400,33844900.0
2026-07-09,315.947509765625,247.0399932861328,358.65948486328125,631.47998046875,383.6377868652344,202.5533447265625,751.7100219726562,406.54998779296875,48124500,38091700.0,24729100.0,26579700.0,31083200,132037400.0,41441700,37835000.0
2026-07-10,315.0483093261719,245.33999633789062,356.9505615234375,669.2100219726562,384.37640380859375,210.72421264648438,754.9500122070312,407.760009765625,34132300,31654000.0,18146100.0,40608900.0,24644600,148421000.0,42191300,33410000.0
2026-07-13,317.03656005859375,247.30999755859375,352.2835693359375,656.72998046875,390.2553405761719,203.30250549316406,749.1699829101562,394.760009765625,43257800,34636100.0,15901700.0,19840700.0,28914900,121411000.0,44013600,32809200.0
2026-07-14,314.58868408203125,247.49000549316406,359.2790832519531,661.0399780273438,384.20672607421875,211.5632781982422,751.8300170898438,396.17999267578125,36336800,30108100.0,18259400.0,16748200.0,27863900,124379600.0,35143100,23385000.0
2026-07-15,327.2178039550781,254.9600067138672,370.6817626953125,681.3099975585938,394.8866271972656,212.26248168945312,754.8099975585938,394.4599914550781,60957600,45240600.0,28284600.0,19003400.0,36253700,124797200.0,43844800,31549800.0
2026-07-16,332.97283935546875,249.88999938964844,354.2322998046875,664.5399780273438,400.3463439941406,207.16818237304688,750.719970703125,391.05999755859375,62970600,45343700.0,41158500.0,15816000.0,37047400,122986100.0,46409800,29269100.0
2026-07-17,333.452392578125,247.22999572753906,346.5472412109375,646.010009765625,393.08001708984375,202.58331298828125,743.2899780273438,380.8399963378906,63407100,43572400.0,29959300.0,22267900.0,33049800,144281900.0,62651000,31394600.0
2026-07-20,326.3085632324219,249.99000549316406,351.7638854980469,645.8499755859375,401.53411865234375,203.05279541015625,742.0900268554688,369.57000732421875,53468000,32406500.0,24736600.0,10225200.0,27915800,88701500.0,50422300,33901500.0
2026-07-21,327.45758056640625,247.5500030517578,346.927001953125,643.8099975585938,397.00262451171875,207.0583038330078,748.280029296875,378.92999267578125,41338900,27732100.0,23369800.0,9140500.0,24126600,108685600.0,34324300,32735300.0
2026-07-22,325.60919189453125,244.85000610351562,341.8702392578125,627.1699829101562,389.6065673828125,211.82298278808594,747.4099731445312,374.010009765625,38755900,34112700.0,39334100.0,11019600.0,28142500,137645600.0,32836200,30646100.0
2026-07-23,321.3828430175781,233.66000366210938,317.4859313964844,606.0999755859375,380.8630065917969,208.5266571044922,738.1799926757812,319.69000244140625,40840800,47465300.0,69419700.0,15494800.0,30351800,110505300.0,55437300,115606400.0
2026-07-24,332.7330322265625,232.11000061035156,319.53460693359375,595.1900024414062,380.9828186035156,206.6088104248047,738.9299926757812,313.0299987792969,47489400,35017400.0,31806600.0,11503500.0,27659400,114836800.0,44782000,62760000.0
2026-07-27,336.61968994140625,231.38999938964844,326.3502197265625,593.8699951171875,388.368896484375,196.2903594970703,739.0900268554688,309.2200012207031,49604300,34999500.0,28471600.0,11195300.0,27856200,154353700.0,41461200,44919400.0
2026-07-28,339.78692626953125,230.86000061035156,333.4956359863281,593.4099731445312,392.61090087890625,196.789794921875,740.8599853515625,307.44000244140625,51859000,44521600.0,29511900.0,12009300.0,32367500,134111500.0,47322200,39802400.0
2026-07-29,337.8985900878906,226.64999389648438,336.49371337890625,585.6099853515625,389.8061828613281,189.79762268066406,729.4600219726562,298.32000732421875,56090800,44957500.0,27501600.0,22371100.0,47209000,147680800.0,70697200,39478000.0
2026-07-30,333.1426696777344,235.5,333.4456787109375,539.030029296875,450.2524108886719,194.82199096679688,741.6900024414062,308.8500061035156,74817800,101839800.0,30168000.0,42271500.0,110160700,129010200.0,66811300,38005400.0
2026-07-31,308.6438293457031,271.5799865722656,355.9012451171875,556.7100219726562,463.8468017578125,200.52561950683594,747.030029296875,311.2099914550781,132489100,129054800.0,46498000.0,24261500.0,60846000,139961200.0,62445900,36630600.0
2026-08-03,303.1585693359375,284.0199890136719,373.27008056640625,590.239990234375,486.73370361328125,206.40904235839844,757.6699829101562,322.0799865722656,75052000,90830200.0,38669700.0,25938100.0,66762100,128406900.0,59927500,38281400.0
2026-08-04,309.1134033203125,277.4200134277344,377.40740966796875,587.9400024414062,491.884033203125,211.70310974121094,771.3300170898438,327.3500061035156,68001000,69748100.0,35705700.0,17959200.0,50455500,134922000.0,69154800,33318300.0
2026-08-05,310.7320251464844,272.6499938964844,362.1971740722656,588.77001953125,486.5440673828125,218.9749755859375,769.7899780273438,321.54998779296875,49438800,45119800.0,46926300.0,14897200.0,33388900,158187400.0,44689100,27820800.0
2026-08-06,312.14080810546875,272.260009765625,357.52020263671875,589.9000244140625,498.9207458496094,218.7452392578125,768.5599975585938,319.5299987792969,46139900,30672900.0,25235900.0,11811500.0,36441500,113940600.0,38416900,26033800.0
2026-08-07,313.05999755859375,274.4800109863281,354.0723876953125,592.0999755859375,499.0505065917969,223.70968627929688,773.260009765625,328.5799865722656,34437200,33861400.0,19859900.0,11250300.0,28846200,105669400.0,43586300,39492300.0
2026-08-10,308.260009765625,278.0899963378906,357.29034423828125,594.9199829101562,505.109130859375,217.3068389892578,773.030029296875,330.8800048828125,44812500,35731900.0,18991400.0,14967300.0,31206100,115846600.0,39249500,25003800.0
2026-08-11,304.9100036621094,272.2699890136719,343.5791320800781,599.1199951171875,502.86334228515625,217.25689697265625,770.5599975585938,332.80999755859375,37476700,31895700.0,29081800.0,13146900.0,23049800,101273100.0,36740600,23345200.0
2026-08-12,302.25,267.2799987792969,343.3193359375,578.8499755859375,491.5047302246094,223.8395233154297,772.489990234375,327.510009765625,41657800,29941100.0,25012000.0,16186900.0,29001500,108783600.0,33179100,28698900.0
2026-08-13,305.260009765625,265.1300048828125,346.13751220703125,594.969970703125,495.9463806152344,225.04818725585938,777.8800048828125,339.9599914550781,40349300,32170200.0,17866100.0,11164200.0,23039000,98867200.0,35634500,34708300.0
2026-08-14,305.92999267578125,262.6499938964844,345.67779541015625,589.8499755859375,494.4691467285156,224.90834045410156,776.3400268554688,342.2699890136719,28229400,27251700.0,17808600.0,8758000.0,16217600,75680900.0,31367900,45437100.0
2026-08-17,305.5899963378906,261.30999755859375,343.7790222167969,568.969970703125,479.44744873046875,224.7584991455078,772.6699829101562,339.29998779296875,38169300,43896500.0,18291300.0,17225600.0,29635800,93678700.0,34356600,26037100.0
2026-08-18,310.0299987792969,259.45001220703125,343.9789123535156,543.6699829101562,480.72503662109375,219.49440002441406,767.4500122070312,336.8699951171875,53424500,33171300.0,19248800.0,27094900.0,24087600,103128200.0,43920900,27994500.0
2026-08-19,316.8299865722656,265.8399963378906,344.4985656738281,546.030029296875,483.3999938964844,217.31683349609375,769.0599975585938,351.1199951171875,50505600,35762400.0,19733800.0,16971700.0,19961900,96797300.0,40306000,36735400.0
2026-08-20,311.29998779296875,260.1099853515625,340.451171875,545.8300170898438,481.1499938964844,216.60763549804688,762.5999755859375,345.1300048828125,40959200,28374100.0,18570400.0,13872200.0,20020800,92457000.0,45520300,30766400.0
2026-08-21,309.3500061035156,258.6300048828125,344.5985107421875,549.9000244140625,483.239990234375,214.48001098632812,765.719970703125,362.8599853515625,46876800,35723000.0,20849800.0,13848000.0,22510800,98869300.0,39188700,59224000.0
2026-08-24,310.3399963378906,262.07000732421875,347.83642578125,559.02001953125,487.30999755859375,208.24697875976562,763.469970703125,348.95001220703125,34673600,28070500.0,26338200.0,12990600.0,17230800,135187300.0,32430900,39190500.0
2026-08-25,309.8999938964844,261.05999755859375,346.73712158203125,570.0499877929688,491.7099914550781,212.81187438964844,765.9099731445312,350.25,25869800,25550200.0,20649700.0,9769100.0,19519000,122309000.0,27422300,29816700.0
2026-08-26,313.45001220703125,260.2799987792969,341.7803039550781,576.1400146484375,496.3699951171875,209.4256591796875,766.0800170898438,345.82000732421875,34024500,21528400.0,20420300.0,31416300.0,20758900,179900000.0,28751600,28573000.0
2026-08-27,314.5799865722656,256.260009765625,340.4311828613281,571.0999755859375,505.05999755859375,227.7251739501953,771.0999755859375,354.80999755859375,32419200,35927800.0,23391400.0,15221400.0,28688800,298909800.0,34557100,30136200.0
2026-08-28,319.70001220703125,266.42999267578125,346.36737060546875,578.02001953125,513.530029296875,217.3068389892578,769.3499755859375,348.75,38649400,49547400.0,25347200.0,16042400.0,29207300,195116400.0,36744300,32972200.0
2026-08-31,316.8500061035156,259.7699890136719,339.13201904296875,572.3400268554688,507.2900085449219,220.53323364257812,767.0499877929688,367.95001220703125,41242700,46089400.0,33493600.0,13383800.0,27208900,124702700.0,38810800,61732300.0
2026-09-01,325.1300048828125,254.9199981689453,334.8047790527344,578.5399780273438,501.0199890136719,217.1969757080078,761.780029296875,356.0899963378906,53167400,31700100.0,23342700.0,15796900.0,21046900,109756200.0,41126300,36193900.0
2026-09-02,324.9599914550781,254.97999572753906,336.9034423828125,592.8499755859375,496.82000732421875,224.1591796875,765.1599731445312,357.010009765625,33776400,24013300.0,22582300.0,16552700.0,15336100,157104700.0,29566200,33951900.0
2026-09-03,328.2099914550781,258.8999938964844,342.260009765625,610.6799926757812,510.1199951171875,228.1946563720703,773.1699829101562,376.3699951171875,37225800,26891500.0,20726900.0,19737100.0,24125900,134681600.0,43531600,63601000.0
2026-09-04,319.9700012207031,258.510009765625,338.4599914550781,616.77001953125,499.70001220703125,230.10252380371094,770.1900024414062,354.0799865722656,39606900,30749900.0,23189300.0,15966200.0,18101800,135352400.0,34054200,65018200.0
2026-09-08,316.2200012207031,256.9700012207031,338.3599853515625,613.47998046875,493.95001220703125,225.47769165039062,765.9600219726562,368.1600036621094,35477100,29398000.0,22915800.0,18909700.0,18882300,122965600.0,44746100,51078800.0
2026-09-09,315.3399963378906,252.39999389648438,330.6499938964844,653.6900024414062,491.6499938964844,223.4199981689453,762.4000244140625,367.80999755859375,65640000,33055500.0,33151600.0,35900700.0,12889600,82955500.0,32812400,32564300.0
2026-09-10,326.57000732421875,251.88999938964844,332.6000061035156,644.3800048828125,492.44000244140625,218.36000061035156,757.8300170898438,363.55999755859375,70011900,25484800.0,23557600.0,21531900.0,16038800,105768000.0,42740400,29667200.0
2026-09-11,332.2699890136719,256.7799987792969,338.5,648.030029296875,495.6300048828125,218.2899932861328,764.2899780273438,365.44000244140625,50716900,26724100.0,24708300.0,16925000.0,14510500,89060100.0,45512700,30153000.0
2026-09-14,333.0799865722656,253.5399932861328,349.3900146484375,665.5999755859375,505.4100036621094,210.9600067138672,760.8800048828125,358.9700012207031,39269100,34352800.0,35905400.0,19332300.0,23091900,132267200.0,43992400,32477200.0
2026-09-15,331.3399963378906,248.4199981689453,344.9800109863281,670.239990234375,497.1199951171875,212.1699981689453,757.3900146484375,356.5799865722656,31748200,36275400.0,21928600.0,19502800.0,17794600,88059700.0,46195000,30317700.0
2026-09-16,332.4100036621094,245.9600067138672,342.8699951171875,673.3099975585938,490.29998779296875,213.89999389648438,754.0499877929688,358.0799865722656,35920400,33318500.0,18860000.0,17168100.0,16612700,96079300.0,58959700,32031100.0
